chain_anchor_id,evo_level,race_id,race_name
3,0,1,兔小子
3,18,2,犀利兔
3,36,3,大师兔
6,0,4,吉拉
6,18,5,吉拉狮
6,36,6,爆焰吉拉
9,0,7,滴滴
9,18,8,露滴
9,36,9,露西亚
12,0,10,朵朵兔
12,16,11,雪咪兔
12,32,12,寒冰玉兔
15,0,13,炎蘑菇
15,16,14,熔炎怪
15,32,15,埃拉多夫
18,0,16,闪光河豚
18,16,17,电击河豚
18,32,18,霹雳河豚
21,0,19,半沙之子
21,16,20,半沙拳手
21,32,21,半沙斗士
24,0,22,小花苞
24,16,23,小花蝶
24,32,24,花冠狮
27,0,25,依灵
27,18,26,依舞
27,36,27,依诗
30,0,28,变色蜥蜴
30,18,29,变色刺龙
30,36,30,变色角龙
33,0,31,大嘴鲨
33,18,32,巨齿鲨
33,36,33,鲨鱼王
36,0,34,小石怪
36,18,35,隆咚石
36,36,36,震天石人
39,0,37,小伊莎
39,18,38,伊莎贝尔
39,36,39,伊莎女王
42,0,40,小角虫
42,18,41,木角虫
42,36,42,独角仙
45,0,43,小冰犬
45,18,44,冰角犬
45,36,45,飞天犬
48,0,46,火丁
48,18,47,火霍仔
48,36,48,火巨人
51,0,49,克林
51,18,50,克林纳
51,36,51,奥特克林
54,0,52,毛毛球
54,16,53,绒绒
54,32,54,白古丁
57,0,55,小鼠蝠
57,16,56,尖翼蝠
57,32,57,黑蝠王
60,0,58,扭扭
60,20,59,扭扭蛇
60,40,60,扭扭大王
63,0,61,库多兽
63,20,62,库多
63,40,63,库斯特
66,0,64,小火炉
66,20,65,火炉怪
66,40,66,摩格
69,0,67,乌拉
69,20,68,乌可拉
69,40,69,乌歌拉
72,0,70,斯多鼠
72,20,71,斯多恩
72,40,72,斯多王
75,0,73,可拉蟹
75,20,74,哥拉蟹
75,40,75,歌拉迪
78,0,76,盼盼
78,18,77,铁甲盼盼
78,36,78,铁甲卫士
81,0,79,六眼灵
81,20,80,夜眼怪
81,40,81,夜眼风魔
84,0,82,木木鸟
84,20,83,琉璃鸟
84,40,84,蓝鹰斗士
87,0,85,艾司
87,20,86,冰刺艾司
87,40,87,冰拳艾司
90,0,88,圆角羊
90,20,89,锐角羊龙
90,40,90,沙麒麟
93,0,91,木面仔
93,20,92,木面人
93,40,93,木面侠
96,0,94,库巴
96,20,95,坚壳库巴
96,40,96,金刚库巴
99,0,97,火宝宝
99,20,98,小火娃
99,40,99,火花龙
102,0,100,合金铁人
102,20,101,合金战士
102,40,102,合金猛将
105,0,103,赤月
105,20,104,红霜月
105,40,105,神武月
108,0,106,小黄蜂
108,20,107,赤眼黄蜂
108,40,108,利刺大黄蜂
111,0,109,炎风
111,20,110,无炎
111,40,111,战无炎
114,0,112,小时
114,20,113,时间守卫
114,40,114,时间之神
118,,118,骑士战马
119,,119,鲁阿鲁
120,,120,福气熊猫
123,0,121,机甲护卫
123,20,122,机甲战士
123,40,123,机甲勇士
126,0,124,圆尾蝎
126,20,125,刺锤蝎
126,40,126,蝎子王
129,0,127,贝拉
129,20,128,洁羽贝拉
129,40,129,彩羽贝拉
132,0,130,卡伦
132,20,131,坚翼卡伦
132,40,132,暗夜卡伦
135,0,133,魅影娃娃
135,20,134,魅影幽灵
135,40,135,魅影魔
138,0,136,毛毛
138,20,137,嘻哈鸟
138,40,138,小翼鸟
141,0,139,先锋小子
141,20,140,冲刺先锋
141,40,141,音速先锋
144,0,142,冰蓝蓝
144,18,143,冰雾蓝
144,36,144,雪雾怪
147,0,145,绿叶鹿
147,20,146,桃花鹿
147,40,147,芭比鹿
150,0,148,小白方
150,20,149,数码魔方
150,40,150,冲锋魔方
153,0,151,嘟嘟
153,20,152,雷云嘟嘟
153,40,153,雷云狮
156,0,154,闪电球
156,20,155,闪电星
156,40,156,霹雳星
159,0,157,大眼仔
159,18,158,鬼脸仔
159,36,159,电击拳仔
162,0,160,扁扁
162,20,161,电扁扁
162,40,162,法拉帝
165,0,163,托雷
165,20,164,托尔索
165,40,165,雷鸣托尔索
168,0,166,乌羽
168,20,167,乌羽飞雀
168,40,168,神杖执事
171,0,169,妞妞
171,20,170,雅妞
171,40,171,雅夫人
174,0,172,小木龙
174,20,173,积木龙
174,40,174,赤炎战斗龙
177,0,175,七彩小丑
177,20,176,扑克小丑
177,40,177,骰子大王
180,0,178,幽幽猫
180,20,179,幽翼猫
180,40,180,夜一
183,0,181,海马小兵
183,20,182,海马刀客
183,40,183,海马剑士
186,0,184,鲁多
186,20,185,鲁纳多
186,40,186,鲁纳比克
189,0,187,小雪鹿
189,20,188,瞳彩鹿
189,40,189,犄角麋鹿
192,0,190,修普
192,20,191,修普曼
192,40,192,修普森曼
195,0,193,微光幽灵
195,20,194,夜影幽灵
195,40,195,影刃
198,0,196,卡布
198,18,197,卡布罗
198,36,198,卡布罗格
201,0,199,风雷
201,20,200,旋风雷
201,40,201,轰天雷
204,0,202,圣亚
204,20,203,圣地亚
204,40,204,圣地亚哥
207,0,205,小火猪
207,20,206,赤火猪
207,40,207,赤火野猪
208,,208,黑小问
209,,209,花冠公主
210,,210,圣甲虫
212,0,211,小火龙
212,40,212,火龙
213,,213,石像守卫
215,0,214,青龙幼灵
215,40,215,青龙灵兽
216,,216,兵蚁
217,,217,工蚁
218,,218,守护力士
219,,219,守护法师
220,,220,蚁族圣斗士
221,,221,蚁族魔斗士
222,,222,贝德威尓
223,,223,兰斯罗特
224,,224,哥拉海德
225,,225,保斯
226,0,115,小刀蚁
226,40,226,蚁将军
227,,227,变异蚁将军
230,0,228,艾尔
230,20,229,艾尔克
230,40,230,艾尔利克
233,0,231,大眼甲
233,20,232,刺头甲
233,40,233,坚盾甲
236,0,234,乌云娃娃
236,20,235,电闪娃娃
236,40,236,雷鸣女王
237,,237,尖翼蝙蝠
238,,238,阿努比斯
239,,239,狂暴天狼
240,,240,法老王
241,,241,毒菇球
242,,242,金刚蛤蟆
243,,243,下水猛鳄
244,,244,牛角滴滴
245,,245,斗魂星云棒
246,,246,斗魂星云棒
247,,247,小麦巨魔
248,,248,熔岩王
249,,249,尤莱亚
252,0,250,小龙鸟
252,20,251,龙鸟
252,40,252,恐龙鸟
255,0,253,绅士企鹅
255,20,254,嘻哈企鹅
255,40,255,活力企鹅
258,0,256,水冻宝宝
258,20,257,水冻精灵
258,40,258,水冻贝
261,0,259,木羊羊
261,20,260,卷角木羊
261,40,261,圆角木羊
264,0,262,小红灯
264,20,263,大眼黄灯
264,40,264,走马花灯
265,,265,红火兔
266,,266,绿叶熊
267,,267,黄金朵朵兔
268,,268,南瓜小怪
269,,269,威尔斯
270,,270,木人桩
271,,271,小龙人
272,,272,曼珠沙华
275,0,273,小燕子
275,20,274,燕子神偷
275,40,275,燕尾怪盗
278,0,276,赤火鸟
278,20,277,烈火鸟
278,40,278,烈焰鸟
281,0,279,书克
281,20,280,绿皮书克
281,40,281,飞行魔书
284,0,282,沙克
284,20,283,大尾沙克
284,40,284,暴风沙克
287,0,285,小铃铛
287,20,286,雪铃铛
287,40,287,雪风铃
290,0,288,小神龙
290,20,289,腾云龙
290,40,290,七星神龙
293,0,291,火耳猴
293,20,292,火焰猴
293,40,293,焚天大圣
296,0,294,木格熊
296,20,295,棕叶熊
296,40,296,棕叶战熊
299,0,297,迷你马
299,20,298,迷彩马
299,40,299,斑斓神马
300,,300,雪橇娃娃
301,,301,达鲁
302,,302,龙族重剑士
303,,303,龙族神射手
304,,304,帕克
305,,305,龙族大法师
306,,306,八爪鱼
307,,307,利飞
308,,308,无形怪
311,0,309,小八爪
311,20,310,机械八爪鱼
311,40,311,电击八爪鱼
314,0,312,冰糖
314,20,313,冰块
314,40,314,冰晶
317,0,315,莱特
317,20,316,光明莱特
317,40,317,天使莱特
318,,318,忍者橙
319,,319,科克
320,,320,雷帝神
321,,321,幽灵
322,,322,达达
323,0,3219,小梅卡
323,40,323,梅卡
324,,324,钢铁达鲁
325,,325,巨人守卫
326,,326,炎魔
327,,327,月魔
328,,328,SR战士
329,,329,强袭SR
332,,332,邪恶霹雳
333,,333,钢铁科克
334,,334,组合机器人
339,0,337,小磁狗
339,20,338,霹雳狗
339,40,339,霹雳闪电狗
340,,340,机械木乃伊
343,0,341,钻头小子
343,20,342,冲锋钻
343,40,343,霸王钻
346,0,344,小乖雷格
346,20,345,神枪雷格
346,40,346,海盗雷格
349,0,347,紫怨
349,20,348,紫管狐
349,40,349,暗夜紫管狐
352,0,350,美美梦
352,20,351,梦凯琳
352,40,352,洛拉依梦
355,0,353,希希小梦
355,20,354,梦佩娅
355,40,355,梦拉丽莎
358,0,356,寒刺
358,20,357,寒莽
358,40,358,寒烈
360,,360,苹果智能炮
361,,361,风筝雷电射线
364,0,362,小鱼儿
364,20,363,巡海小鱼
364,40,364,海夜叉
365,,365,卡卡洛特
366,,366,小号卡卡
367,,367,提琴卡卡
368,,368,竖琴卡卡
369,,369,暗影甲龙
370,,370,萨克斯卡卡
371,,371,伊尼
372,,372,功夫伊尼
373,,373,工程伊尼
374,,374,科学伊尼
375,,375,邮差伊尼
378,0,376,绿叶兽
378,20,377,蓝晶绿叶兽
378,40,378,绿叶精灵
382,0,380,阿诺
382,20,381,匹诺
382,40,382,十字匹诺
383,,383,音爵卡卡
386,0,384,蘑菇小兵
386,20,385,蘑菇炮
386,40,386,冲锋蘑菇炮
387,,387,玄武幼灵
388,,388,玄武灵兽
391,0,389,蓝灯
391,20,390,蓝威
391,40,391,蓝色酷波
394,0,392,小犀
394,20,393,犀牛小怪
394,40,394,犀牛战豪
397,0,395,丁丁
397,20,396,幽幽灵
397,40,397,红发战灵
398,0,379,托比
398,40,398,托马斯
399,,399,寒风云
400,,400,迅猛龙
401,,401,梁龙
402,,402,翼龙
403,,403,鱼龙
404,,404,霸王龙
405,,405,星辰毁灭者
408,0,406,粉嘟嘟
408,20,407,水蓝龙
408,40,408,青翼绿龙
411,0,409,小白狗
411,18,410,卡拉酱
411,36,411,卡拉
414,0,412,圈圈牛
414,20,413,火焰牛仔
414,40,414,火云牛斗士
415,0,413,火焰牛仔
415,16,414,火云牛斗士
415,32,415,埃黑多夫
418,0,416,山脉小子
418,20,417,山脉之子
418,40,418,山脉之魂
421,0,419,
421,16,420,
421,32,421,冰沙斗士
424,0,422,小小鸟
424,20,423,带刀小鸟
424,40,424,鸟族武士
427,0,425,星星甲虫
427,20,426,翼甲虫
427,40,427,星光角斗士
430,0,428,黑白小兵
430,20,429,黑白护卫
430,40,430,黑白国王
433,0,431,伊蓝
433,20,432,伊雾
433,40,433,伊雾女王
436,0,434,黑暗精灵
436,20,435,黑暗巡者
436,40,436,黑暗守卫
439,0,437,月鸟
439,20,438,明月鸟
439,40,439,皓月鸟
442,0,440,月月鸟
442,20,441,大鹏鸟
442,40,442,巨翅金鹏
445,0,443,小嘟
445,20,444,嘟嘟护法
445,40,445,嘟嘟长老
446,,446,土拨鼠
447,,447,土拨鼠机器人
448,0,446,土拨鼠
448,18,447,土拨鼠机器人
448,36,448,冰火巨人
451,0,449,小飞象
451,20,450,飞飞象
451,40,451,长耳飞象
454,0,452,布鲁蟹
454,20,453,凌厉蟹
454,40,454,格林双枪蟹
457,0,455,泡泡
457,20,456,水珠泡泡
457,40,457,肥皂泡泡
460,0,458,亚斯
460,20,459,亚斯克
460,40,460,亚帝斯克
461,,461,黑化念
462,,462,黑化巨翅金鹏
463,,463,变异库斯特
466,0,464,
466,20,465,
466,40,466,冰摩格
469,0,467,牧雷
469,20,468,雷纳
469,40,469,雷纳瑞
472,0,470,小魂鱼
472,20,471,魂光鱼
472,40,472,魂斗鱼
475,0,473,浮云娃娃
475,20,474,浮云斗士
475,40,475,浮云尊者
478,0,476,梦魇怪
478,20,477,梦魇使者
478,40,478,赤色梦魇
481,0,479,大灯
481,20,480,威波
481,40,481,酷波
484,0,482,年年兔
484,20,483,念念兔
484,40,484,魔力粉兔
487,0,485,吉祥虎
487,20,486,爆竹虎
487,40,487,尖钻虎王
490,0,488,饺子小娃
490,20,489,开心饺子
490,40,490,霸气饺子
493,0,491,小夕兽
493,20,492,关夕兽
493,40,493,年兽
496,0,494,绿叶小粽
496,20,495,粽子卫兵
496,40,496,蒙面大侠粽
499,0,497,黄金小粽
499,20,498,金色士兵
499,40,499,黄金粽总兵
500,,500,终结兔
501,,501,魔焰吉拉
502,,502,古渊露龙
503,,503,SR勇士
504,,504,先锋SR
505,,505,寒冰公主
506,,506,烈焰凤凰
509,0,507,小星猴
509,20,508,星云行者
509,40,509,星云大圣
512,0,510,原子
512,20,511,分子
512,40,512,小宇宙
514,0,513,饼饼
514,40,514,猪阿饼
516,0,515,酱酱
516,40,516,猪阿酱
519,0,517,调皮小狸
519,20,518,叛逆阿狸
519,40,519,大盗海狸
522,0,520,麦斗猪
522,20,521,麦斗队长
522,40,522,麦斗司令
523,,523,麦斗王
526,0,524,赛斯
526,20,525,塞亚斯
526,40,526,波塞亚斯
527,,527,奈乌达斯
530,0,528,暗黑蜥蜴
530,18,529,暗黑刺龙
530,36,530,暗黑角龙
533,0,531,绿翼鸟
533,20,532,两色鸟
533,40,533,犀牛鸟
536,0,534,小石妖
536,18,535,隆咚石妖
536,36,536,震天石魔
539,0,537,蓝小布
539,20,538,潜水小鲸
539,40,539,扬帆蓝鲸
542,0,540,绵绵鱼
542,20,541,星云鱼
542,40,542,彩翼飞鱼
545,0,543,小甲龙
545,20,544,铁甲龙
545,40,545,金甲龙兽
548,0,546,点点鱼
548,20,547,双箭鱼
548,40,548,蓝鳍海鲨
551,0,549,迪迪
551,20,550,迪比
551,40,551,迪奥
554,0,552,团团
554,20,553,团团猫
554,40,554,紫云长尾猫
557,0,555,小贝塔
557,20,556,河蟹贝塔
557,40,557,横行贝塔
560,0,558,暗黑扭扭
560,20,559,扭扭蛇妖
560,40,560,扭扭暗黑王
563,0,561,宝宝星
563,20,562,红宝星
563,40,563,蓝宝星
566,0,564,笑脸球球
566,20,565,独角海狮
566,40,566,利牙海狮
569,0,567,小雨滴
569,20,568,雨滴
569,40,569,雨天娃娃
571,0,570,蓝绒
571,36,571,蓝翎绒绒
574,0,572,棒球小蟹
574,20,573,牛仔小蟹
574,40,574,巨蟹魔法师
577,0,575,飞飞
577,20,576,飞飞马
577,40,577,飞云骑
580,0,578,金银球
580,20,579,小金小银
580,40,580,金银童子
583,0,581,火火狮
583,20,582,烈火狮
583,40,583,雷欧火狮
586,0,584,可可
586,18,585,可琳
586,36,586,可琳娜
589,0,587,小雷兽
589,20,588,雷兽
589,40,589,雷角兽
592,0,590,吉比
592,20,591,瑞比
592,40,592,拉比
595,0,593,三叶兽
595,20,594,花苞兽
595,40,595,花蕊精灵
598,0,596,利特
598,20,597,符利特
598,40,598,伊符利特
601,0,599,格纳
601,20,600,拉格纳
601,40,601,拉格纳罗斯
604,0,602,小念
604,20,603,幻念
604,40,604,念
605,,605,邪念
608,0,606,安德
608,20,607,安德鲁
608,40,608,安德鲁拉
609,,609,伊德鲁拉
612,0,610,卷卷羊
612,20,611,小羊驼
612,40,612,火纹羊驼
615,0,613,小蘑菇头
615,20,614,蘑菇娃娃
615,40,615,蓝魅娃娃
618,0,616,芽芽星
618,20,617,嫩芽星
618,40,618,小芽星
619,,619,雪精灵
620,,620,冰晶女巫
621,,621,冰山修罗
622,,622,冰蝠侠
624,0,623,白虎幼灵
624,40,624,白虎灵兽
627,0,625,雪糕仔
627,20,626,绿茶雪糕仔
627,40,627,樱桃雪糕仔
630,0,628,小蓝鳄
630,20,629,蓝刺鳄
630,40,630,蓝铁巨鳄
633,0,631,小威
633,20,632,威风
633,40,633,极速威锋
636,0,634,小白鸽
636,20,635,小信鸽
636,40,636,和平鸽
639,0,637,小月灵
639,20,638,弦月天灵
639,40,639,满月巨灵
641,0,640,小月兔
641,40,641,兔儿爷
642,,642,小鬼头
643,,643,魔灯鬼王
644,,644,巨斧鬼王
647,0,645,小玩具马
647,20,646,小卫兵马
647,40,647,胡桃卫兵
650,0,648,绿光兽
650,20,649,绿光小灵
650,40,650,绿光精灵
651,,651,小独角兽
652,,652,多多
653,,653,飞天独角兽
654,,654,仙林独角兽
655,,655,先哲独角兽
656,,656,铠甲独角兽
659,0,657,大眼怪
659,18,658,鬼脸怪
659,36,659,电击拳怪
662,0,660,雷亚
662,20,661,特雷亚
662,40,662,阿斯特雷亚
665,0,663,小天灵
665,20,664,玄光天灵
665,40,665,天之巨灵
668,0,666,小暗蝠
668,20,667,暗夜蝠
668,40,668,暗影夜蝠
670,0,669,小精灵鱼
670,40,670,精灵飞鱼
673,0,671,小童童
673,20,672,兵仔童童
673,40,673,勇士童童
675,0,674,丑小鸭
675,40,675,白天鹅
678,0,676,水晶小蝎
678,20,677,绿岩石蝎
678,40,678,赤砂巨蝎
679,,679,仔仔
682,0,680,小不点童心
682,20,681,童心
682,40,682,黑夜童心
685,0,683,螳螂小宝
685,20,684,利刃螳螂
685,40,685,巨镰螳螂
687,0,686,宇宙小子
687,38,687,宇宙侠
690,0,688,糖果小鬼
690,20,689,顽皮小妖
690,40,690,南瓜绅士
693,0,691,睡帽小幽灵
693,19,692,捣蛋幽灵
693,38,693,幽灵小巫
694,,694,皮皮
697,0,695,睡梦小呆
697,19,696,眯眼小呆
697,38,697,魔术小呆
698,,698,摩么卡
699,,699,魔幻摩卡
701,0,700,野绿
701,40,701,野绿战魂
704,0,702,冰封小射手
704,20,703,冰寒射手
704,40,704,冰霜射手
707,0,705,水水海豆
707,18,706,惊惊海豆
707,36,707,大力海豆
710,0,708,小海兽
710,20,709,蓝石海兽
710,40,710,紫晶海兽
711,0,335,小黑黑
711,40,711,达黑黑
712,0,336,小京京
712,40,712,白京京
715,0,713,灵龟
715,20,714,海灵龟
715,40,715,远古灵龟
720,0,718,小岩兵
720,20,719,符文岩兵
720,40,720,符文泰坦
721,,721,霹雳仔仔
722,,722,旋风皮皮
725,0,723,熊猫仔
725,20,724,熊猫小子
725,40,725,熊猫大侠
726,,726,尤亚
728,0,727,阿凯
728,40,728,凯撒
729,,729,雷霆仔仔
731,0,730,伊修
731,40,731,修罗
734,0,732,圣诞袜小兔
734,18,733,圣诞小雪兔
734,36,734,圣诞雪花兔
735,,735,护花雪兔
736,,736,赤羽修行者
737,,737,赤羽武士
738,,738,赤羽阴阳师
739,,739,赤羽忍者
741,0,740,朱雀幼灵
741,40,741,朱雀灵兽
742,,742,铁拳皮皮
744,0,743,小海妖
744,40,744,海之妖将
747,0,745,萝莉豆
747,20,746,豆豆
747,40,747,冰凌豆
750,0,748,贝克
750,20,749,贝克佩
750,40,750,贝克佩斯
753,0,751,幻虫
753,18,752,幻之蝶
753,36,753,迷幻之蝶
754,,754,游游
757,0,755,暴雪小子
757,20,756,暴雪使者
757,40,757,暴雪山神
760,0,758,摩羯小宝
760,20,759,锐角摩羯
760,40,760,圣铠摩羯
762,0,761,哈根拳手
762,36,762,哈根拳师
763,,763,小雪人
764,,764,圣诞小雪人
766,0,765,神蛋蛋
766,40,766,蛋蛋鹿
768,0,767,钢兵灵
768,40,768,超钢灵骑
769,,769,新年小雪人
771,0,770,小飞狐
771,40,771,赤影飞狐
773,0,772,元蛋蛋
773,40,773,福气蛋
775,0,774,帝龙宝宝
775,40,775,帝皇龙
778,0,776,炎
778,20,777,绯炎
778,40,778,红莲
779,,779,小黑侠
780,,780,天辉侠
781,,781,爆裂侠
782,,782,怒风侠
783,,783,霸气侠
785,0,784,铁盾豆丁
785,38,785,银盾卫士
787,0,786,六芒小宝
787,36,787,六芒守卫
788,,788,摩托游游
790,0,789,哔哔哔
790,36,790,天线哔哔哔
794,0,793,小奇灵
794,40,794,奇灵王
796,0,795,赤魔法师
796,40,796,赤魔导士
799,0,797,水瓶小娃
799,20,798,水瓶妹妹
799,40,799,水瓶莉莉
801,0,800,小小贝
801,40,801,贝贝龙
803,0,802,小兜兜
803,18,803,金圈兜兜
804,,804,战神兜兜
807,0,805,苍
807,20,806,苍染
807,40,807,苍蓝
811,0,810,汤圆圆
811,36,811,露馅汤圆
813,0,812,小萤萤
813,36,813,萤光虫
816,0,814,阿丸
816,20,815,丸少爷
816,40,816,丸将军
819,0,817,若希
819,20,818,圣光若希
819,40,819,天女若希
822,0,820,小丘丘
822,20,821,爱心丘丘
822,40,822,天使丘比特
824,0,823,礼盒小喵
824,36,824,糖心喵喵
826,0,825,阿地力
826,36,826,阿地力斯
828,0,827,小炎灵
828,40,828,炎之魔将
831,0,829,小双鱼
831,20,830,双鱼灵
831,40,831,双鱼游仙
834,0,832,小石灵
834,20,833,岩锁灵
834,40,834,巨锁石灵
836,0,835,兰亚
836,40,836,兰亚斯特
838,0,837,小红驹
838,40,838,赤兔马
840,0,839,麦提
840,40,840,神罗麦提
843,0,841,贝吉
843,20,842,贝吉塔
843,40,843,钻钻贝吉塔
845,0,844,布布兔
845,36,845,布丁兔
847,0,846,小白吐
847,40,847,大白吐
849,0,848,糖糖
849,40,849,神射手糖糖
852,0,850,风
852,20,851,卷风
852,40,852,碎风
853,,853,黄巾小兵
854,,854,张角
855,,855,张梁
857,0,856,木丸
857,40,857,佐佐木
859,0,858,阿缨
859,40,859,缨络
860,,860,关羽
863,0,861,啾啾啾
863,20,862,电啾啾
863,40,863,电光啾啾
865,0,864,摩摩兔
865,40,865,超T兔
868,0,866,花羊羊
868,20,867,木尔羊
868,40,868,阿瑞斯角羊
869,,869,通灵巫师
870,,870,利尾游游
872,0,871,艾一
872,40,872,白羽艾一
874,0,873,小火侠
874,40,874,火焰飞侠
876,0,875,丁灵
876,36,876,绿绒丁灵
878,0,877,咪奇奇
878,32,878,萌奇奇
880,0,879,猪小皮
880,40,880,霸气猪皮皮
882,0,881,瓜瓜鸡
882,38,882,无敌瓜瓜鸡
884,0,883,小超猪
884,40,884,猪猪超人
887,0,885,云
887,20,886,流云
887,40,887,凌云
891,0,890,刀灵
891,40,891,刀锋
894,,894,亚伦
895,,895,利克亚伦
897,0,896,贝琪
897,36,897,百变贝琪
899,0,898,小冰铠
899,40,899,冰铠力士
901,0,900,小星侠
901,40,901,星宇侠
903,0,902,地兽
903,38,903,震地巨兽
905,0,904,冰兽
905,40,905,冰爆巨兽
907,0,906,小闹钟
907,36,907,发条闹钟
910,0,908,小金牛
910,20,909,红披金牛
910,40,910,金甲战牛
912,0,911,木叶小兽
912,38,912,木叶战狮
913,,913,泽秒
914,,914,泽分
915,,915,泽时
917,0,916,小咕猫
917,36,917,咕噜猫
919,0,918,小奇奇
919,38,919,奇奇古
922,0,920,霜
922,20,921,冰霜
922,40,922,寒霜
924,0,923,小山竹
924,30,924,山竹娃娃
926,0,925,米果果
926,38,926,萌果果
928,0,927,小兵果果
928,40,928,勇士果果
931,0,929,小云
931,20,930,阿云
931,40,931,赵云
932,,932,小骑兵
934,0,933,若水
934,40,934,骑士若水
936,0,935,萧辰
936,40,936,骑士萧辰
938,0,937,瑞阳
938,40,938,骑士瑞阳
940,0,939,浩然
940,40,940,骑士浩然
942,0,941,萌萌
942,38,942,希萌
944,0,943,小风灵
944,40,944,风之灵将
946,0,945,紫小渊
946,40,946,紫渊
948,0,947,小风
948,40,948,刑风
950,0,949,飞飞机
950,36,950,喷气飞飞机
952,0,951,小布
952,40,952,布布鱼
955,0,953,小飞
955,20,954,阿飞
955,40,955,张飞
958,0,956,嘉嘉龙
958,20,957,嘉嘉龙太子
958,40,958,嘉嘉龙王
960,0,959,哈密密
960,36,960,哈密球球
962,0,961,叮叮
962,38,962,二叮
964,0,963,当当
964,38,964,瞌睡当当
967,0,965,岩
967,20,966,裂岩
967,40,967,巨岩
969,0,968,酷小勺
969,40,969,酷小星
971,0,970,冰冰
971,40,971,冰淇儿
973,0,972,小红魔
973,40,973,红魔
976,0,974,小亮
976,20,975,阿亮
976,40,976,诸葛亮
978,0,977,音符宝宝
978,32,978,音符仔
980,0,979,路比
980,38,980,路比比
982,0,981,小哆
982,40,982,哆克
984,0,983,小咪
984,40,984,咪儿
987,0,985,小羽蛇
987,20,986,羽蛇君
987,40,987,羽蛇神
989,0,988,喔喔鼓
989,32,989,电音鼓神
991,0,990,粽小小
991,36,991,粽小原
993,0,992,皮蛋蛋
993,36,993,皮蛋鸡
995,0,994,小灵龙
995,40,995,翡冷翠
997,0,996,贝儿
997,30,997,彩虹贝
998,,998,黑化病毒
999,,999,拉贝尔幻影
1000,,1000,阿努比斯
1001,,1001,变异库斯特
1002,,1002,妖态赤月
1004,0,1003,达克射击手
1004,36,1004,达克机枪手
1006,0,1005,卜卜兔
1006,36,1006,火箭卜卜兔
1008,0,1007,小木叶犬
1008,36,1008,暖风木叶犬
1010,0,1009,蝴蝶伊奴
1010,36,1010,蓝调伊奴
1012,0,1011,冥一
1012,36,1012,暗影冥一
1014,0,1013,木须刺猬
1014,36,1014,索尼克
1016,0,1015,假面考拉
1016,36,1016,超人考拉
1018,0,1017,卷尾松鼠
1018,36,1018,花轮松鼠
1020,0,1019,小红牛
1020,36,1020,冲锋神牛
1022,0,1021,电子鼠
1022,36,1022,双刃电子鼠
1024,0,1023,小炎鸟
1024,36,1024,焚炎鸟
1026,0,1025,小迅鸟
1026,36,1026,疾电鸟
1028,0,1027,紫翼小蝶
1028,36,1028,蓝蝶仙子
1030,0,1029,波音鹦鹉
1030,36,1030,超音鹦鹉
1032,0,1031,小拳袋鼠
1032,36,1032,铁拳袋鼠
1034,0,1033,小冰鸟
1034,36,1034,极冰鸟
1036,0,1035,小电鸟
1036,36,1036,狂雷鸟
1038,0,1037,火火鸡
1038,36,1038,烈火战斗鸡
1040,0,1039,小战狐
1040,36,1040,九尾战狐
1042,0,1041,豆丁钻钻鼠
1042,36,1042,重装钻钻鼠
1044,0,1043,蓝羽小燕
1044,36,1044,蓝羽海燕
1046,0,1045,星海小灵
1046,36,1046,星海舞灵
1048,0,1047,小冰鱼
1048,36,1048,寒冰鱼
1050,0,1049,箭鱼仔
1050,36,1050,箭鱼侠
1052,0,1051,小仙鹤
1052,36,1052,太极仙鹤
1054,0,1053,泡泡章鱼
1054,36,1054,泡泡炮章鱼
1056,0,1055,小风筝鱼
1056,36,1056,蓝冰魔鬼鱼
1058,0,1057,扛炮小龟
1058,36,1058,重炮龙龟
1060,0,1059,火焰海马
1060,36,1060,烈焰海马
1062,0,1061,铁甲小豚
1062,36,1062,坚甲河豚
1064,0,1063,小沙豹
1064,36,1064,潜沙豹
1066,0,1065,小霹雳犬
1066,36,1066,疾风霹雳犬
1068,0,1067,岩狮
1068,36,1068,狂战岩狮
1070,0,1069,冰冰熊
1070,36,1070,巨冰熊
1072,0,1071,小飞燕
1072,36,1072,飞飞燕
1074,0,1073,雷电企鹅
1074,36,1074,超电流企鹅
1076,0,1075,忍者小浣熊
1076,36,1076,忍者神猫
1078,0,1077,罗宾
1078,38,1078,罗宾斯
1080,0,1079,芽喵喵
1080,38,1080,野战喵
1082,0,1081,奇奇
1082,40,1082,奥奇
1084,0,1083,小战灵
1084,40,1084,战武巨神
1086,0,1085,小绿焰
1086,40,1086,绿焰
1093,0,1091,斗
1093,20,1092,斗将
1093,40,1093,斗神
1095,0,1094,呆呆狼
1095,32,1095,刀刀狼
1097,0,1096,小柠檬
1097,36,1097,柠檬果茶
1099,0,1098,小蜜桃
1099,36,1099,蜜桃果茶
1101,0,1100,ET
1101,40,1101,飞天ET
1103,0,1102,蓝怪怪
1103,40,1103,蓝小魔
1105,0,1104,小跳
1105,40,1105,淘小跳
1108,0,1106,吕小布
1108,20,1107,阿布
1108,40,1108,吕布
1110,0,1109,黑泽
1110,40,1110,黑尼尔
1112,0,1111,刀刀
1112,36,1112,飞刀超人
1114,0,1113,圆咕噜
1114,36,1114,皮噜噜
1116,0,1115,丁亚
1116,36,1116,迪亚
1118,0,1117,小影
1118,40,1118,幻影
1120,0,1119,小刃侠
1120,40,1120,冰刃侠
1122,0,1121,洛洛
1122,42,1122,狼王迪洛斯
1124,0,1123,小夜
1124,40,1124,夜王狄米特
1126,0,1125,妙妙
1126,40,1126,星妙
1129,0,1127,皮皮马
1129,20,1128,千里马
1129,40,1129,马王子
1131,0,1130,小麦
1131,36,1131,神气小麦
1133,0,1132,钱小多
1133,38,1133,钱多多
1134,,1134,白羽公主
1136,0,1135,小星星
1136,36,1136,阿啦星
1139,0,1137,炎羽兽
1139,20,1138,炽羽兽
1139,38,1139,炽羽火燕
1142,0,1140,幻
1142,20,1141,幻夜
1142,40,1142,幻灵
1144,0,1143,鹿小小
1144,36,1144,鹿丸小子
1146,0,1145,拳拳熊
1146,38,1146,巨力熊
1148,0,1147,火羽鸟
1148,38,1148,火羽斗士
1150,0,1149,跑跑
1150,40,1150,大力跑跑
1152,0,1151,幽火喵
1152,32,1152,熔岩喵
1154,0,1153,沐沐
1154,38,1154,澡澡
1156,0,1155,草尾兽
1156,38,1156,花尾兽
1158,0,1157,海门
1158,40,1158,巨钳海门
1159,,1159,极冰海牙
1161,0,1160,圈圈鱼
1161,36,1161,大耳鱼
1163,0,1162,波波
1163,40,1163,船长波波
1165,0,1164,火焰小子
1165,40,1165,火焰假面
1167,0,1166,小米
1167,40,1167,米夜
1170,0,1168,小兰
1170,20,1169,兰兰
1170,40,1170,夜兰
1173,0,1171,欧小羊
1173,20,1172,欧羊羊
1173,40,1173,火焰欧羊
1175,0,1174,蓬蓬松鼠
1175,40,1175,风速松鼠
1177,0,1176,圆手机械猫
1177,40,1177,百万巨拳猫
1179,0,1178,花小可
1179,40,1179,腾云可可
1181,0,1180,炎浪
1181,40,1181,焚浪
1183,0,1182,黑皮
1183,36,1183,捣蛋黑皮
1185,0,1184,飞灵
1185,38,1185,飞蓬
1187,0,1186,灵符娃娃
1187,38,1187,灵符小幽
1190,0,1188,幽冥小鬼
1190,20,1189,幽冥司
1190,40,1190,鬼王
1193,0,1191,零
1193,20,1192,零空
1193,40,1193,零宇
1195,0,1194,星星蟹
1195,32,1195,水枪蟹
1197,0,1196,钱小样
1197,36,1197,钱小星
1198,,1198,小雪球
1200,0,1199,蒙面守卫
1200,38,1200,魔剑守卫
1202,0,1201,列卡
1202,40,1202,闪电列卡
1204,0,1203,石苗龟
1204,36,1204,石峰龟
1206,0,1205,哒哒雁
1206,32,1206,邮差雁
1208,0,1207,云宝宝
1208,38,1208,三色云宝宝
1210,0,1209,卡索
1210,40,1210,巨斧卡索
1213,0,1211,岩波小子
1213,20,1212,岩波斗士
1213,40,1213,岩波斗魂者
1215,0,1214,小粉鹿
1215,40,1215,粉心鹿
1218,0,1216,趴趴猴
1218,20,1217,笑笑猴
1218,40,1218,骑士猴
1220,0,1219,格非
1220,40,1220,利爪格非
1222,0,1221,光速小子
1222,40,1222,光速侠
1225,0,1223,小备
1225,20,1224,阿备
1225,40,1225,刘备
1227,0,1226,点点
1227,38,1227,茜点
1230,0,1228,雷
1230,20,1229,雷沼
1230,40,1230,雷泽
1232,0,1231,鲁迪
1232,40,1232,鲁曼
1234,0,1233,诺斯
1234,40,1234,拉诺斯
1236,0,1235,小丢
1236,36,1236,睡帽丢丢
1238,0,1237,阿宝
1238,36,1238,滑翔阿宝
1240,0,1239,乐乐
1240,38,1240,乐天
1242,0,1241,蓝卡
1242,38,1242,蓝哆卡
1244,0,1243,多戈
1244,38,1244,多明戈
1246,0,1245,火刺球
1246,36,1246,牛角火刺
1248,0,1247,阿莫
1248,36,1248,莫莫亚特
1250,0,1249,纳德
1250,40,1250,纳兹
1253,0,1251,圆圆鸡
1253,20,1252,圆宝鸡
1253,40,1253,羽刃鸡
1255,0,1254,小草头
1255,40,1255,叶子怪
1257,0,1256,雏菊
1257,40,1257,雏菊仙子
1259,0,1258,契约书
1259,40,1259,友人契约书
1261,0,1260,宝咔咔
1261,40,1261,宝爷爷
1263,0,1262,车车
1263,36,1263,南瓜车车
1265,0,1264,多米
1265,38,1265,多米力
1267,0,1266,多南爵士
1267,40,1267,多古拉伯爵
1269,0,1268,卡哇伊
1269,38,1269,玩具卡哇伊
1272,0,1270,地
1272,20,1271,地狂
1272,40,1272,地裂
1274,0,1273,岩斗
1274,40,1274,岩战
1276,0,1275,哈林
1276,40,1276,哈萨
1278,0,1277,北鼻
1278,40,1278,甜心
1280,0,1279,小泥球
1280,36,1280,左左泥
1282,0,1281,辛格
1282,40,1282,施瓦辛格
1283,,1283,大黑龙
1285,0,1284,骨噜噜
1285,40,1285,骨骨侠
1287,0,1286,波波嘟
1287,40,1287,波波迪
1289,0,1288,星克
1289,40,1289,利剑星克
1291,0,1290,塞西
1291,40,1291,塞娅
1292,,1292,小幻
1294,0,1293,海螺宝宝
1294,36,1294,海螺骑士
1296,0,1295,灵炎
1296,40,1296,幻炎
1298,0,1297,灵流
1298,40,1298,幻流
1300,0,1299,灵雷
1300,40,1300,幻雷
1303,0,1301,可达犬
1303,20,1302,铛铛犬
1303,40,1303,音速犬
1305,0,1304,斯达猫
1305,40,1305,剑士猫
1307,0,1306,灵光
1307,40,1307,幻光
1309,0,1308,灵冥
1309,40,1309,幻冥
1310,,1310,玩偶
1312,0,1311,海灵灵
1312,40,1312,海琪琪
1315,0,1313,蟹小拳
1315,18,1314,炮炮蟹
1315,36,1315,巨炮小子
1318,0,1316,光
1318,20,1317,辰光
1318,40,1318,圣光
1320,0,1319,小伊
1320,40,1320,伊泽
1322,0,1321,小迦
1322,40,1322,迦娜
1324,0,1323,酷洛
1324,40,1324,酷洛特
1326,0,1325,可小乐
1326,36,1326,可乐乐
1328,0,1327,灵极
1328,40,1328,幻极
1330,0,1329,盖盖
1330,40,1330,汽水盖盖
1332,0,1331,咕啦
1332,40,1332,哆啦
1334,0,1333,言言
1334,40,1334,末言
1336,0,1335,波塞
1336,40,1336,波塞冬
1339,0,1337,波奇
1339,20,1338,波多奇
1339,40,1339,哈利波奇
1342,0,1340,皮特
1342,20,1341,皮皮特
1342,40,1342,布拉皮特
1345,0,1343,风舞
1345,20,1344,风灵
1345,40,1345,风之精灵
1347,0,1346,格洛
1347,40,1347,魔洛
1350,0,1348,小魔龙
1350,20,1349,赤翼魔龙
1350,40,1350,赤翼魔龙王
1352,0,1351,雪宝宝
1352,40,1352,雪芽
1354,0,1353,小吉
1354,40,1354,吉球球
1356,0,1355,飞飞龙
1356,40,1356,飞羽龙
1359,0,1357,猪小芽
1359,20,1358,嫩芽猪
1359,40,1359,猪苗苗
1362,0,1360,小波
1362,20,1361,波罗
1362,40,1362,阿波罗
1365,0,1363,小托
1365,20,1364,托德
1365,40,1365,托尔
1367,0,1366,元元星
1367,40,1367,幸福星
1369,0,1368,乐比
1369,40,1369,哈哈比
1371,0,1370,小爆
1371,36,1371,三头爆
1374,0,1372,阿雷
1374,20,1373,雷克
1374,40,1374,雷克斯
1377,0,1375,土拨虎
1377,18,1376,溜溜虎
1377,36,1377,大爪虎
1379,0,1378,小巴达
1379,40,1379,斯巴达
1380,,1380,金刚虎王
1381,,1381,炫光龙法师
1384,0,1382,炫光依灵
1384,20,1383,炫光依舞
1384,40,1384,炫光依诗
1387,0,1385,炫光乌拉
1387,20,1386,炫光乌可拉
1387,40,1387,炫光乌歌拉
1390,0,1388,炫光企鹅
1390,20,1389,炫光嬉皮鹅
1390,40,1390,炫光活力鹅
1392,0,1391,炫光袋鼠
1392,40,1392,炫光铁拳鼠
1394,0,1393,小羽灵
1394,40,1394,蓝羽灵者
1396,0,1395,球球獭
1396,36,1396,贝壳獭
1399,0,1397,小莱尔
1399,20,1398,布莱尔
1399,40,1399,布莱尔王子
1401,0,1400,米拉
1401,40,1401,米拉多丽
1403,0,1402,小影兽
1403,40,1403,暗影兽
1405,0,1404,粥小小
1405,40,1405,粥小二
1407,0,1406,数码仔
1407,40,1407,数码圣剑士
1409,0,1408,阿迪
1409,40,1409,铁迪
1412,0,1410,炫光小莱尔
1412,20,1411,炫光莱尔
1412,40,1412,炫光布莱尔
1414,0,1413,小九尾
1414,40,1414,九尾冰狐
1416,0,1415,小绿萝
1416,36,1416,绿萝花
1418,0,1417,小翼
1418,40,1418,风翼
1420,0,1419,小芒
1420,40,1420,幽芒
1422,0,1421,哈小密
1422,36,1422,哈密神枪手
1423,,1423,噬月武神
1426,0,1424,小黑龙
1426,20,1425,炽炎龙
1426,40,1426,黑炎龙
1429,0,1427,小炎
1429,20,1428,洛炎
1429,40,1429,洛基
1430,,1430,圣龙战车
1432,0,1431,悟天
1432,40,1432,超级悟天
1434,0,1433,悟焰
1434,40,1434,超级悟焰
1436,0,1435,斗豆
1436,40,1436,武斗兽
1438,0,1437,蓝地
1438,40,1438,蓝地斯
1439,,1439,小佐
1440,,1440,佐罗门
1441,,1441,皮卡
1442,,1442,卡卡修
1444,0,1443,福小喵
1444,40,1444,福气猫
1446,0,1445,拉奇
1446,40,1446,大耳拉奇
1448,0,1447,星旋
1448,40,1448,星际旋风
1450,0,1449,小瑞兽
1450,40,1450,千年瑞兽
1451,,1451,金银尊者
1452,,1452,冰凌龙鱼
1453,,1453,爆炎龙鱼
1454,,1454,木叶龙鱼
1455,,1455,黄金刺龙
1457,0,1456,灯小花
1457,40,1457,灯小铃
1460,0,1458,小鼠侠
1460,20,1459,葫芦鼠
1460,40,1460,葫芦鼠侠
1461,,1461,苍炎战神
1464,0,1462,小欧
1464,20,1463,欧奇
1464,40,1464,欧比
1465,,1465,小星诺
1467,0,1466,火小诺
1467,40,1467,火星诺
1469,0,1468,水小诺
1469,40,1469,水星诺
1471,0,1470,数码小诺
1471,40,1471,数码星诺
1473,0,1472,圣灵小诺
1473,40,1473,圣灵星诺
1475,0,1474,凯文
1475,40,1475,冒险家凯文
1479,0,1477,苍穹幼灵
1479,20,1478,小苍穹
1479,40,1479,苍穹圣龙
1481,0,1480,木小诺
1481,40,1481,木星诺
1483,0,1482,机械小诺
1483,40,1483,机械星诺
1486,0,1484,小面团
1486,18,1485,砂锅面团
1486,36,1486,面团武士
1489,0,1487,牛仔宝宝
1489,20,1488,小牛仔
1489,40,1489,帅气牛仔
1491,0,1490,电小诺
1491,40,1491,电星诺
1493,0,1492,冰小诺
1493,40,1493,冰星诺
1496,0,1494,小金刚
1496,20,1495,火爆金刚
1496,40,1496,震天金刚
1499,0,1497,小达
1499,20,1498,达尔
1499,40,1499,维达尔
1501,0,1500,太阳小诺
1501,40,1501,太阳星诺
1503,0,1502,月亮小诺
1503,40,1503,月亮星诺
1505,0,1504,高小达
1505,40,1505,巨炮高达
1508,0,1506,炫光小凯蒂
1508,20,1507,炫光凯蒂
1508,40,1508,炫光凯蒂丝
1510,0,1509,密语精灵
1510,40,1510,密语飞侠
1512,0,1511,巴比
1512,40,1512,巴比伦
1514,0,1513,小猛犸
1514,40,1514,战魂猛犸
1516,0,1515,龙甲豆豆
1516,36,1516,龙甲小兵
1518,0,1517,小七
1518,40,1518,魔法七仔
1520,0,1519,小唯
1520,40,1520,唯塔斯
1522,0,1521,棉棉
1522,40,1522,棉棉糖
1524,0,1523,勇气兔
1524,40,1524,探险兔
1526,0,1525,雷钢小子
1526,40,1526,雷钢侠
1528,0,1527,疾影小子
1528,40,1528,疾影侠
1530,0,1529,啸天小子
1530,40,1530,啸天侠
1532,0,1531,稻草人
1532,40,1532,巨帽稻草人
1534,0,1533,铁皮人
1534,40,1534,利斧铁皮人
1536,0,1535,桃乐丝
1536,40,1536,甜心桃乐丝
1538,0,1537,辛巴
1538,40,1538,炼狱战狮
1539,,1539,炼狱狮王
1541,0,1540,魔戒幼灵
1541,40,1541,魔戒邪灵
1544,0,1542,小玛
1544,20,1543,玛尔
1544,40,1544,玛尔斯
1546,0,1545,千小夜
1546,40,1546,千夜
1548,0,1547,千小寻
1548,40,1548,千寻
1551,0,1549,胖胖虎
1551,20,1550,王子虎
1551,40,1551,泰格虎
1553,0,1552,卡德
1553,40,1553,卡德兹
1555,0,1554,木桶小怪
1555,36,1555,木桶大盗
1556,,1556,斑比
1557,,1557,吃货斑比
1558,,1558,假面斑比
1559,,1559,狂暴斑比
1561,0,1560,罗德
1561,40,1561,战武罗德
1563,0,1562,小各
1563,40,1563,雅各
1565,0,1564,猪小饭
1565,40,1565,猪鲁饭
1567,0,1566,鹰雄
1567,40,1567,鹰眼
1569,0,1568,小飓风
1569,40,1569,蓝色飓风
1571,0,1570,伽马
1571,40,1571,轮滑伽马
1573,0,1572,奥斯卡
1573,40,1573,钢炮奥斯卡
1575,0,1574,泰利
1575,40,1575,泰利船长
1577,0,1576,蒙奇
1577,40,1577,王者蒙奇
1580,0,1578,乖乖兔
1580,20,1579,滴答兔
1580,40,1580,嗨皮兔
1582,0,1581,鲍比
1582,40,1582,鲍勃萨
1584,0,1583,阿姆
1584,40,1584,山姆
1586,0,1585,桑吉
1586,40,1586,旋风桑吉
1588,0,1587,小杰斯
1588,40,1588,杰尔斯
1590,0,1589,阿尔
1590,40,1590,阿尔法
1592,0,1591,卡隆
1592,40,1592,马卡隆
1594,0,1593,迪萝
1594,40,1594,奥萝
1597,0,1595,小格
1597,20,1596,伊格
1597,40,1597,伊格斯
1599,0,1598,流星仔
1599,40,1599,风暴流星
1601,0,1600,小屈屈
1601,40,1601,粽屈屈
1603,0,1602,牙牙虎仔
1603,40,1603,剑齿虎
1605,0,1604,阿瞒
1605,40,1605,曹操
1607,0,1606,牛头宝箱
1607,36,1607,铠甲宝箱
1609,0,1608,箭鱼泡泡
1609,36,1609,箭鱼士兵
1611,0,1610,音弗
1611,40,1611,歌弗
1613,0,1612,居里丽丽
1613,40,1613,居里公主
1616,0,1614,小太白
1616,20,1615,太白
1616,40,1616,剑圣太白
1617,,1617,太白之剑
1619,0,1618,剑龙幼崽
1619,40,1619,巨角剑龙
1621,0,1620,小饭
1621,40,1621,摄影小饭
1623,0,1622,贝多多
1623,40,1623,贝克多芬
1625,0,1624,牙小白
1625,36,1625,牙大白
1627,0,1626,小草莓
1627,36,1627,草莓战士
1630,0,1628,小霍
1630,20,1629,霍尔
1630,40,1630,霍尔德
1632,0,1631,叉叉熊
1632,40,1632,叉叉大侠
1634,0,1633,萌豆
1634,40,1634,萌丁
1636,0,1635,金甲小子
1636,40,1636,金甲战士
1638,0,1637,蓝铠
1638,40,1638,蓝铠侠
1639,,1639,圣光修罗
1641,0,1640,果果洞
1641,40,1641,洞洞
1643,0,1642,蜜蜜
1643,40,1643,蜜儿兔
1644,,1644,小盾
1645,,1645,圣盾
1647,0,1646,萨特
1647,40,1647,洛萨特
1648,0,2421,小菲尔
1648,40,1648,菲尔
1649,0,2763,小可兰
1649,40,1649,可兰
1651,0,1650,威杰
1651,40,1651,路威杰
1653,0,1652,馋嘴怪
1653,40,1653,蛋糕怪
1655,0,1654,东啵
1655,40,1655,东啵小熊
1657,0,1656,希特
1657,40,1657,费希特
1660,0,1658,小巴
1660,20,1659,巴尔
1660,40,1660,巴尔德
1661,,1661,小奇凌
1662,,1662,圣盾奇凌王
1664,0,1663,锐丁丁
1664,36,1664,锐角战士
1665,,1665,小白点
1666,,1666,小A
1667,,1667,小L
1668,,1668,小O
1669,,1669,小S
1670,,1670,小T
1671,,1671,小R
1672,,1672,尤文斯
1674,0,1673,问问
1674,36,1674,八卦问问
1676,0,1675,小钻
1676,40,1676,紫钻晶侠
1678,0,1677,小凌
1678,40,1678,凌霸
1680,0,1679,小刃
1680,40,1680,帝刃
1681,,1681,狄蓝
1683,0,1682,小甩
1683,36,1683,甩甩
1684,,1684,战战龙
1685,,1685,御风战将
1687,0,1686,邦邦
1687,36,1687,邦德
1689,0,1688,小炼
1689,36,1689,斗炼武士
1690,,1690,戎青
1692,0,1691,小当家
1692,36,1692,企企当家
1693,,1693,狂雷战将
1695,0,1694,巴迪
1695,36,1695,巴特
1697,0,1696,猎小空
1697,40,1697,猎空
1698,,1698,希娜
1699,,1699,乌迪尔
1700,,1700,雷霆小子
1702,0,1701,跳跳小比
1702,36,1702,游比
1703,,1703,暴雪战将
1705,0,1704,小疾风
1705,40,1705,疾风终结者
1706,,1706,暗影凯撒
1707,,1707,普尔
1709,0,1708,西欧
1709,40,1709,卡西欧
1711,0,1710,咕噜小球
1711,36,1711,游球
1713,0,1712,NO.7
1713,40,1713,NO.14
1714,,1714,霸羽灵者
1716,0,1715,奥羽
1716,40,1716,奥天
1719,0,1717,小瑞
1719,20,1718,瑞格
1719,40,1719,瑞里格
1720,,1720,格里
1722,0,1721,小德拉
1722,36,1722,新德拉
1724,0,1723,砰砰小多
1724,36,1724,游多
1726,0,1725,威尔
1726,40,1726,利威尔
1728,0,1727,轰迪
1728,40,1728,厉轰王
1730,0,1729,星星兔
1730,36,1730,幻月兔
1732,0,1731,炫光点点
1732,38,1732,炫光茜点
1734,0,1733,小刚
1734,40,1734,刚铎
1736,0,1735,小幻象
1736,40,1736,幻象格杀者
1738,0,1737,乐斯
1738,40,1738,卡乐斯
1740,0,1739,炫光乐乐
1740,38,1740,炫光乐天
1742,0,1741,夭仔
1742,36,1742,夭夭
1744,0,1743,小斩
1744,40,1744,斩雷
1746,0,1745,凌月
1746,40,1746,凌月战神
1748,0,1747,卷迪迪
1748,36,1748,卷卷
1749,,1749,雷霆青龙
1751,0,1750,小断
1751,40,1751,断浪
1752,,1752,惊涛玄武
1754,0,1753,炎·阳
1754,40,1754,炎王
1756,0,1755,阿萨
1756,40,1756,阿尔萨斯
1759,0,1757,小费
1759,20,1758,费顿
1759,40,1759,费尔顿
1761,0,1760,卡飞飞
1761,36,1761,卡尔
1763,0,1762,小酷
1763,36,1763,蓝小酷
1765,0,1764,数码狸狸
1765,36,1765,数码小狸
1767,0,1766,冰火小法
1767,40,1767,霜炎法神
1769,0,1768,星望
1769,36,1769,嘭哒星望
1771,0,1770,怪小豆
1771,36,1771,南瓜怪豆
1773,0,1772,小时空
1773,40,1773,时空操纵者
1775,0,1774,克洛
1775,40,1775,克洛托斯
1777,0,1776,卡皮特
1777,40,1777,帝卡
1778,,1778,奈斯
1780,0,1779,怪小球
1780,36,1780,摇摇怪球
1781,,1781,诺顿子爵
1782,,1782,迷雾龙
1784,0,1783,NO.6
1784,40,1784,NO.13
1786,0,1785,奥森
1786,40,1786,奥弗
1788,0,1787,豆丁布
1788,36,1788,艾布
1790,0,1789,盒仔查
1790,36,1790,查理小盒
1792,0,1791,阿怒
1792,40,1792,天怒
1794,0,1793,阿煞
1794,40,1794,天煞
1797,0,1795,小艾
1797,20,1796,艾诺
1797,40,1797,艾思诺
1799,0,1798,科尔
1799,36,1799,科达尔
1801,0,1800,哇沙比
1801,36,1801,介末君
1803,0,1802,灵
1803,40,1803,瞳灵
1805,0,1804,焚焰
1805,40,1805,焚天烈焰马
1806,,1806,冥焰夜王
1808,0,1807,呆萌
1808,36,1808,达蒙
1810,0,1809,奇仔
1810,36,1810,凯奇
1812,0,1811,星仔
1812,40,1812,疾星
1815,0,1813,小苏
1815,20,1814,苏克
1815,40,1815,苏恩克
1817,0,1816,斯凡
1817,36,1817,斯特凡
1819,0,1818,阿丁
1819,40,1819,阿拉丁
1821,0,1820,冰小兽
1821,40,1821,冰晶圣兽
1823,0,1822,星太子
1823,40,1823,星皇
1825,0,1824,明王
1825,40,1825,斗罗明王
1826,,1826,加比
1828,0,1827,莫仔
1828,40,1828,莫奈
1830,0,1829,黑霆
1830,40,1830,雷霆
1832,0,1831,蓝钧
1832,40,1832,万钧
1834,0,1833,小火跃
1834,40,1834,火跃鸟
1835,,1835,猎神图腾
1836,,1836,雷劫图腾
1837,,1837,使者加比
1839,0,1838,皮克西
1839,36,1839,皮克西斯
1841,0,1840,克亚
1841,36,1841,克里亚斯
1842,,1842,光·加比
1843,,1843,翼·加比
1845,0,1844,光暗之子
1845,40,1845,光暗弑神
1847,0,1846,嘟仔
1847,36,1847,嘟噜
1849,0,1848,冰波波
1849,36,1849,冰波斯
1850,,1850,棕尾
1852,0,1851,小赫
1852,40,1852,赫提
1854,0,1853,诺伊
1854,40,1854,诺伊特
1855,,1855,蓝咚咚
1857,0,1856,吉米
1857,36,1857,吉瑞米
1858,,1858,训练师加比
1860,0,1859,格仔
1860,40,1860,格里芬
1861,,1861,龙刃
1863,0,1862,咕仔
1863,36,1863,咕咔
1865,0,1864,依依
1865,36,1865,弯弯
1866,,1866,E3
1867,,1867,F13
1869,0,1868,圣麒
1869,40,1869,圣王麒麟
1871,0,1870,小冲
1871,40,1871,天冲
1873,0,1872,多多罗
1873,40,1873,冰罗皇
1875,0,1874,小C
1875,36,1875,雪CC
1876,,1876,炼金师加比
1877,,1877,光奇
1878,,1878,光兽诺奇
1880,0,1879,E4
1880,40,1880,D14
1881,,1881,幻·D14
1883,0,1882,阿特
1883,40,1883,阿姆斯特
1888,0,1887,西仔
1888,36,1888,西西
1890,0,1889,小弹
1890,36,1890,弹弹
1891,,1891,小战
1893,0,1892,晴空
1893,40,1893,擎空
1895,0,1894,秘境使者
1895,40,1895,秘境创造神
1896,0,1884,伊乐
1896,40,1896,圣·天伊
1898,0,1897,东仔
1898,36,1898,东东
1899,,1899,智慧加比
1900,,1900,烈战
1902,0,1901,赤天
1902,40,1902,炽天
1904,0,1903,法夫
1904,40,1904,法尼尔
1905,,1905,君焰狼王
1907,0,1906,南仔
1907,36,1907,南南
1908,,1908,勇气加比
1909,,1909,光速黑蝠
1910,,1910,魂战
1911,,1911,炽燎天
1912,,1912,擎霸空
1914,0,1913,加威
1914,40,1914,加斯特
1915,,1915,真·苍炎战神
1916,,1916,真·噬月武神
1917,,1917,真·烈焰凤凰
1919,0,1918,北仔
1919,36,1919,北北
1920,,1920,新春多多罗
1921,,1921,新春明王
1922,,1922,炼战
1924,0,1923,银
1924,40,1924,银魂
1925,,1925,龙·炎王
1926,,1926,帝王奇灵
1927,,1927,真·赤色梦魇
1928,,1928,新春炎·阳
1929,,1929,源第一态
1930,,1930,源BOSS
1931,,1931,巨龙图腾
1932,,1932,炎龙图腾
1933,,1933,翼龙图腾
1934,,1934,影龙图腾
1935,,1935,冰龙图腾
1936,,1936,新春卡皮特
1937,,1937,梦想加比
1938,,1938,冰晶凤凰
1940,0,1939,炫光雏菊
1940,36,1940,炫光雏菊仙子
1942,0,1941,炫光星狸
1942,36,1942,炫光星狸少爷
1943,,1943,新春伊乐
1944,,1944,Lucky
1946,0,1945,星射手
1946,40,1946,坠星
1948,0,1947,军士
1948,40,1948,破军
1950,0,1949,战仔
1950,40,1950,擎战
1952,0,1951,阿蒙
1952,40,1952,阿克蒙
1953,,1953,帝皇圣龙
1954,,1954,龙蛋蛋
1956,0,1955,小驹
1956,40,1956,神马
1958,0,1957,小旋
1958,40,1958,旋刃
1960,0,1959,库林
1960,40,1960,艾斯库林
1962,0,1961,凌风
1962,40,1962,圣羽凌风
1963,,1963,噬星白虎
1964,,1964,狂战暗影兽
1965,,1965,圣马天冲
1966,,1966,影豹银魂
1968,0,1967,小以
1968,40,1968,以利亚
1970,0,1969,亚历
1970,40,1970,亚历山大
1972,0,1971,银风
1972,40,1972,夜羽银风
1974,0,1973,小豪
1974,40,1974,战豪雄霸
1975,,1975,飓焰朱雀
1977,0,1976,双源
1977,40,1977,源
1978,,1978,玄天水晶
1979,,1979,神兵守护
1981,0,1980,阿幽
1981,40,1981,幽幻
1983,0,1982,比尔
1983,40,1983,比尔斯
1985,0,1984,空翼
1985,40,1985,断空翼皇
1986,,1986,小鸟希拉
1988,0,1987,新芒
1988,40,1988,芒斩
1990,0,1989,光耀
1990,40,1990,苍耀光圣
1992,0,1991,谷谷
1992,40,1992,谷谷呼
1993,,1993,术士加比
1994,,1994,天苍霜龙
1995,,1995,小星石
1996,,1996,中星石
1997,,1997,大星石
1999,0,1998,洪荒星灵
1999,40,1999,创世星灵
2001,0,2000,克劳
2001,40,2001,克劳斯
2003,0,2002,小沙
2003,40,2003,沙利叶
2005,0,2004,米米
2005,40,2005,米米呼
2006,,2006,斗焰吉拉
2008,0,2007,星钻小天使
2008,40,2008,星钻贵天使
2009,,2009,AI009
2010,,2010,皇极兔
2011,,2011,圣渊露龙
2013,0,2012,麦麦
2013,40,2013,麦麦呼
2015,0,2014,暮辰
2015,40,2015,夜辰
2018,0,2017,乐酷乐酷
2018,40,2018,机械战警
2019,,2019,星宇侠X
2020,,2020,无念
2022,0,2021,雷尔
2022,40,2022,雷威尔
2023,,2023,龙·帝卡
2024,,2024,炫光金小问
2025,,2025,影龙
2027,0,2026,菲洛
2027,40,2027,裂空菲洛
2029,0,2028,小聪
2029,40,2029,影武·聪
2030,,2030,爆裂侠X
2031,,2031,克丽丝汀
2032,,2032,小风龙
2033,,2033,风暴龙
2035,0,2034,小暗影
2035,40,2035,暗影魔将
2036,,2036,暗焰天龙
2037,,2037,天辉侠X
2038,,2038,酷奇
2039,0,2016,奇纳
2039,40,2039,帝夜奇纳
2041,0,2040,小暗夜
2041,40,2041,暗夜精灵
2043,0,2042,司马仲达
2043,40,2043,司马懿
2044,,2044,达力戈
2045,,2045,六龙飞艇
2047,0,2046,小智
2047,40,2047,影武·智
2049,0,2048,艾小恩
2049,40,2049,艾恩
2050,,2050,煌炎战神
2051,,2051,星云斗战神
2052,,2052,麦斗元帅
2054,0,2053,阿跃
2054,40,2054,虎跃
2055,,2055,小X
2056,,2056,蓝晶X神兽
2057,,2057,紫星X神兽
2058,,2058,圣光X神兽
2059,,2059,龙态炎王
2060,,2060,龙态帝卡
2061,,2061,魔小兵
2062,,2062,魔大将
2064,0,2063,豪达
2064,40,2064,斗士豪达
2066,0,2065,盼达
2066,40,2066,盼达博士
2067,,2067,果冻天团
2069,0,2068,阿兰
2069,40,2069,兰斯
2070,,2070,极影艾恩
2072,0,2071,炫光鼠
2072,40,2072,炫光电子鼠
2074,0,2073,聪明狗
2074,40,2074,眼镜狗
2076,0,2075,小天鲸
2076,40,2076,天极鲸
2078,0,2077,小卡加
2078,40,2078,水魔将卡加
2079,,2079,圣纹艾恩
2080,,2080,龙·冰罗皇
2082,0,2081,修纳
2082,40,2082,剑帝修纳
2083,,2083,龙态冰罗皇
2085,0,2084,小魄
2085,40,2085,烈魄
2086,,2086,辉刃艾恩
2088,0,2087,云空小骑
2088,40,2088,云空战骑
2089,,2089,光焰疾蝠
2090,,2090,圣域·幻雷
2091,,2091,圣域·幻炎
2092,,2092,圣域·幻流
2093,,2093,魔多
2094,,2094,酷伊乐
2095,,2095,酷魔兔
2096,,2096,圣域·幻冥
2097,,2097,圣域·幻光
2098,,2098,傲月武神
2099,,2099,君芒艾恩
2101,0,2100,小狂
2101,40,2101,狂狮
2103,0,2102,小二郎
2103,40,2103,二郎真君
2104,,2104,圣·二郎真君
2105,,2105,小黑
2106,,2106,酷小黑
2107,,2107,圣域·幻极
2108,,2108,圣域·炎魔将
2109,,2109,圣域·赫提
2110,,2110,圣域·火花龙
2111,,2111,疾影侠X
2113,0,2112,小武
2113,40,2113,影武王
2114,,2114,龙·斗罗明王
2116,0,2115,小神盾
2116,40,2116,神盾巨人
2117,,2117,球球小黑
2119,0,2118,小狂战
2119,40,2119,狂战巨人
2120,,2120,圣域·风灵将
2121,,2121,圣域·金战士
2122,,2122,圣域·木面侠
2123,,2123,龙态明王
2124,,2124,大神盾巨人
2125,,2125,大狂战巨人
2127,0,2126,N0.5
2127,40,2127,NO.12
2128,,2128,骇客小黑
2130,0,2129,小数
2130,40,2130,数码巨人
2131,,2131,圣帝奥天
2132,,2132,酷多多罗
2133,,2133,圣域·库巴
2134,,2134,圣域·灵龟
2135,,2135,圣域·海妖将
2136,,2136,比力泡泡侠
2137,,2137,大数码巨人
2139,0,2138,小白泽
2139,40,2139,灵王白泽
2140,,2140,魂刃夜王
2142,0,2141,夏洛克
2142,40,2142,斗魂夏洛克
2144,0,2143,时空龙
2144,40,2144,时空巨龙
2145,,2145,炫光蒙奇
2146,,2146,金盾卫士
2147,,2147,巴力泡泡侠
2148,,2148,炫光辛巴
2149,,2149,圣辉狼王
2150,,2150,万王圣麒麟
2151,,2151,酷炎阳
2152,,2152,光羽奥奇
2154,0,2153,小串串
2154,40,2154,大串串
2156,0,2155,小贪狼
2156,40,2156,贪狼
2158,0,2157,小战天
2158,40,2158,战天威
2159,,2159,卜力泡泡侠
2160,,2160,神照修罗王
2161,,2161,神照修罗王
2165,,2165,创圣天奇灵
2166,,2166,创圣天奇灵
2168,0,2167,小噗噗
2168,40,2168,噗噗长颈鹿
2169,,2169,炫光数码小狸
2171,0,2170,汪酱
2171,40,2171,数码汪汪
2173,0,2172,小巨门
2173,40,2173,巨门
2175,0,2174,小星马
2175,40,2175,星神驹
2177,0,2176,灵小狼
2177,40,2177,灵狼
2179,0,2178,安琪雷米
2179,40,2179,魂王天使雷米
2180,,2180,魂王天使雷米
2182,0,2181,小莓
2182,40,2182,莓子
2184,0,2183,小禄存
2184,40,2184,禄存
2185,,2185,炫光风翼
2186,,2186,极·灵狼
2187,,2187,极·灵狼
2189,0,2188,安琪乌利
2189,40,2189,神焰天使乌利
2190,,2190,神焰天使乌利
2191,,2191,极·赤色梦魇
2192,,2192,极·赤色梦魇
2193,,2193,圣龙·天伊
2194,,2194,圣龙·天伊
2195,,2195,梦小星
2196,,2196,梦之星
2197,,2197,梦之星
2199,0,2198,小巴特
2199,40,2199,巴姆哈特
2200,,2200,黯天凯撒皇
2201,,2201,黯天凯撒皇
2203,0,2202,小星焰
2203,40,2203,白皇星焰
2204,,2204,白皇星焰
2205,,2205,炽魂帝吉拉
2206,,2206,炽魂帝吉拉
2207,,2207,酷若希
2209,0,2208,金小龙
2209,40,2209,金刚龙王
2210,,2210,极·金刚龙神
2211,,2211,极·金刚龙神
2213,0,2212,小文曲
2213,40,2213,文曲
2215,0,2214,小星瞬
2215,40,2215,幻尊星瞬
2216,,2216,幻尊星瞬
2217,,2217,极武兔皇
2218,,2218,极武兔皇
2219,,2219,冰魄灵白虎
2220,,2220,冰魄灵白虎
2222,0,2221,小卡洛
2222,40,2222,卡洛纳
2224,0,2223,小辉斗
2224,40,2224,龙皇辉斗
2225,,2225,龙皇辉斗
2226,,2226,苍翼弑龙
2227,,2227,暗行罗刹
2228,,2228,神谕阿波罗
2229,,2229,神谕阿波罗
2230,,2230,御渊露龙王
2231,,2231,御渊露龙王
2232,,2232,普尼西亚
2233,,2233,凌天霸青龙
2234,,2234,凌天霸青龙
2236,0,2235,小廉贞
2236,40,2236,廉贞
2238,0,2237,小贝克
2238,40,2238,索贝克
2239,,2239,天天
2240,,2240,武斗兽魂
2242,0,2241,小冬瓜
2242,40,2242,冬瓜
2243,,2243,雷焰凤凰
2244,,2244,雷焰凤凰
2246,0,2245,小水蓝
2246,40,2246,水蓝角
2248,0,2247,小雪暴
2248,40,2248,雪暴
2249,,2249,极·雪暴
2250,,2250,极·雪暴
2252,0,2251,小小可
2252,40,2252,小可
2253,,2253,魄月武皇
2254,,2254,魄月武皇
2255,,2255,辉月巨灵
2256,,2256,红莲羽朱雀
2257,,2257,红莲羽朱雀
2259,0,2258,小紫辰
2259,40,2259,雀皇紫辰
2260,,2260,雀皇紫辰
2262,0,2261,小武曲
2262,40,2262,武曲
2263,,2263,小冬
2264,,2264,极地之拳
2266,0,2265,源源
2266,40,2266,章源源
2267,,2267,断罪天使莱特
2269,0,2268,小玄刃
2269,40,2269,玄刃
2270,,2270,起源
2271,,2271,起源
2273,0,2272,小耀凌
2273,40,2273,玄皇耀凌
2274,,2274,玄皇耀凌
2275,,2275,断海流玄武
2276,,2276,断海流玄武
2278,0,2277,小瑶光
2278,40,2278,瑶光
2279,,2279,真炎战皇
2280,,2280,真炎战皇
2282,0,2281,小斗龙
2282,40,2282,斗刃战龙
2283,,2283,极·斗刃战龙
2284,,2284,极·斗刃战龙
2285,,2285,天尊圣龙
2286,,2286,天尊圣龙
2288,0,2287,猫小执
2288,40,2288,猫执事
2289,,2289,神秘炎风
2291,0,2290,小蓝守卫
2291,40,2291,蓝宝守卫者
2293,0,2292,小布鲁斯
2293,40,2293,布鲁斯通
2294,,2294,鸣天
2295,,2295,天启英灵
2296,,2296,帝皇真龙
2297,,2297,帝皇真龙
2299,0,2298,兰
2299,40,2299,阿斯兰
2300,,2300,阿斯兰
2302,0,2301,小凌霜
2302,40,2302,凌霜
2303,,2303,梵天
2304,,2304,梵天
2305,,2305,酷蓝宝星
2306,,2306,幽冥影刃
2307,,2307,小太子
2308,,2308,乾坤三太子
2309,,2309,乾坤三太子
2311,,2311,极·九尾天狐
2312,,2312,极·九尾天狐
2314,0,2313,糖小罐
2314,40,2314,小糖罐
2315,0,2310,小天狐
2315,40,2315,九尾天狐
2317,0,2316,里尔
2317,40,2317,芬里尔
2318,,2318,六识夜王
2319,,2319,六识夜王
2321,0,2320,NO.4
2321,40,2321,NO.11
2322,,2322,红小句
2323,,2323,武圣关羽
2324,,2324,武圣关羽
2325,,2325,太古炎王
2326,,2326,太古炎王
2328,0,2327,夜丸
2328,40,2328,夜灵
2330,0,2329,贝小光
2330,40,2330,贝光精灵
2331,,2331,龙·凌风
2333,0,2332,杰洛
2333,40,2333,骑士杰洛
2334,,2334,零夜战骑
2335,,2335,零夜战骑
2336,,2336,昭烈刘备
2337,,2337,昭烈刘备
2339,0,2338,小巨龙
2339,40,2339,混沌巨龙
2340,,2340,极·混沌巨龙
2341,,2341,极·混沌巨龙
2342,,2342,太古冰罗皇
2343,,2343,太古冰罗皇
2345,0,2344,小笛子
2345,40,2345,笛子精灵
2346,,2346,蓝小逗
2348,0,2347,小湖神
2348,40,2348,贝光湖神
2349,,2349,太古帝卡
2350,,2350,太古帝卡
2351,,2351,御圣·天麟
2352,,2352,御圣·天麟
2354,0,2353,白犽
2354,40,2354,皇犽
2356,0,2355,卢斯
2356,40,2356,卢卡斯
2357,,2357,太古明王
2358,,2358,太古明王
2360,0,2359,奇克
2360,40,2360,骑士奇克
2362,0,2361,杰小诺
2362,40,2362,杰诺斯
2364,0,2363,小长老
2364,40,2364,满月族长老
2366,0,2365,绿萤
2366,40,2366,绿瞳兽
2367,,2367,赤霄狼王
2368,,2368,赤霄狼王
2369,,2369,雪净女皇
2370,,2370,雪净女皇
2372,0,2371,圣诞小熊
2372,40,2372,圣诞战熊
2374,0,2373,圣诞小树人
2374,40,2374,圣诞树坐骑
2375,,2375,圣诞礼袋
2376,,2376,黄金礼袋
2378,,2378,超水精灵
2379,,2379,超火精灵
2380,,2380,超木精灵
2381,,2381,超龙精灵
2382,,2382,辉月战骑
2383,,2383,辉月战骑
2385,0,2384,龙小诺
2385,40,2385,龙星诺
2387,0,2386,星
2387,40,2387,上古星龙
2389,0,2388,辉
2389,40,2389,炎辉
2390,,2390,超数码精灵
2391,,2391,超龙星诺
2393,0,2392,木小龙
2393,40,2393,木角龙
2394,,2394,超木角龙
2395,,2395,虎烈张飞
2396,,2396,虎烈张飞
2397,,2397,费仔
2398,,2398,费曼
2399,,2399,沃仔
2400,,2400,沃特
2401,,2401,超巨岩
2402,,2402,超圣光
2403,,2403,弗仔
2404,,2404,弗莱
2405,,2405,超电精灵
2406,,2406,超光精灵
2407,,2407,超土精灵
2408,,2408,超木星诺
2410,0,2409,织梦者
2410,40,2410,食梦者
2411,0,2423,熊小小
2411,40,2411,熊大大
2412,,2412,噬心黑龙
2413,,2413,伍仔
2414,,2414,伍德
2415,,2415,超暗精灵
2417,0,2416,钢铁小子
2417,40,2417,钢铁卫士
2418,,2418,钢铁先锋
2420,0,2419,小火星
2420,40,2420,小火团
2422,,2422,天焰菲尔
2424,,2424,超电星诺
2426,0,2425,谬
2426,40,2426,卡谬
2427,,2427,月神
2428,,2428,炎帝
2429,,2429,超上古精灵
2431,0,2430,尼欧
2431,40,2431,尼欧王
2433,0,2432,奥仔
2433,40,2433,奥金
2434,,2434,天羽奥金
2436,0,2435,暮光血裔
2436,40,2436,暮光伯爵
2437,,2437,北斗龙神
2439,0,2438,勇者兰斯洛
2439,40,2439,弑神者兰斯洛
2440,0,2467,亚诺
2440,40,2440,星魔
2442,0,2441,羊羊羊
2442,40,2442,羊咩咩
2443,,2443,轩辕奇灵
2444,,2444,圣·帝伊
2446,0,2445,狄
2446,40,2446,罗狄
2448,0,2447,滚滚
2448,40,2448,滚滚战士
2449,,2449,雷怒青龙
2451,0,2450,周郎
2451,40,2451,周公瑾
2452,,2452,凌翼周瑜
2453,,2453,幻光奥奇
2454,,2454,超火焰龙
2455,,2455,滔天白虎
2457,0,2456,蓝刃
2457,40,2457,誓刃龙
2459,0,2458,多小米
2459,40,2459,多米纳特
2461,0,2460,卖萌羊羔
2461,40,2461,卖萌羊
2462,,2462,超米纳特
2464,0,2463,白白
2464,40,2464,大白
2466,0,2465,捣蛋羊羔
2466,40,2466,捣蛋羊
2468,0,2469,布莱克
2468,40,2468,鬼杀布莱克
2470,,2470,百变愚人盒
2472,0,2471,愚人羊羔
2472,40,2472,愚人羊
2474,0,2473,昂
2474,40,2474,史昂
2486,0,2485,Z
2486,40,2486,Zeta
2488,0,2487,风影
2488,40,2488,幻刃风影
2489,,2489,圣决风影
2491,0,2490,明星羊羔
2491,40,2491,明星羊
2493,0,2492,东皇小天
2493,40,2493,东皇天
2495,0,2494,喵霸
2495,40,2495,疾天喵
2497,0,2496,小圣护
2497,40,2497,阴阳圣护
2499,0,2498,樱花小怪
2499,40,2499,樱花大怪
2501,0,2500,东皇小道
2501,40,2501,东皇道
2503,0,2502,喵帅
2503,40,2503,影道喵
2505,0,2504,泰尔
2505,40,2505,阿泰尔
2506,,2506,焚炙朱雀
2507,,2507,小阴
2508,,2508,小阳
2509,,2509,太二
2511,0,2510,东皇小无
2511,40,2511,东皇无
2513,0,2512,喵呜
2513,40,2513,怪盗喵
2514,,2514,龙胆赵云
2515,,2515,泰岳玄武
2517,0,2516,东皇小极
2517,40,2517,东皇极
2519,0,2518,将军羊羔
2519,40,2519,将军羊
2521,0,2520,阿鲁
2521,40,2521,阿鲁迪
2522,,2522,天宇圣龙
2524,0,2523,小灼格
2524,40,2524,灼格
2526,0,2525,小小牧
2526,40,2526,阿牧牧
2528,0,2527,小小艾
2528,40,2528,艾玛
2530,0,2529,本小遥
2530,40,2530,本遥遥
2531,,2531,烈阳火凤
2532,,2532,超猎空
2534,0,2533,斩日刀
2534,40,2534,妖刀斩日
2536,0,2535,星小子
2536,40,2536,星大将
2538,0,2537,杰小士
2538,40,2538,杰士
2539,,2539,霜月冰凰
2541,0,2540,厄运小豪
2541,40,2541,厄运英豪
2543,0,2542,断月剑
2543,40,2543,冥剑断月
2545,0,2544,逍遥子
2545,40,2545,逍遥
2547,0,2546,陆一一
2547,40,2547,陆一
2548,,2548,亚历超大
2549,,2549,游乐百变盒
2551,0,2550,小撒
2551,40,2551,撒加
2553,0,2552,幻小龙
2553,40,2553,幻·龙霄
2555,0,2554,焰羽
2555,40,2555,烈焰先锋
2557,0,2556,夜刃
2557,40,2557,幽隐夜刃
2559,0,2558,暗灵
2559,40,2559,战场幽灵
2561,0,2560,小悟空
2561,40,2561,孙悟空
2562,,2562,幻·破炎
2563,,2563,幻·御流
2564,,2564,幻·绝雷
2565,,2565,小盼盼
2566,,2566,破宇暴龙
2567,,2567,幻·耀光
2568,,2568,幻·夜冥
2569,,2569,冰玉翡翠龙
2571,0,2570,龙小郎
2571,40,2571,龙太郎
2572,,2572,幻·无极
2574,0,2573,小迪
2574,40,2574,轰雷迪斯
2576,0,2575,呱酱
2576,40,2576,数码呱呱
2577,,2577,暗煞魔龙王
2580,0,2578,波鲁
2580,20,2579,炎火波鲁
2580,40,2580,烈焰波鲁
2583,0,2581,喵仔
2583,20,2582,格斗米奥
2583,40,2583,神影米奥
2586,0,2584,莎莎
2586,20,2585,甜心莎莎
2586,40,2586,莎莎公主
2587,,2587,圣天使莱特
2589,0,2588,小洛
2589,40,2589,凯洛
2590,,2590,乾坤修罗神
2591,,2591,东皇太一
2593,0,2592,小小疾
2593,40,2593,疾地
2594,,2594,超·赤色梦魇
2595,,2595,阴
2597,0,2596,小神将
2597,40,2597,大力神将
2599,0,2598,小小隐
2599,40,2599,隐天
2600,,2600,卧龙诸葛
2602,0,2601,小梦
2602,40,2602,梦想精灵
2603,,2603,超念
2605,0,2604,毁灭小子
2605,40,2605,毁灭者
2607,0,2606,小小苍
2607,40,2607,玄苍
2608,,2608,青鸾
2610,0,2609,洛洛塔
2610,40,2610,洛西塔
2611,,2611,天帝龙皇
2612,,2612,米契尔
2613,,2613,费利顿
2615,0,2614,尼亚
2615,0,2615,艾欧尼亚
2617,0,2616,小光
2617,0,2617,荣耀之光
2618,,2618,堕天凯撒帝
2619,,2619,圣天女若希
2621,0,2620,基尔
2621,40,2621,飓风领主
2622,,2622,遁海金刚库巴
2623,,2623,阳
2625,0,2624,波尔
2625,40,2625,波兰
2627,0,2626,小瑞斯
2627,40,2627,战神瑞斯
2629,0,2628,阡小陌
2629,40,2629,圣君阡陌
2630,,2630,鬼才司马
2631,,2631,昭烈帝·刘备
2632,,2632,战武雄·曹操
2634,0,2633,孙小权
2634,40,2634,孙权
2635,,2635,神帝尊·孙权
2636,,2636,天道无极
2637,,2637,天道无极
2638,,2638,战拳袋鼠
2639,,2639,木面御剑侠
2641,0,2640,刃·凌昼
2641,40,2641,冰刃·苍凌昼
2643,0,2642,米儿
2643,40,2643,杰瑞米
2645,0,2644,混沌子
2645,40,2645,混沌凶兽
2646,,2646,八荒混沌
2648,0,2647,小暗
2648,40,2648,暗影龙翼
2649,,2649,超圣灵精灵
2650,,2650,龙焰波鲁
2651,,2651,幻刃米奥
2652,,2652,莎莎女王
2653,,2653,包公太二
2655,0,2654,和平小兵
2655,40,2655,和平使者
2657,0,2656,森仔
2657,40,2657,普利森
2659,0,2658,风暴熊猫
2659,40,2659,风暴神灵
2660,,2660,冰雪女皇
2661,,2661,展昭小阳
2662,,2662,噬炎月战神
2663,,2663,皓月巨灵
2664,,2664,神威吕布
2666,,2666,蓝宝神将
2667,,2667,公孙小阴
2668,0,2665,蓝小盾
2668,40,2668,蓝盾
2669,,2669,圣耀阿波罗
2670,,2670,神·幻尊星瞬
2671,,2671,神·白皇星焰
2673,0,2672,童小虎
2673,40,2673,童虎
2674,,2674,猪猪英雄
2675,,2675,炽尊狼王
2677,0,2676,卡纳
2677,40,2677,开拓者卡纳
2679,0,2678,但小尔
2679,40,2679,维托尔
2681,0,2680,雨果
2681,40,2681,天鹰雨果
2683,0,2682,卡依
2683,40,2683,依卡斯
2684,,2684,圣剑仙太白
2685,,2685,雨果怪人
2686,,2686,但丁伯爵
2687,,2687,南瓜阿呆
2688,,2688,巫师阿瓜
2689,,2689,神·雀皇紫辰
2691,0,2690,米小罗
2691,40,2691,米罗
2692,,2692,鹰眼
2693,,2693,炽狱吉拉
2694,,2694,武魂兔皇
2695,,2695,灵渊露龙
2696,,2696,神·玄皇耀凌
2698,0,2697,飞小流
2698,40,2698,飞流流
2700,0,2699,但丁
2700,40,2700,威虎但丁
2701,,2701,神·龙皇辉斗
2702,,2702,超神罗麦提
2704,0,2703,小水灵
2704,40,2704,水灵灵
2705,,2705,虎壁
2707,0,2706,小尤里
2707,40,2707,尤里
2709,0,2708,妮小凰
2709,40,2709,妮凰凰
2710,,2710,神·梵天
2711,,2711,幻舞貂婵
2713,0,2712,靖小牛
2713,40,2713,靖牛牛
2714,,2714,超源
2716,0,2715,小星矢
2716,40,2716,圣星矢
2717,,2717,蓝羽剑圣
2719,0,2718,玛斯
2719,40,2719,玛斯特
2721,0,2720,格雷
2721,40,2721,格雷夫
2723,0,2722,蔺小辰
2723,40,2723,蔺辰辰
2725,0,2724,歌德
2725,40,2725,狂鲨歌德
2726,,2726,鲨刃
2728,0,2727,宫小雨
2728,40,2728,宫雨雨
2729,,2729,暗夜幽兰
2730,,2730,魔君夜王
2731,,2731,幻影超T兔
2732,,2732,寒冰王子
2733,,2733,冰雪大帝
2735,0,2734,蒙小志
2735,40,2735,蒙志志
2737,0,2736,梅小苏
2737,40,2737,麒麟宗主
2739,0,2738,雷小塞
2739,40,2739,侯塞雷
2740,,2740,圣诞迷猴
2741,,2741,神羽奥天
2742,,2742,艾莉
2744,0,2743,小斯
2744,40,2744,德力斯
2745,,2745,2
2746,,2746,0
2747,,2747,1
2748,,2748,6
2750,0,2749,小古
2750,40,2750,盘古
2751,,2751,盘古
2753,0,2752,神小农
2753,40,2753,神农
2755,0,2754,小兽神
2755,40,2755,兽神
2756,,2756,霜炎法王
2758,0,2757,奈小斯
2758,40,2758,奈瑟斯
2760,0,2759,小拜陛下
2760,40,2760,拜伦
2761,,2761,神·阿斯兰
2762,,2762,火花天龙
2764,,2764,森罗可兰
2766,0,2765,小浪
2766,40,2766,圣灵浪人
2767,,2767,神迹圣天伊
2768,,2768,神迹圣天伊
2769,,2769,神迹圣天伊
2770,,2770,神迹圣天伊
2771,,2771,神迹圣天伊
2772,,2772,机械麦斗王
2774,0,2773,零式
2774,40,2774,归零者
2776,0,2775,凯小旋
2776,40,2776,凯旋
2777,,2777,神迹冰罗皇
2778,,2778,神迹冰罗皇
2779,,2779,神迹冰罗皇
2780,,2780,神迹冰罗皇
2781,,2781,神迹冰罗皇
2782,,2782,神迹帝卡
2783,,2783,神迹帝卡
2784,,2784,神迹帝卡
2785,,2785,神迹帝卡
2786,,2786,神迹帝卡
2788,0,2787,雪小莉
2788,40,2788,雪莉
2789,,2789,焰年翼兽
2791,0,2790,由加
2791,40,2791,自由之神
2792,,2792,自由之神
2793,,2793,超王精灵
2794,,2794,圣冕麒麟
2796,0,2795,八小一
2796,40,2796,八一
2797,,2797,龙太子
2798,,2798,龙太子
2799,,2799,龙太子
2800,,2800,龙太子
2801,,2801,龙太子
2802,,2802,神迹凌风
2803,,2803,神迹凌风
2804,,2804,神迹凌风
2805,,2805,神迹凌风
2806,,2806,神迹凌风
2807,,2807,神迹炎王
2808,,2808,神迹炎王
2809,,2809,神迹炎王
2810,,2810,神迹炎王
2811,,2811,神迹炎王
2812,,2812,凌魄卡卡修
2813,,2813,魂斗佐罗门
2814,,2814,炽寒天凤
2815,,2815,元宵兔
2816,,2816,神迹明王
2817,,2817,神迹明王
2818,,2818,神迹明王
2819,,2819,神迹明王
2820,,2820,神迹明王
2822,0,2821,穷奇子
2822,40,2822,穷奇凶兽
2823,,2823,天煞穷奇
2825,0,2824,迪加
2825,40,2825,英雄迪加
2826,,2826,岩波斗神
2827,,2827,萤
2828,,2828,祥瑞圣兽
2829,,2829,苍天
2830,,2830,苍天
2831,,2831,苍天
2832,,2832,苍天
2833,,2833,苍天
2835,0,2834,守山小怪
2835,40,2835,守山怪
2836,,2836,冴
2837,,2837,神迹辛格
2838,,2838,神迹辛格
2839,,2839,神迹辛格
2840,,2840,神迹辛格
2841,,2841,神迹辛格
2843,0,2842,雷欧
2843,40,2843,英雄雷欧
2845,0,2844,小小哉
2845,40,2845,哉
2846,,2846,鬼冥冴
2847,,2847,鬼冥冴
2848,,2848,鬼冥冴
2849,,2849,鬼冥冴
2850,,2850,鬼冥冴
2852,0,2851,塔小子
2852,40,2852,巅峰塔王
2854,0,2853,冽
2854,40,2854,妖王冽
2856,0,2855,小白羽
2856,40,2856,白羽精灵
2858,0,2857,小达尔
2858,40,2858,泰达尔
2859,,2859,白无冴
2860,,2860,花萤姬
2861,,2861,花萤姬
2862,,2862,花萤姬
2863,,2863,花萤姬
2864,,2864,花萤姬
2865,,2865,日月战武神
2867,0,2866,女小娲
2867,40,2867,女娲
2868,,2868,神峰山脉之魂
2869,,2869,炎天
2870,,2870,炎天
2871,,2871,炎天
2872,,2872,炎天
2873,,2873,炎天
2874,,2874,黑翼·天怒
2875,,2875,黑翼·天怒
2876,,2876,黑翼·天怒
2877,,2877,黑翼·天怒
2878,,2878,黑翼·天怒
2879,,2879,神迹拉诺斯
2880,,2880,神迹拉诺斯
2881,,2881,神迹拉诺斯
2882,,2882,神迹拉诺斯
2883,,2883,神迹拉诺斯
2885,0,2884,赛文
2885,40,2885,英雄赛文
2887,0,2886,小萨
2887,40,2887,萨智丁
2889,0,2888,小宙斯
2889,40,2889,宙斯
2890,,2890,宙斯
2891,,2891,娜娜
2892,,2892,焰语娜娜
2893,,2893,焰语娜娜
2894,,2894,焰语娜娜
2895,,2895,焰语娜娜
2896,,2896,焰语娜娜
2897,,2897,创世星神
2899,0,2898,小魂球
2899,40,2899,摄魂幽灵
2901,0,2900,小麦迪
2901,40,2901,麦迪文
2903,0,2902,小巨人
2903,40,2903,密室巨人
2904,,2904,黑翼·天煞
2905,,2905,黑翼·天煞
2906,,2906,黑翼·天煞
2907,,2907,黑翼·天煞
2908,,2908,黑翼·天煞
2910,0,2909,龙小敖
2910,40,2910,龙王敖兴
2911,,2911,浩天
2912,,2912,浩天
2913,,2913,浩天
2914,,2914,浩天
2915,,2915,浩天
2916,,2916,黑翼·瞳灵
2917,,2917,黑翼·瞳灵
2918,,2918,黑翼·瞳灵
2919,,2919,黑翼·瞳灵
2920,,2920,黑翼·瞳灵
2922,0,2921,小青羽
2922,40,2922,青羽精灵
2924,0,2923,诺诺
2924,40,2924,真言诺亚
2926,0,2925,辰辰
2926,40,2926,暗夜辰星
2927,,2927,神迹波塞冬
2928,,2928,神迹波塞冬
2929,,2929,神迹波塞冬
2930,,2930,神迹波塞冬
2931,,2931,神迹波塞冬
2932,,2932,圣堂伯爵
2934,0,2933,魔小花
2934,40,2934,魔花花
2935,,2935,麟儿
2936,,2936,浮云大圣
2937,,2937,三界弑神
2939,0,2938,阿达
2939,40,2939,魔犬阿达
2941,0,2940,帝女
2941,40,2941,帝女夙
2942,,2942,圣堂伯爵
2943,,2943,圣堂伯爵
2944,,2944,圣堂伯爵
2945,,2945,圣堂伯爵
2946,,2946,三界弑神
2947,,2947,三界弑神
2948,,2948,三界弑神
2949,,2949,三界弑神
2950,,2950,黑翼·雷霆
2951,,2951,黑翼·雷霆
2952,,2952,黑翼·雷霆
2953,,2953,黑翼·雷霆
2954,,2954,黑翼·雷霆
2955,,2955,黑翼·万钧
2956,,2956,黑翼·万钧
2957,,2957,黑翼·万钧
2958,,2958,黑翼·万钧
2959,,2959,黑翼·万钧
2961,0,2960,鱼白
2961,40,2961,天神白
2963,0,2962,无劫
2963,40,2963,天神劫
2964,,2964,帝天麟
2965,,2965,帝天麟
2966,,2966,乐天童心
2968,0,2967,小蓝羽
2968,40,2968,蓝羽精灵
2970,0,2969,小哈迪
2970,40,2970,哈迪斯
2971,,2971,玄天
2972,,2972,玄天
2973,,2973,玄天
2974,,2974,玄天
2975,,2975,玄天
2976,,2976,魔域星君
2977,,2977,魔域星君
2978,,2978,魔域星君
2979,,2979,魔域星君
2980,,2980,魔域星君
2981,,2981,冰拳皇艾司
2982,,2982,黑翼·疾星
2983,,2983,黑翼·疾星
2984,,2984,黑翼·疾星
2985,,2985,黑翼·疾星
2986,,2986,黑翼·疾星
2987,,2987,撒旦火焰
2989,0,2988,屈小原
2989,40,2989,屈原圣
2991,0,2990,小陵王
2991,40,2991,兰陵王
2993,0,2992,路亚
2993,40,2993,小天使路亚
2994,,2994,冥夜君狼王
2996,,2996,KK
2998,0,2995,小银
2998,40,2998,白翼御天使银
2999,,2999,森林女皇
3000,,3000,圣羽女皇
3001,0,2997,戮
3001,40,3001,六翼堕天使戮
3002,,3002,神迹魂王天使
3003,,3003,神迹魂王天使
3004,,3004,神迹魂王天使
3005,,3005,神迹魂王天使
3006,,3006,神迹魂王天使
3007,,3007,神迹神焰天使
3008,,3008,神迹神焰天使
3009,,3009,神迹神焰天使
3010,,3010,神迹神焰天使
3011,,3011,神迹神焰天使
3013,0,3012,小金羽
3013,40,3013,金羽精灵
3015,0,3014,轩小辕
3015,40,3015,轩辕
3016,,3016,金翼炽天使K
3017,,3017,巫妖王
3018,,3018,巫妖王
3019,,3019,巫妖王
3020,,3020,巫妖王
3021,,3021,巫妖王
3022,,3022,小天使王
3023,,3023,天使王
3024,,3024,天使王
3025,,3025,天使王
3026,,3026,天使王
3027,,3027,天使王
3028,,3028,天使王·完全体
3029,,3029,巫妖王·完全体
3030,,3030,乾坤修罗神·完全体
3031,,3031,四灵圣皇
3033,0,3032,惊羽小子
3033,40,3033,惊羽公子
3034,,3034,九天炎魄
3035,,3035,神迹圣天伊·完全体
3036,,3036,轩辕奇灵·完全体
3038,0,3037,白衣小琪
3038,40,3038,白衣雪琪
3039,,3039,浩天·完全体
3040,,3040,东皇太一·完全体
3042,0,3041,粉尾
3042,40,3042,八尾
3044,0,3043,轩辕小书
3044,40,3044,轩辕书书
3046,0,3045,战小火
3046,40,3046,战火之王
3047,,3047,神农·完全体
3048,,3048,女娲·完全体
3049,,3049,轩辕·完全体
3050,,3050,盘古·完全体
3051,,3051,盘古·完全体
3053,0,3052,六汪
3053,40,3053,六六六
3054,,3054,神獠月
3055,,3055,神獠月
3056,,3056,神獠月
3057,,3057,神獠月
3058,,3058,神獠月
3059,,3059,白夜叉
3060,,3060,白夜叉
3061,,3061,白夜叉
3062,,3062,白夜叉
3063,,3063,白夜叉
3064,,3064,白夜叉·完全体
3065,,3065,堕天凯撒帝·完全体
3067,0,3066,九尾白白
3067,40,3067,九尾小白
3068,,3068,归零者·完全体
3069,,3069,小黑翼王
3070,,3070,黑翼王
3071,,3071,黑翼王
3072,,3072,黑翼王
3073,,3073,黑翼王
3074,,3074,黑翼王
3075,,3075,黑翼王·完全体
3076,,3076,奥可梦
3077,,3077,灵仙碧瑶·完全体
3078,,3078,超凡鬼厉·完全体
3079,,3079,貘·完全体
3080,,3080,神迹炎王·完全体
3081,,3081,孙悟空·完全体
3083,0,3082,语尘子
3083,40,3083,旱魃·语尘
3084,,3084,天焰菲尔·完全体
3085,,3085,宙斯·完全体
3086,,3086,宙斯·完全体
3087,,3087,战火之王·完全体
3089,0,3088,小无冕之王
3089,40,3089,无冕之王·潜
3090,,3090,无冕之王·完全体
3092,0,3091,幻梦
3092,40,3092,幻象梦魇
3093,,3093,雷怒青龙·完全体
3094,,3094,滔天白虎·完全体
3095,,3095,焚炙朱雀·完全体
3096,,3096,泰岳玄武·完全体
3097,,3097,炎天·完全体
3099,0,3098,小星猩
3099,40,3099,猩猩队长
3100,,3100,日月战武神·完全体
3101,,3101,天宇圣龙·完全体
3102,,3102,芭比神鹿
3103,,3103,神羽奥天·完全体
3104,,3104,神迹帝卡·完全体
3106,0,3105,幻小狼
3106,40,3106,幻星狼神
3107,,3107,蓝宝神将·完全体
3109,0,3108,长牙小狮
3109,40,3109,疾风长牙狮
3110,,3110,Zeta·完全体
3112,0,3111,痕
3112,40,3112,御星痕
3113,,3113,洪荒之力
3114,,3114,天帝龙皇·完全体
3115,,3115,上古星龙·完全体
3116,,3116,四九天灵·完全体
3117,,3117,神迹天贝龙
3118,,3118,神迹天贝龙
3119,,3119,神迹天贝龙
3120,,3120,神迹天贝龙
3121,,3121,神迹天贝龙
3123,0,3122,伏小羲
3123,40,3123,伏羲
3124,,3124,伏羲·完全体
3125,,3125,超源·完全体
3126,,3126,金甲卫士
3127,,3127,无忧
3129,0,3128,小灵狐
3129,40,3129,千墨灵狐
3131,0,3130,怂小怪
3131,40,3131,鬼墨小怪
3132,,3132,水潮元素
3133,,3133,火怒元素
3134,,3134,金华元素
3135,,3135,木源元素
3136,,3136,土壁元素
3138,0,3137,无虑
3138,40,3138,鬼墨无虑
3139,,3139,黑翼·星皇
3140,,3140,黑翼·星皇
3141,,3141,黑翼·星皇
3142,,3142,黑翼·星皇
3143,,3143,黑翼·星皇
3144,,3144,圣修暗凯帝
3145,,3145,圣修暗凯帝·完全体
3146,,3146,阿修罗
3147,,3147,阿修罗
3148,,3148,阿修罗
3149,,3149,阿修罗
3150,,3150,阿修罗
3152,0,3151,小暗翼
3152,40,3152,暗翼女神
3154,0,3153,小屁颠
3154,40,3154,屁颠小偶
3155,,3155,鬼墨无忧
3156,,3156,鬼墨无忧·完全体
3157,,3157,千机变
3158,,3158,圣修光球
3159,,3159,暗凯影球
3160,,3160,阿修罗·完全体
3162,0,3161,小降龙
3162,40,3162,天吟降龙
3164,0,3163,龙小猫
3164,40,3164,龙猫武士
3165,,3165,森罗可兰·完全体
3166,,3166,守
3167,,3167,神迹冰罗皇·完全体
3168,,3168,冥夜君狼王·完全体
3169,,3169,后羿
3170,,3170,后羿·完全体
3171,,3171,龙吟守
3172,,3172,龙吟守·完全体
3173,,3173,八岐大蛇·完全体
3174,,3174,龙吟真
3175,,3175,盘龙魂
3176,,3176,传奇圣天伊
3177,,3177,黄金传奇圣天伊
3178,,3178,传奇神龙
3179,,3179,奶爸赵云
3180,,3180,传奇阿波罗
3182,0,3181,小碌碌
3182,40,3182,雪碌碌
3184,0,3183,小土星
3184,40,3184,镇星女神
3185,,3185,寒灵
3186,,3186,兵神韩信
3187,,3187,传奇Zeta
3188,,3188,传奇哈迪斯
3190,0,3189,冰姬
3190,40,3190,雪无冰姬
3191,,3191,传奇冰雪女皇
3192,,3192,雪无寒灵
3193,,3193,传奇阴
3194,,3194,传奇阳
3195,,3195,逆水寒
3196,,3196,传奇天道无极
3198,0,3197,烛小龙
3198,40,3198,烛龙
3200,0,3199,坤仔
3200,40,3200,乾坤
3201,,3201,传奇波鲁
3202,,3202,传奇莎莎
3203,,3203,传奇米奥
3205,0,3204,夜神
3205,40,3205,天元夜神
3206,,3206,生死寂
3207,,3207,传奇月神
3208,,3208,神锋王骑
3210,0,3209,璃
3210,40,3210,御星璃
3211,,3211,煌
3213,0,3212,小木星
3213,40,3213,木星女神
3214,,3214,洪荒王
3215,,3215,传奇烈焰凤凰
3216,,3216,传奇奇灵王
3217,,3217,传奇圣冕麒麟
3218,,3218,传奇龙太子
3220,,3220,传奇梅卡
3221,,3221,传奇四九天灵
3222,,3222,传奇雷帝神
3223,,3223,传奇奥天
3224,,3224,传奇炎帝
3225,,3225,传奇张飞
3226,,3226,天命
3227,,3227,传奇黑炎龙
3228,,3228,传奇朱天
3229,,3229,宿命
3230,,3230,命运之神
3232,0,3231,浅浅
3232,40,3232,帝姬白浅
3233,,3233,传奇暗翼
3234,,3234,传奇黑翼王
3235,,3235,塔罗
3237,0,3236,小影月
3237,40,3237,影月
3238,,3238,传奇星魔
3239,,3239,审判之神
3241,0,3240,嬴小政
3241,40,3241,嬴政
3242,,3242,传奇星龙
3244,0,3243,小界
3244,40,3244,界
3245,,3245,传奇宙斯
3246,,3246,传奇逍遥
3248,0,3247,小镜
3248,40,3248,镜
3249,,3249,传奇东皇太一
3251,0,3250,魇
3251,40,3251,诅咒之神
3253,0,3252,荆小轲
3253,40,3253,死亡荆轲
3254,,3254,传奇归零者
3255,,3255,喵喵
3256,,3256,智慧王
3257,,3257,传奇自由之神
3258,,3258,枪神赵子龙
3259,,3259,传奇凯撒帝
3260,,3260,御神护
3261,,3261,传奇孙悟空
3262,,3262,传奇塔王
3263,,3263,二郎神杨戬
3264,,3264,毁灭之神
3265,,3265,传奇妖王冽
3266,,3266,传奇源
3267,,3267,传奇修罗神
3269,0,3268,小火花
3269,40,3269,火星女神
3270,,3270,永生·毁灭之神
3271,,3271,传奇刘备
3272,,3272,传奇曹操
3273,,3273,传奇孙权
3274,,3274,传奇夜王
3275,,3275,天神·帝天麟
3276,,3276,帝魔·帝天麟
3277,,3277,传奇狼王
3278,,3278,传奇真言诺亚
3279,,3279,传奇暗夜辰星
3280,,3280,力量·轮回之神
3281,,3281,轮回之神
3282,,3282,传奇炽天使K
3283,,3283,回旋幻影·伊乐
3284,,3284,传奇冰晶凤凰
3285,,3285,传奇炽寒天凤
3287,0,3286,阎小罗
3287,40,3287,阎罗
3288,,3288,传奇天使王
3289,,3289,传奇无冕之王
3290,,3290,棋魂图腾
3291,,3291,帝释天
3293,0,3292,小柱子
3293,40,3293,晴天柱
3294,,3294,小浣
3295,,3295,传奇终结兔
3297,0,3296,小盖亚
3297,40,3297,地球女神
3298,,3298,力量王
3299,,3299,传奇山脉之魂
3300,,3300,传奇古渊露龙
3301,,3301,龙麒麟
3302,,3302,枪神王
3303,,3303,传奇霜炎法神
3304,,3304,传奇日月战武神
3305,,3305,帝凰昭君
3306,,3306,传奇奥可梦
3307,,3307,传奇七星神龙
3308,,3308,七星图腾
3309,,3309,传奇念
3310,,3310,传奇魔焰吉拉
3311,,3311,暗黑传奇圣天伊
3312,,3312,暗龙图腾
3313,,3313,传奇八岐龙吟
3314,,3314,岐龙图腾
3316,0,3315,小维纳斯
3316,40,3316,金星女神
3317,,3317,传奇龙吟真
3318,,3318,传奇可兰
3319,,3319,森罗图腾
3320,,3320,传奇白虎
3321,0,3323,桃子
3321,40,3321,吞天饕餮
3322,,3322,传奇明王
3324,,3324,始祖巨龙
3325,,3325,巨龙图腾
3326,,3326,传奇朱雀
3327,,3327,魔神吕布
3328,,3328,洪荒无极
3329,,3329,洪荒之力
3330,,3330,传奇圣羽女皇
3331,,3331,万灵王
3332,,3332,四灵图腾
3333,,3333,传奇青龙
3334,,3334,传奇玄武
3335,,3335,传奇苍穹圣龙
3337,0,3336,布道者莫格
3337,40,3337,红心K·莫格莱尼
3338,,3338,十字图腾
3339,,3339,传奇鬼墨无忧
3340,,3340,千机图腾
3341,,3341,传奇冥夜君狼王
3342,,3342,白夜图腾
3343,,3343,传奇帝卡
3344,,3344,始祖影龙
3346,0,3345,人鱼姬
3346,40,3346,人鱼姬·迦夜
3347,,3347,传奇盘古
3348,,3348,传奇阿修罗
3349,,3349,修罗图腾
3351,0,3350,九小霄
3351,40,3351,九霄
3352,,3352,传奇帝皇龙
3353,,3353,传奇关羽
3354,,3354,传奇菲尔
3355,,3355,传奇冰罗皇
3357,0,3356,小穷蛋托尔
3357,40,3357,方块K·托尔贝恩
3358,,3358,贪婪之杯
3359,,3359,传奇炎王
3360,,3360,传奇幻无极
3361,,3361,幻灵图腾
3363,0,3362,黑女巫戈林
3363,40,3363,梅花K·纳兹戈林
3364,,3364,死亡黑猫
3365,,3365,传奇战火之王
3366,,3366,始祖炎龙
3367,,3367,虚空龙爪
3368,,3368,始祖冰龙
3369,,3369,花嫁娘祝福
3370,,3370,霸王项羽
3371,,3371,传奇圣修暗凯帝
3372,,3372,始祖翼龙
3373,,3373,始祖光龙
3374,,3374,传奇凌风
3375,,3375,龍
3376,,3376,龍魂之剑
3377,,3377,六龙圣王
3378,,3378,传奇貘
3379,,3379,传奇冰雪大帝
3380,,3380,[王者羁绊]圣天伊
3381,,3381,[远古精灵王]伊撒尔
3383,0,3382,失明者怀特
3383,40,3383,[祸乱之源]黑桃K
3384,,3384,[斗转星移]智慧王
3385,,3385,[神之九尾]玉藻皇
3387,0,3386,幽荧
3387,40,3387,[太阴]幽荧
3388,,3388,[远古大妖]大天狗
3390,0,3389,烛照
3390,40,3390,[太阳]烛照
3391,,3391,[战场萝莉]赫尔薇尔
3392,,3392,[火神]祝融
3394,0,3393,小欧若拉
3394,40,3394,[铃樱少女]欧若拉
3396,0,3395,神王小奥丁
3396,40,3396,[诸神之父]奥丁大帝
3398,0,3397,小巨人伊米
3398,40,3398,[始祖巨人]伊米尔
3399,,3399,[逢魔之约]阴阳
3400,,3400,[曙光女神]欧若拉
3401,,3401,[四海龙王]敖兴
3402,,3402,[雷霆主宰]风暴龙
3403,,3403,[天罪弑神者]兰斯洛
3404,,3404,[鬼族之王]酒吞龙泉
3405,,3405,[天启堕神王]梵天
3406,,3406,[未来精灵王]梵天
3407,,3407,[万神之后]弗丽嘉
3408,,3408,[亘古鸿蒙]力量王
3409,,3409,[天道守护]东皇太一
3410,,3410,[驭龙英雄]神锋王骑
3411,,3411,[偷心女王]亚森罗宾
3412,,3412,[黄帝]轩辕
3413,,3413,[扶桑大神]伊邪那岐
3414,,3414,[黄泉大神]伊邪那美
3415,,3415,小晴明
3416,,3416,[阴阳总帅]晴明
3417,,3417,[破坏神]须佐之男
3418,,3418,[神之九尾]玉藻皇（式神）
3419,,3419,[远古大妖]大天狗（式神）
3420,,3420,[鬼族之王]酒吞龙泉（式神）
3421,,3421,[破坏神]须佐之男（式神）
3422,,3422,[黑夜教父]奥丁大帝
3423,,3423,[金翅神]迦楼罗
3424,,3424,[万王加冕]圣王麒麟
3425,,3425,[上古月神]神武月
3426,,3426,[暗杀舞姬]摩尔迦娜
3427,,3427,[太阳神]阿波罗
3428,,3428,[上古炎帝]战无炎
3429,,3429,[一代宗师]奇灵王
3430,,3430,[火之精灵王]菲尔
3431,,3431,[青莲剑仙]李白
3432,,3432,[幽月仙子]云霄
3433,,3433,[永夜君主]夜王
3434,,3434,[永夜公主]夜兰
3435,,3435,[白灵圣君]狼王
3436,,3436,[沙影谍王]阿里巴巴
3437,,3437,[神之使者]阿努比斯
3438,0,3442,诃利
3438,40,3438,[宇宙秩序]毗湿奴
3439,,3439,[人品帝]Lucky
3441,0,3440,小柴
3441,40,3441,[狗界大佬]柴哥
3443,,3443,[神机妙算]诸葛亮
3445,0,3444,小王子奥兰
3445,40,3445,[精灵王子]奥兰多
3446,,3446,[七十二柱]所罗门王
3447,,3447,神凡
3453,,3453,[众灵始初]通灵王
3454,,3454,[星界霸主]上古星龙
3455,,3455,[浴火成诗]烈如歌
3456,,3456,[星神十三宫]星魔
3457,,3457,[国民偶像]圣天伊
3458,,3458,[逢魔之约]阴阳（圣灵）
3459,,3459,[黄泉大神]伊邪那美（圣灵）
3460,,3460,[金翅神]迦楼罗（圣灵）
3461,,3461,[宇宙秩序]毗湿奴（圣灵）
3462,,3462,[冥主]哈迪斯
3463,,3463,[神王]宙斯
3464,,3464,[破冰重生]冰晶凤凰
3465,,3465,[浴火重生]烈焰凤凰
3466,,3466,[希望之神]奥天
3467,,3467,[龙胆神威]赵子龙
3468,,3468,[冰火涅槃]炽寒天凤
3469,,3469,[龙族至尊]帝皇龙
3470,,3470,[白垩传说]青翼龙王
3471,,3471,[星夜祭司]智慧王
3472,,3472,[圣光之子]修罗
3474,0,3473,夕颜
3474,40,3474,[圣堂祭祀]夕颜
3475,,3475,苏铁
3476,,3476,[齐天大圣]孙悟空
3477,,3477,[至尊宝]孙悟空
3478,,3478,[紫霞仙子]炽寒天凤
3479,,3479,[圣堂刺客]半夏
3480,,3480,[恶魔之子]凯撒
3481,,3481,[绝界剑主]苏铁
3482,,3482,[圣堂之主]舜华
3483,,3483,[傲慢与偏见]归零者
3484,,3484,[黑夜娜迦]暗翼女神
3485,,3485,[不败军神]伊撒尔
3486,,3486,[战争与和平]自由之神
3487,,3487,[永灵至尊]冥夜君狼王
3488,,3488,[通天神探]狄仁杰
3490,0,3489,乱舞
3490,40,3490,[炼金斗者]乱舞
3491,,3491,[神行谍影]黑翼王
3492,,3492,[海洋女神]忒提丝
3493,,3493,[光暗传说]圣修暗凯帝
3495,0,3494,（白）银
3495,40,3495,[无尽神兵]银
3496,,3496,[无限魔枪]黑
3497,,3497,[梦想为王]猪苗苗
3498,,3498,[灭世魔焰]黑炎龙
3499,,3499,[凛冬将至]冰雪大帝
3503,0,3502,小女神雅典娜
3503,40,3503,[智慧女神]雅典娜
3504,,3504,[万物之始]源
3506,0,3505,安娜
3506,40,3506,[星际女警]安娜
3507,,3507,[世界蛇]耶梦加得
3508,,3508,[最初的梦想]古渊露龙
3509,,3509,[地龙神]摩罗迦
3510,,3510,[应汝之愿]天使王
3511,,3511,[应汝之愿]天使王
3515,,3515,[最初的梦想]古渊露龙
3517,0,3516,诺亚
3517,40,3517,[黑客帝国]诺亚
3518,,3518,[上古神话]日月战武神
3519,,3519,[上古月神]神武月
3520,,3520,[上古炎帝]战无炎
3521,,3521,[神兵]帝刃
3522,,3522,[盖世英雄]力量王
3523,,3523,[绝地求生]枪神王
3524,,3524,[腾云驾雾]七星神龙
3525,,3525,[不朽寒冰]冰雪女皇
3526,,3526,[纵横捭阖]无冕之王
3527,,3527,[武绝苍穹]貘
3528,,3528,[王の假日]潜
3529,,3529,[水无止境]小8主
3530,,3530,[千古女帝]武则天
3531,,3531,[森林斗神]棕叶战熊
3534,,3534,[最初的希望]终结兔
3535,,3535,[最初的希望]终结兔
3536,,3536,[七星神帝]龙刃
3537,,3537,[天道阳极]阳
3538,,3538,[纵横捭阖]无冕之王
3539,,3539,[森林斗神]棕叶战熊
3540,,3540,[王の假日]潜
3541,,3541,[开天辟地]盘古
3542,,3542,[开天辟地]盘古
3543,,3543,[洪荒王]御星煌
3544,,3544,[浮生若梦]柒琉璃
3545,,3545,[浮生若梦]柒琉璃
3546,,3546,[天使之恋]莱特&若希
3547,,3547,[救赎之音]亚伯
3548,,3548,[天道阴极]阴
3549,,3549,[无双战神]吕布
3550,,3550,[造化阴阳]天道无极
3551,,3551,[天道阳极]阳
3552,,3552,[天道阴极]阴
3553,,3553,[睡美人]夏娃
3554,,3554,[最初的热血]魔焰吉拉
3555,,3555,[最初的热血]魔焰吉拉
3556,,3556,[二郎真君]杨戬
3557,,3557,[木之精灵王]可兰
3558,,3558,[寒冰王座]白虎
3559,,3559,[悬顶之剑]该隐
3560,,3560,[悬顶之剑]该隐
3561,,3561,[天选之王]亚当
3562,,3562,[天选之王]亚当
3563,,3563,[雷霆之怒]青龙
3564,,3564,[灵兽宫主]苍穹圣龙
3565,,3565,[不动如山]玄武
3566,,3566,[四象归一]万灵王
3567,,3567,[雷霆之怒]青龙（灵兽）
3568,,3568,[寒冰王座]白虎（灵兽）
3569,,3569,[烈焰红莲]朱雀（灵兽）
3570,,3570,[不动如山]玄武（灵兽）
3571,,3571,[烈焰红莲]朱雀
3572,,3572,苍穹之王者天刃
3573,,3573,苍穹之王者圣符
3574,,3574,苍穹之王者龙盾
3575,,3575,苍穹之王者神翼
3576,,3576,[天下第一龙]龍
3577,,3577,[玄音神]乾达婆
3578,,3578,[凌月无双]噬炎月战神
3579,,3579,[冰封的思念]尤莱亚
3580,,3580,[水之精灵王]梅卡
3581,,3581,[天地复初]乾坤
3582,,3582,[天地复初]乾坤
3583,,3583,[天道主宰]乾坤
3584,,3584,[天道主宰]乾坤
3586,0,3585,山丘小子霍比
3586,40,3586,[山丘之王]霍比特
3587,,3587,[克敌机先]天枢影
3588,,3588,[天地玄黄]洪荒无极
3589,,3589,[洪荒王]御星煌
3590,,3590,[洪荒之主]御星璃
3591,,3591,[洪荒之主]御星璃
3592,,3592,[伍心开阳]姬如意
3593,,3593,[伍心开阳]姬如意
3594,,3594,[神鹤凤翎]天神白
3595,,3595,[帝魔凰权]帝女夙
3596,,3596,[神魔之子]帝天麟
3597,,3597,[气吞山河]圣体力量王
3598,,3598,[气吞山河]圣体力量王
3599,,3599,[冥夜千机]鬼墨无忧
3601,0,3600,后卿
3601,40,3601,[荧惑魅灵]后卿
3603,,3603,灵天释
3604,0,3602,灵天释
3604,40,3604,[玉衡金仙]灵天释
3605,,3605,[玉衡金仙]灵天释
3606,,3606,[纯血妖王]冽
3607,,3607,[弈天下]纵横子
3608,,3608,[星现万物]王者智慧王
3609,,3609,[九重天主]东华帝君
3610,,3610,[剑化阴阳]钧天
3611,,3611,[破灭洪荒]八岐大蛇
3613,0,3612,九天玄女
3613,40,3613,[天之骄女]九天玄女
3614,,3614,[御魂破咒]八岐龙吟
3615,,3615,[破灭洪荒]八岐大蛇
3616,,3616,[御天龙魂]龙吟守
3617,,3617,[执掌天权]御渊
3618,,3618,[执掌天权]御渊
3619,,3619,[御天龙魂]龙吟守
3620,,3620,[时间法则]王者伊撒尔
3621,,3621,[幻召虚空]白皇星焰
3622,,3622,[混沌之镜]幻尊星瞬
3623,,3623,[无畏兵神]韩信
3624,,3624,[无畏兵神]韩信
3625,,3625,[无敌斗尊]龙皇辉斗
3626,,3626,[不死传说]雀皇紫辰
3628,,3628,紫轩
3629,0,3627,紫轩
3629,40,3629,[万界天枢]紫璇
3630,,3630,[万界天枢]紫璇
3631,,3631,[圣剑传说]龙神
3632,,3632,[王者圣剑]龙天伊
3633,,3633,[王者羁绊]圣天伊
3634,,3634,[圣剑传说]龙神
3636,0,3635,紫楼
3636,40,3636,[天玑天璇]重楼
3637,,3637,[元素审判]玄皇耀凌
3638,,3638,天玑珠
3639,,3639,天璇剑
3641,0,3640,小羲
3641,40,3641,[御日月缔时光]羲和
3643,,3643,小洛羲
3644,0,3642,小洛羲
3644,40,3644,[时间终焉]洛羲
3645,,3645,[时间终焉]洛羲
3646,,3646,[天启之光]通灵梵天
3647,,3647,[幻召虚空]白皇星焰（四皇）
3648,,3648,[无敌斗尊]龙皇辉斗（四皇）
3649,,3649,[不死传说]雀皇紫辰（四皇）
3650,,3650,[元素审判]玄皇耀凌（四皇）
3651,,3651,[魔法少女]爱丽丝
3652,,3652,[魔法少女]爱丽丝
3653,,3653,[幻灵灭杀]幻无极
3654,,3654,[五虎蛇吞海]张飞
3655,,3655,[八部天龙]龙太子
3656,,3656,[天命七星]神兵圣王
3657,,3657,[伍心开阳]姬如意（神兵）
3658,,3658,[玉衡金仙]灵天释（神兵）
3659,,3659,[天玑天璇]重楼（神兵）
3660,,3660,[执掌天权]御渊（神兵）
3661,,3661,[万界天枢]紫璇（神兵）
3662,,3662,[登峰造极]巅峰塔王
3663,,3663,罗睺
3664,,3664,[神爱世人]王者天使王
3665,,3665,[冰雪奇缘]绝界欧若拉
3666,,3666,[湮灭诸天]九曜
3667,,3667,[湮灭诸天]九曜
3668,,3668,[王启诸灵]王者通灵王
3669,,3669,[广寒仙子]嫦娥
3670,,3670,[大道至臻]天命王
3671,,3671,[大道至臻]天命王
3672,,3672,[王之冕]英雄圣王麒麟
3673,,3673,[王之冕]英雄圣王麒麟
3674,,3674,[神谕之光]绝界阿波罗
3675,0,3682,小俊
3675,40,3675,[破轮回斩因果]帝俊
3676,,3676,[YES.I.DO]羲和
3677,,3677,[YES.I.DO]至臻羲和
3678,,3678,[五虎鹏偃月]关羽
3679,,3679,[圣武月神]圣体神武月
3680,,3680,[圣武月神]圣体神武月
3681,,3681,[圣武月神]至臻神武月
3683,,3683,[天焰至尊]王者菲尔
3684,,3684,[天蓬元帅]猪八戒
3685,,3685,[春光灿烂]猪八戒
3686,,3686,[欢天喜地]小龙女
3687,,3687,[欢天喜地]小龙女
3688,,3688,[圣战炎帝]圣体战无炎
3689,,3689,[圣战炎帝]圣体战无炎
3690,,3690,[神帝]圣体日月战武神
3691,,3691,[神帝]圣体日月战武神
3692,,3692,[梦回太古]姜子牙
3693,,3693,[五虎龙震天]王者赵云
3694,,3694,[五虎凤燎原]马超
3695,,3695,[五虎凤燎原]马超
3697,0,3696,小月
3697,40,3697,[月亮女神]阿尔忒弥斯
3698,,3698,[月桂女神]达芙妮
3699,,3699,[月桂女神]达芙妮
3701,0,3700,伊
3701,40,3701,[永恒之影]伊
3703,,3703,唯
3704,0,3702,唯
3704,40,3704,[皆为序曲]过去之神
3705,,3705,[皆为序曲]过去之神
3706,,3706,[贪婪之罪]神秘战无炎
3708,,3708,[圣域曙光]圣体奥天
3709,,3709,[圣域曙光]圣体奥天
3710,,3710,[五虎鹰击空]黄忠
3711,,3711,[磁暴重拳]猩猩队长
3712,,3712,[逆星神]绝界星魔
3713,,3713,[幽翼灵喵]夜一
3714,,3714,[天之羽衣]辉夜姬
3715,,3715,[天之羽衣]辉夜姬
3716,,3716,[星神主]绝界上古星龙
3717,,3717,[大小姐]孙尚香
3718,,3718,[大小姐]孙尚香
3719,,3719,[蜀汉天尊]刘备
3720,,3720,[五虎鹏偃月]关羽（五虎）
3721,,3721,[五虎蛇吞海]张飞（五虎）
3722,,3722,[五虎龙震天]王者赵云（五虎）
3723,,3723,[五虎凤燎原]马超（五虎）
3724,,3724,[五虎鹰击空]黄忠（五虎）
3725,,3725,[樱の舞]洛羲
3726,,3726,[樱の恋]羲和
3728,0,3727,心
3728,40,3728,[星空梦想]心
3729,,3729,[扶桑至高神]伊邪那氏
3730,,3730,[扶桑大神]伊邪那岐
3731,,3731,[黄泉大神]伊邪那美
3732,0,3736,扉
3732,40,3732,[皆有可能]未来之神
3733,,3733,[皆有可能]未来之神
3734,,3734,[白夜执事]上古星龙
3735,,3735,樱の恋舞
3737,,3737,扉
3738,,3738,[樱の舞]洛羲
3739,,3739,[空间羁绊]超维圣天伊
3740,,3740,[空间法则]超维伊撒尔
3741,,3741,[贵妃醉酒]杨玉环
3742,,3742,[元气萌妹]圣天伊
3743,,3743,[唯我独尊]超维帝皇龙
3744,,3744,[将进酒]王者李白
3745,,3745,[贵妃醉酒]杨玉环
3746,0,3753,小龙母
3746,40,3746,[龙族起源]龙母
3747,,3747,[秘法魔导]龙族大法师
3748,,3748,[始祖传承]六龙圣王
3749,,3749,[YES.MY.LOVE]帝俊
3750,,3750,[YES.MY.LOVE]至臻帝俊
3751,,3751,仲夏夜之梦
3752,,3752,梦中的婚礼
3754,,3754,[万物生辉]王者可兰
3755,,3755,[薄荷宾治]可兰
3757,0,3756,笑
3757,40,3757,[乐园意志]笑
3758,,3758,[东风不破]超维诸葛亮
3760,,3760,哈哈
3761,0,3759,哈哈
3761,40,3761,[皆是虚妄]现在之神
3762,,3762,[皆是虚妄]现在之神
3763,,3763,[御龙诀]超维孙悟空
3764,,3764,[舞凤绝]双生炽寒天凤
3765,,3765,[破冰重生]冰晶凤凰
3766,,3766,[浴火重生]烈焰凤凰
3767,,3767,[堕怠之罪]大妖神武月
3768,,3768,[绝世之音]高渐离
3769,,3769,[八荒战神]英雄东皇太一
3770,,3770,[八荒战神]英雄东皇太一
3771,,3771,[蜜糖初恋]达芙妮
3772,,3772,[蓝莓冰沙]洛羲
3773,,3773,[草莓奶昔]欧若拉
3774,,3774,[扶摇九万里]逍遥
3775,,3775,[蓝莓冰沙]洛羲
3776,,3776,[天地起源]超维盘古
3777,,3777,[人族起源]女娲
3778,,3778,[天使恋之吻]羲和
3779,,3779,[红粉佳人]阿尔忒弥斯
3780,,3780,夏日派对
3781,,3781,[亚特兰蒂斯]通灵亚当
3782,,3782,[睡美人]夏娃（救世主）
3783,,3783,[绝界剑主]苏铁（救世主）
3784,,3784,[无尽神兵]银（救世主）
3785,,3785,[黑客帝国]诺亚（救世主）
3786,,3786,[悬顶之剑]该隐（救世主）
3787,,3787,[傲慢之罪]嗜血狼王
3788,,3788,[傲慢之罪]嗜血狼王
3789,,3789,[冰雪王族]女皇大帝
3790,,3790,[众神天罚]超维宙斯
3791,,3791,[万冥天罪]王者哈迪斯
3792,,3792,[暴食之罪]噬魂夜王
3793,,3793,[暴食之罪]噬魂夜王
3794,,3794,[天地道无极]双生乾坤
3795,,3795,[天道主宰]乾坤
3796,,3796,[天地复初]乾坤
3797,,3797,[乱世妖狐]苏妲己
3798,,3798,[乱世妖狐]苏妲己
3799,,3799,[云想衣裳花想容]羲和
3800,,3800,[无界无序无限]时空王
3801,,3801,[皆为序曲]过去之神（诸神）
3802,,3802,[皆是虚妄]现在之神（诸神）
3803,,3803,[皆有可能]未来之神（诸神）
3804,,3804,[轮回法则]灵魂伊撒尔
3805,,3805,灵魂
3806,,3806,[六道欲界天]阿修罗
3807,,3807,[轮回羁绊]灵魂圣天伊
3808,,3808,[超可爱]时空王
3809,,3809,空
3810,,3810,[黑白相生]灵魂奇灵王
3811,,3811,[色欲之罪]暴君凯撒
3812,,3812,[嫉妒之罪]黯帝修罗
3813,,3813,[超凶]伊撒尔
3814,,3814,超凶超可爱
3815,,3815,[远古意志]智慧力量王
3816,,3816,[亘古鸿蒙]力量王
3817,,3817,[斗转星移]智慧王
3818,,3818,[一发入魂]灵魂枪神王
3819,,3819,[天玄圣主]四九天灵
3820,,3820,[天玄圣主]四九天灵
3821,,3821,[深藏功与名]通灵无冕之王
3822,,3822,[神爱世人]王者天使（五王）
3823,,3823,[八荒战神]英雄东皇太一（五王）
3824,,3824,[黑白相生]灵魂奇灵王（五王）
3825,,3825,[武霸天下]灵魂貘
3826,,3826,[帝凰于飞]王昭君
3827,,3827,[萌妹小编]车厘子
3828,,3828,[隐形守护者]潜
3829,,3829,[少女的祈祷]貘
3830,,3830,唯一的线人
3831,,3831,[暗影之夜]绝界黑翼王
3832,,3832,[黑暗星光]灵魂洛羲
3833,,3833,[听风者]黑翼王
3834,,3834,[探索者]奇灵王
3835,,3835,[暗影之夜]绝界黑翼王（五王）
3836,,3836,[隐形守护者]潜
3837,,3837,命运主宰
3838,,3838,[愤怒之罪]命运伊撒尔
3839,,3839,[愤怒羁绊]命运圣天伊
3840,,3840,[狩猎者]东皇太一
3841,,3841,[狩猎者]东皇太一
3842,,3842,[原罪]神妖日月战武神
3843,,3843,[贪婪之罪]神秘战无炎
3844,,3844,[堕怠之罪]大妖神武月
3845,,3845,[天国咏唱]命运天使王
3846,,3846,[治愈者]天使王
3847,,3847,[地狱孤影]命运念
3848,,3848,王牌特工
3849,,3849,[浩海之主]王者梅卡
3850,,3850,[超神中单]梅卡
3851,,3851,[混世魔童]哪吒
3852,,3852,[混世魔童]哪吒
3853,0,3866,小妖刀
3853,40,3853,[斩魔妖刀]曰
3854,,3854,[巾帼之刃]花木兰
3855,0,3867,以撒
3855,40,3855,[魔神王]以撒
3856,,3856,[七宗罪]通灵伊撒尔
3857,,3857,[贪婪之罪]神秘战无炎（七罪）
3858,,3858,[堕怠之罪]大妖神武月（七罪）
3859,,3859,[傲慢之罪]嗜血狼王(七罪）
3860,,3860,[暴食之罪]噬魂夜王（七罪）
3861,,3861,[色欲之罪]暴君凯撒（七罪）
3862,,3862,[嫉妒之罪]黯帝修罗（七罪）
3863,,3863,[愤怒之罪]命运伊撒尔（七罪）
3864,,3864,[再见精灵王]伊撒尔
3865,,3865,再见，英雄
3868,,3868,[傲世之灵]灵魂万灵王
3869,,3869,[君临四象]王者万灵王
3870,,3870,[三位一体]至尊精灵王
3871,,3871,[未来王座]超维梵天
3872,,3872,[玄谋神算]太乙真人
3874,0,3873,薇拉
3874,40,3874,[蔷薇女王]薇拉
3875,,3875,[傲睨万物]超维源
3876,,3876,[豆蔻年华]绝界弗丽嘉
3877,,3877,[秩序起源]神启·乾坤
3878,,3878,[秩序神女]洛洛离（神启者）
3880,0,3879,洛洛离
3880,40,3880,[秩序神女]洛洛离
3881,,3881,愿得一人心
3882,,3882,执子之手
3883,,3883,[圣女]贞德
3884,,3884,[圣女]贞德
3885,,3885,[全知全能]命运奥丁大帝
3886,,3886,[至高神权]通灵奥丁大帝
3887,,3887,[始祖巨人]伊米尔（诸神）
3888,,3888,[精灵王子]奥兰多（诸神）
3889,,3889,[智慧女神]雅典娜（诸神）
3890,,3890,[山丘之王]霍比特（诸神）
3891,,3891,[举杯邀明月]乾坤
3892,,3892,[举杯邀明月]乾坤
3893,,3893,[花间一壶酒]洛洛离
3894,,3894,[花间一壶酒]至臻洛洛离
3895,,3895,[创始元灵]圣体通灵王
3896,,3896,[创始元灵]圣体通灵王
3897,,3897,[阴阳百鬼主]灵魂晴明
3898,,3898,[欲望与苦难]命运所罗门王
3899,,3899,[不灭战神]王者力量王
3900,,3900,[五杀上单]力量王
3901,,3901,盖亚
3903,,3903,[自然起源]神启·盖亚
3904,,3904,[自然灵女]薇薇安（神启者）
3906,0,3905,薇薇安
3906,40,3906,[自然灵女]薇薇安
3907,,3907,[绝望龙神]尼德霍格
3908,,3908,[黑夜玫瑰]龙母
3909,,3909,[不朽星神]超维智慧王
3910,,3910,[沉鱼之姿]西施
3911,,3911,[血色蔷薇]羲和
3912,,3912,[王者打野]智慧王
3913,,3913,夜色未央
3914,,3914,[终极合体]王牌战队
3915,,3915,[夜月轻语]圣体夜兰
3916,,3916,[夜月轻语]圣体夜兰
3917,,3917,[大道轮回]灵魂天命王
3919,0,3918,莉莉丝
3919,40,3919,[混沌魔女]莉莉丝
3920,,3920,[始祖龙尊]命运龍
3921,,3921,[混沌起源]神启·卡奥斯
3922,,3922,[混沌魔女]莉莉丝（神启者）
3923,,3923,星辉时代·圣天伊
3924,,3924,星辉时代·黄金圣天伊
3925,,3925,星辉少女·小熊座
3926,,3926,辉煌城主·天龙座
3927,,3927,圣诞前夜·天龙座
3928,,3928,救世天幕·时空王
3929,,3929,天青色等烟雨·时空王
3930,,3930,绯红女王·大熊座
3931,,3931,愿望成真·小熊座
3932,,3932,天穹之君·仙王座
3933,,3933,星宇之姬·仙后座
3934,,3934,冬日约定·仙王座
3935,,3935,雪夜流星·大熊座
3936,,3936,自由女王·拜伦
3937,,3937,末世樱剑舞·千夏
3938,,3938,冬日恋歌·仙后座
3939,,3939,一起过圣诞！
3941,0,3940,小星河
3941,40,3941,宇之终始星之诞灭·银河
3942,,3942,光翼缔造者·创世星灵
3943,,3943,撒旦之子·魔域星君
3944,,3944,灵刀巫女·千夏
3945,,3945,天使的凝望·银河
3946,,3946,神之战鳞·枪魂应龙
3947,,3947,神之皇鳞·剑魂白泽
3948,,3948,神之帝鳞·扇魂毕方
3949,,3949,神之圣鳞·镜魂青鸾
3950,,3950,无双剑意·剑帝修纳
3951,,3951,芳绯初樱·欧若拉
3952,,3952,天灾统领·巫妖王
3953,,3953,末世红镰闪·希尔瓦娜斯
3954,,3954,春晖神女·可兰
3955,,3955,女仆·可兰
3956,,3956,女仆·欧若拉
3957,,3957,死神镰刀
3958,,3958,神之审判·白天使王
3959,,3959,魔之禁锢·黑天使王
3960,,3960,花晨月夕·洛羲
3961,,3961,女仆·洛羲
3962,,3962,女仆欢迎你
3963,,3963,魔王·撒旦
3964,,3964,天使恶魔·米迦勒x路西法
3965,,3965,天使恶魔·米迦勒x路西法
3966,,3966,万王天谕·圣王麒麟
3967,,3967,万事如意·锦毛鼠
3968,,3968,星轨圣裁之回响·羲和
3969,,3969,女仆·羲和
3970,,3970,女仆·银河
3971,,3971,梦里花落知多少
3972,,3972,主人，欢迎光临
3973,,3973,女仆咖啡馆
3974,,3974,日月轮回之龙息·帝俊
3975,,3975,万世龙尊·帝皇龙
3976,,3976,仁者无敌·湛卢
3977,,3977,龙少·帝俊
3978,,3978,少爷的专属女仆
3979,,3979,真炎神君·菲尔
3980,,3980,四灵之主·苍穹圣龙
3981,,3981,东方灵兽·青龙
3982,,3982,南方灵兽·朱雀
3983,,3983,开天地创净土·盘古
3984,,3984,西方灵兽·白虎
3985,,3985,北方灵兽·玄武
3986,,3986,斗战胜佛·孙悟空
3987,,3987,浮光般若·炽寒天凤
3988,,3988,皆归四象·万灵王
3989,,3989,大暗黑天·孙悟空
3990,,3990,无烬噩梦·伊撒尔
3991,,3991,圣光守护·超时空王
3992,,3992,威震天下·太阿
3993,,3993,归来仍是少年·伊撒尔
3994,,3994,蝴蝶千里传相思
3995,,3995,伊邪那氏·那美x那岐
3996,,3996,伊邪那氏·那美x那岐
3997,,3997,森林之息·花冠公主
3998,,3998,万物长·惊蛰
3999,,3999,第一真祖·黑翼王
4000,,4000,覆天之影·黑翼王
4002,0,4001,露易丝
4002,40,4002,第二真祖·露易丝
4003,,4003,百花绽·春分
4004,,4004,万神之王·宙斯
4005,,4005,万冥之主·哈迪斯
4006,,4006,雨纷纷·清明
4007,,4007,末日神话·宙斯
4008,,4008,主天道御天下·乾坤
4009,,4009,四界共主·乾坤
4010,,4010,醉红颜·洛洛离（神启者）
4011,,4011,醉红颜·洛洛离
4012,,4012,把酒长欢·乾坤
4013,,4013,落樱吹雪·洛洛离
4014,,4014,樱花の约
4015,,4015,天道无极·阴x阳
4016,,4016,天道无极·阴x阳
4017,,4017,知时节·雨水
4018,,4018,剑越九霄·逍遥
4019,,4019,醉剑踏沧浪·逍遥
4020,,4020,大道独行·天命王
4021,,4021,春光晓·谷雨
4022,,4022,凤冠霞帔·至臻银河
4023,,4023,红衣一袭怜娇软
4024,,4024,龙诫诸天·阿修罗
4025,,4025,轮回溯梦·伊撒尔
4026,,4026,天启神君·梵天
4027,,4027,春晖暖·立春
4028,,4028,豆丁精灵王·伊撒尔
4029,,4029,神国之主·奥丁大帝
4030,,4030,太极生两仪·东皇太一
4031,,4031,荒宇生无极·东皇太一
4033,0,4032,瑠璃
4033,40,4033,菩提本无树·瑠璃
4034,,4034,圣道御天·轩辕夏禹
4035,,4035,永恒浩劫·奥丁大帝
4036,,4036,未来计划·黯帝修罗
4037,,4037,未来计划·暴君凯撒
4038,,4038,花未央·立夏
4039,,4039,大佬有点萌·修罗
4040,,4040,大佬有点拽·凯撒
4041,,4041,源水风暴·梅卡
4042,,4042,星尊裁决·上古星龙
4043,,4043,未来计划·嗜血狼王
4044,,4044,正当时·小满
4045,,4045,大佬有点呆·狼王
4046,,4046,龙魂永曜·龍
4047,,4047,须弥天帝·帝释天
4048,,4048,未来计划·噬魂夜王
4049,,4049,大佬有点酷·夜王
4050,,4050,破虚空衍群龙·龙母
4051,,4051,万龙之上·至高龙尊
4052,,4052,尊贵无双·纯钧
4053,,4053,惊鸿逐月·李白
4054,,4054,龙傲天·至高龙尊
4055,,4055,万龙之上·至高龙尊
4056,,4056,命运交响·亚当
4057,,4057,未来计划·神秘战无炎
4058,,4058,谷满尖·芒种
4059,,4059,大佬有点憨·战无炎
4060,,4060,星辰造世·奇灵王
4061,,4061,混元合一·奇灵王
4062,,4062,智慧希望·密涅瓦x潘多拉
4063,,4063,智慧希望·密涅瓦x潘多拉
4064,,4064,空间魂梦·伊撒尔
4065,,4065,诸王黎明·亚瑟王
4066,,4066,未来计划·大妖神武月
4067,,4067,荷满塘·夏至
4068,,4068,大佬有点壮·神武月
4069,,4069,野餐浪起来
4070,,4070,造自然耀万物·盖亚
4071,,4071,万灵永恒·盖亚
4072,,4072,花间序·薇薇安（神启者）
4073,,4073,花间序·薇薇安
4074,,4074,末法斩业·迦楼罗
4075,,4075,光明之神·阿波罗
4076,,4076,统御四海·敖兴
4077,,4077,光年之外·银河
4078,,4078,绝对时空法则·王者时空王
4079,,4079,无限星空·智慧王
4080,,4080,倾国倾城·大乔x小乔
4081,,4081,倾国倾城·大乔x小乔
4082,,4082,竹林风·小暑
4083,,4083,天堂创世之光·王者天使王
4084,,4084,无限神力·力量王
4085,,4085,天鹅之夜·米迦勒x路西法
4086,,4086,天鹅之夜·米迦勒x路西法
4087,,4087,凯旋王者·天使王
4088,,4088,时间故梦·王者伊撒尔
4089,,4089,超感猎手·枪神王
4090,,4090,血狱魔躯·赤色梦魇
4091,,4091,月下竹·大暑
4092,,4092,真理之门·无冕之王
4093,,4093,武绝凌天·貘
4094,,4094,雁飞暮雪·王昭君
4095,,4095,相伴十载·初心未来
4096,,4096,初心
4097,,4097,未来
4098,,4098,末世遗迹·无冕之王
4099,,4099,时光的轨迹·至臻初心未来
4100,,4100,时光的轨迹·初心未来
4101,,4101,致我们的十年
4102,,4102,傲凡尘启仙灵·女娲
4103,,4103,不虚藕霸·哪吒
4104,,4104,布偶相·哪吒
4105,,4105,农夫相·哪吒
4106,,4106,侦探相·哪吒
4107,,4107,仙官相·哪吒
4108,,4108,神明相·哪吒
4109,,4109,十年の热血·魔焰吉拉
4110,,4110,凉风至·立秋
4111,,4111,万圣喵娘·哪吒
4112,,4112,热血不熄·魔焰吉拉
4113,,4113,未来计划·日月战武神
4114,,4114,未来计划·日月战武神
4115,,4115,通天神威·王者孙悟空
4116,,4116,万刀伏魔·曰
4117,,4117,十年の梦想·古渊露龙
4118,,4118,梦想起舞·古渊露龙
4119,,4119,扉之光时之晖·王者羲和
4120,,4120,梦幻绮丽之夜·羲和
4121,,4121,十年の希望·终结兔
4122,,4122,榴满枝·处暑
4123,,4123,梦沐黎明·羲和
4124,,4124,希望格斗·终结兔
4125,,4125,相伴十载
4126,,4126,晨曦沐梦
4127,,4127,GOD·无冕之王
4128,,4128,深渊之主·拉莱耶
4129,,4129,英霸之气·诸葛亮
4130,,4130,剑归无形·承影
4131,,4131,小奈亚
4132,,4132,深渊の凝视·奈亚
4133,,4133,斗篷人·奈亚
4134,,4134,远古精灵王·伊撒尔
4135,,4135,曙色幽·白露
4136,,4136,绝望挽歌·奈亚
4137,,4137,破碎的心
4138,,4138,星河御月之流辉·望舒
4139,,4139,忘川临世·鬼墨无忧
4140,,4140,未来之貌·羲和
4141,,4141,驭灵度众生·通灵王
4142,,4142,驭灵度众生·SP通灵王
4143,,4143,一起学习吧·密涅瓦x潘多拉
4144,,4144,一起学习吧·密涅瓦x潘多拉
4145,,4145,鸿蒙初启·洪荒王
4146,,4146,翩鸿引梦·御星璃
4147,,4147,桂盈梢·秋分
4148,,4148,一起放学吧·米迦勒x路西法
4149,,4149,一起放学吧·米迦勒x路西法
4150,,4150,星辉灵魂
4151,,4151,诸神至高王座·王者奥丁大帝
4152,,4152,审判之枪·奥丁大帝
4153,,4153,神国天后·弗丽嘉
4154,,4154,创世·神·撒迦利亚
4155,,4155,灭世·龙·撒迦利亚
4156,,4156,妖相百斩·洪荒无极
4157,,4157,未来计划·圣修暗凯帝
4158,,4158,未来计划·圣修暗凯帝
4159,,4159,华灯初上·奥丁大帝
4160,,4160,长夜未央·撒迦利亚
4161,,4161,翩翩少年·奥丁大帝
4162,,4162,桀骜少年·撒迦利亚
4163,,4163,中秋家宴
4164,,4164,誓约之谊
4165,0,4169,九黎
4165,40,4165,九黎兵主·蚩尤
4166,,4166,伐天堕神·刑天
4167,,4167,鹿鸣仙风·姜子牙
4168,,4168,晓霜重·寒露
4170,,4170,未来计划·冥夜君狼王
4171,,4171,未来计划·冥夜君狼王
4172,,4172,骖龙孤影行·赵云
4173,,4173,金蕊繁·霜降
4174,,4174,十殿阎罗·地藏王
4175,,4175,第二真祖·SP露易丝
4176,,4176,飘渺绝尘·七星龙渊
4177,,4177,暗夜咏叹调·银河
4178,,4178,一起开动吧·露易丝
4179,,4179,众神の意志·王者宙斯
4180,,4180,寂夜之叹息
4181,,4181,夜未央人未眠
4182,,4182,神谕天佑·圣王麒麟
4183,,4183,君临沧海·圣王麒麟
4184,,4184,游龙回雪·金步摇（神启者）
4186,0,4185,阿摇
4186,40,4186,游龙回雪·金步摇
4187,,4187,吉祥物·圣王麒麟
4188,,4188,麒麟舞魂·至臻圣王麒麟
4189,,4189,麒麟舞魂·圣王麒麟
4190,,4190,端丽冠绝画中颜
4191,,4191,终极未来计划·王牌战队
4193,0,4192,孟婆
4193,40,4193,彼岸永望·孟婆
4194,,4194,今宵寒·立冬
4195,,4195,时代巨鳄·王牌战队
4196,,4196,菩提本无树·SP瑠璃
4197,,4197,踏阙飞影·鱼肠
4198,,4198,琴语轻·小雪
4199,,4199,乱世英豪·吕布
4200,,4200,一曲相思意·貂蝉
4201,,4201,烈焰天辉·菲尔
4203,0,4202,知世
4203,40,4203,不语奈何·知世
4204,,4204,帝刹穹天·至高龙尊
4205,,4205,无时歇·大雪
4206,,4206,吾即太阳·阿波罗
4207,,4207,月冕之曜·阿尔忒弥斯
4208,,4208,一起赏花吧·瑠璃
4209,,4209,传说亚比
4210,,4210,辉耀万世之光·阿波罗
4211,,4211,幽径拾光·达芙妮（神启者）
4212,,4212,幽径拾光·达芙妮
4213,,4213,太阳女神·至臻阿波罗
4214,,4214,只属于你的太阳
4215,,4215,神枪镇山河·韩信
4216,,4216,照世之澜·梅卡
4217,,4217,虚数重构·黛依
4218,,4218,盼佳节·冬至
4219,,4219,黑暗未来计划·念
4220,,4220,傲慢之念·念
4221,,4221,暴食之念·念
4222,,4222,堕怠之念·念
4223,,4223,贪婪之念·念
4224,,4224,嫉妒之念·念
4225,,4225,色欲之念·念
4226,,4226,不羁如风·奥列弗x纳希
4227,,4227,不羁如风·奥列弗x纳希
4228,,4228,天启新篇·梵天
4229,,4229,生命礼赞·可兰
4230,,4230,一起看雪吗·奈亚
4231,,4231,平行时空的她们
4233,0,4232,穷穷
4233,40,4233,零阶·愚者
4236,,4236,逆理·世界
4238,,4238,无畏·战车
4239,,4239,龙海云荒·龙太子
4240,,4240,龙海云荒·龙太子
4241,,4241,寄芳思·小寒
4242,,4242,异星的低语·愚者
4243,,4243,刹那即永恒
4245,,4245,裂穹之斩·龙刃
4246,,4246,魔神·以撒
4247,,4247,无烬噩梦·传说伊撒尔
4248,,4248,星轨圣裁之回响·传说羲和
4249,,4249,花晨月夕·传说洛羲
4250,,4250,待暖春·大寒
4251,,4251,雕栏玉砌·可兰
4252,,4252,光年之外的来客
4253,,4253,混沌龙骑·伊撒尔
4254,,4254,天使恶魔·SP米迦勒x路西法
4255,,4255,天使恶魔·SP米迦勒x路西法
4256,,4256,崩坏·天使王
4257,,4257,无序·魔术师
4258,,4258,禁锢审判·传说天使王
4259,,4259,群星璀璨穹宇之巅·银河
4260,,4260,主天道御天下·传说乾坤
4261,,4261,水墨风韵·羲和
4262,,4262,白釉青花·洛羲
4264,0,4263,胜遇
4264,40,4264,灰烬熔芯·胜遇
4266,0,4265,小锦鲤
4266,40,4266,地隐微澜·小锦鲤
4267,,4267,牛气冲天·牛魔王
4268,,4268,日月轮回之龙息·传说帝俊
4269,,4269,虚空龙裁·帝俊
4270,,4270,同心结缘·银河
4271,,4271,镂金翦彩·愚者
4272,,4272,新春快乐
4273,,4273,天使恶魔·SP米迦勒x路西法（璀璨版）
4274,,4274,天使恶魔·SP米迦勒x路西法（璀璨版）
4275,,4275,龙门
4276,,4276,天与海的誓言·梦
4277,,4277,“梦”照进了现实
4278,,4278,阴阳主百鬼王·晴明
4279,,4279,鸾歌凤鸣·烈焰凤凰
4280,,4280,玄鹤游方·翎（神启者）
4281,,4281,玄鹤游方·翎
4282,,4282,凰诏天赦·烈焰凤凰
4283,,4283,无瑕·女祭司
4284,,4284,凤仪天下·至臻烈焰凤凰
4285,,4285,上元佳节繁花落·梦
4286,,4286,凤临人间千秋盛世
4287,,4287,良辰美景与君度
4288,,4288,智慧希望·SP密涅瓦x潘多拉
4289,,4289,智慧希望·SP密涅瓦x潘多拉
4290,,4290,枭影暗香来·孙尚香
4291,,4291,破晓战姬·孙尚香
4292,,4292,绝望·尼德霍格
4293,,4293,圣剑之佑·白羽公主
4294,,4294,三皇圣祖·伏羲
4295,,4295,逆天·孙悟空
4296,,4296,斗战胜佛·传说孙悟空
4297,,4297,罔相仪形·蜃龙
4298,,4298,卧虎藏龙·孙悟空
4299,,4299,绝望之龙
4300,,4300,绝望·尼德霍格
4301,,4301,绝望·尼德霍格
4302,,4302,绝望·尼德霍格
4303,,4303,绝望·尼德霍格
4304,,4304,绝望·尼德霍格
4305,,4305,华夏始祖·轩辕
4306,,4306,救世天幕·传说时空王
4307,,4307,百药先祖·神农
4308,,4308,育灵天地间·王者女娲
4310,0,4309,玄霄
4310,40,4310,云墨苍生·玄霄
4311,,4311,城阙夜千重·女娲
4312,,4312,无上·主祭
4313,,4313,日月曜重光·盘古
4314,,4314,后土圣女·岁岁祈（神启者）
4315,,4315,后土圣女·岁岁祈
4316,,4316,开天启明之圣·盘古
4317,,4317,圣降·元初之天
4318,,4318,天地英雄气·盘古
4319,,4319,喵星人与铲屎官
4320,,4320,智慧希望·SP密涅瓦x潘多拉（璀璨版）
4321,,4321,智慧希望·SP密涅瓦x潘多拉（璀璨版）
4322,,4322,轮回溯梦·传说伊撒尔
4323,,4323,神裁·奥天
4324,,4324,国士无双·伊撒尔
4325,,4325,论风流还看今朝
4326,,4326,山河不夜天
4327,,4327,大道独行·SP天命王
4328,,4328,夜羽执事·洛世琦
4329,,4329,全知·律
4330,,4330,百里昊
4331,,4331,深渊之问·律
4332,,4332,深渊の枷锁
4333,,4333,白荆棘之吻·愚者
4334,,4334,1234
4335,,4335,权御万界·天帝昊天
4337,0,4336,百里长夜
4337,40,4337,恶业轮回·魔君夜渊
4338,,4338,挚情不渝·干将x莫邪
4339,,4339,挚情不渝·干将x莫邪
4340,,4340,大荒之战
4341,,4341,无依·恋人
4342,,4342,梵音净心·乾达婆
4343,,4343,掌混沌终因果·卡奥斯
4344,,4344,黑蔷薇·莉莉丝
4345,,4345,来自混沌的天使·卡奥斯
4346,,4346,追逐微光的天使·莉莉丝
4347,,4347,来自混沌的天使·至臻卡奥斯
4348,,4348,追逐微光的天使·至臻莉莉丝
4349,,4349,一生的情诗
4350,,4350,你是我唯一的光
4351,,4351,黑蔷薇·莉莉丝（神启者）
4352,,4352,妖相百斩·SP洪荒无极
4353,,4353,应天·源
4354,,4354,月下华尔兹·孟婆
4355,,4355,星神誓约·星魔
4356,,4356,群星之怒·上古星龙
4357,,4357,瀚空碧海之辰·上古星龙
4358,,4358,星神誓约·星魔（神启者）
4359,,4359,遨游星辰间·龙母
4360,,4360,沧溟帝姬·上古星龙
4361,,4361,沧溟帝姬·至臻上古星龙
4362,,4362,深海遗梦
4363,,4363,希望龙神·厄尔庇斯
4364,,4364,苍雷怒涛·风暴龙
4366,0,4365,赫菲斯
4366,40,4366,末世幽火悯·赫菲斯托斯
4367,,4367,神域初晓之刻·王者龙母
4368,,4368,无界·隐者
4369,,4369,断罪恕业·白夜叉
4370,,4370,寒露凝霜·冰雪女皇
4371,,4371,雪夜玲珑心·冰雪女皇
4372,,4372,无垢之爱·龙母
4373,,4373,造物主与悠久乐园
4374,,4374,绝对水域·王者梅卡
4375,,4375,菩提本无树·SP瑠璃（璀璨版）
4376,,4376,传世经典·景泰蓝
4377,,4377,桔黄影·景泰蓝
4378,,4378,丹青影·景泰蓝
4379,,4379,明黄影·景泰蓝
4380,,4380,玉绿影·景泰蓝
4381,,4381,珊瑚红影·景泰蓝
4382,,4382,荷紫影·景泰蓝
4383,,4383,潜龙在渊·帝皇龙
4384,,4384,神龙佑世·帝皇龙
4385,,4385,苍龙御天·帝皇龙
4386,,4386,剑遇流光·逍遥
4387,,4387,传世经典·景泰蓝（神启者）
4388,,4388,玉阁藏琳琅·帝皇龙
4389,,4389,玉阁藏琳琅·至臻帝皇龙
4390,,4390,景泰蓝之灵
4391,,4391,冥夜瞬影·王者黑翼王
4392,,4392,永夜玫瑰·夜兰
4393,,4393,第二真祖·SP露易丝（璀璨版）
4394,,4394,云轩点翠影·景泰蓝
4395,,4395,听风听雨画娥眉
4396,,4396,武绝凌天·传说貘
4398,0,4397,骸
4398,40,4398,巨神撼世·骸
4399,,4399,战意亚比
4400,,4400,一念无明·藏灵一
4401,,4401,天象主宰·天干x地支
4402,,4402,天象主宰·天干x地支
4403,,4403,雾山火行·闻人翊悬
4404,,4404,火行·闻人翊悬
4405,,4405,无尽·命运之轮
4406,,4406,地龙天威·摩罗迦
4407,,4407,睨世龙决·银河
4408,,4408,十年热血志竞巅峰
4409,,4409,苦具憎恚·孔雀
4410,,4410,SR战士
4411,,4411,解构·王者世界
4412,,4412,尔等为臣·女帝
4413,,4413,末世双子·R100xR101
4414,,4414,末世双子·R100xR101
4415,,4415,金玉良缘·愚者
4416,,4416,无山阿·藏灵一
4417,,4417,想你的夜·世界
4418,,4418,旧约断罪书·撒迦利亚
4419,,4419,血色神灾·暗黑雷帝神
4420,,4420,苦具憎恚·嗔兽孔雀
4421,,4421,夏日欧尼酱·世界
4422,,4422,金玉良缘·至臻愚者
4423,,4423,月圆花好配天长
4424,,4424,清辉朗月·王者望舒
4425,,4425,梦回长安·王昭君
4426,,4426,月影蝶梦·望舒
4427,,4427,破晓棋局·无冕之王
4428,,4428,泰坦巨神王·普罗米修斯
4429,,4429,一心
4430,,4430,一意
4431,,4431,至高冠冕之谕·真理之后
4432,,4432,携手同行·一心一意
4433,,4433,无拘·倒吊人
4434,,4434,王の夏日·潜
4435,,4435,王の夏日·至臻潜
4436,,4436,碧海晴空！迎风起航！
4437,,4437,蔚蓝海风·真理之后
4438,,4438,曙光的指引
4439,,4439,盛夏热梦
4440,,4440,心中有梦，一切如意！
4441,,4441,厄
4442,,4442,赤焰星芒·王者菲尔
4443,,4443,深潜者·克拉肯
4444,,4444,上古圣兽·雾山麒麟
4445,,4445,万兽辟易·雾山麒麟
4446,,4446,梦幻云端之忆·梦
4447,,4447,特别邀约·梦
4448,,4448,鹊桥仙·牛郎x织女
4449,,4449,鹊桥仙·牛郎x织女
4450,,4450,镜中花意中人·梦
4451,,4451,秘密花园
4452,,4452,未来计划·传说日月战武神
4453,,4453,神诫·宙斯
4454,,4454,缠绕者·利维坦
4455,,4455,厄瑞玻斯
4456,,4456,混沌之子·厄瑞玻斯
4457,,4457,深渊意志·拉莱耶
4458,,4458,致命魔眼·美杜莎
4459,,4459,无私·死神
4460,,4460,冠军辅助·菲尔
4461,,4461,生命诗篇·厄瑞玻斯
4462,,4462,永恒的乐园
4463,,4463,轮回の终焉·奈亚
4464,,4464,深渊の呼唤·克希拉
4465,,4465,心机兔·克希拉
4466,,4466,星辉羁绊·圣天伊
4467,,4467,夜与萤之歌·克希拉
4468,,4468,花与虹之诗·奈亚
4469,,4469,达斯特首辅大臣
4470,,4470,空间魂梦·传说伊撒尔
4471,,4471,时光如汐·洛羲
4472,,4472,花与虹之诗·至臻奈亚
4473,,4473,深渊之拥
4474,,4474,至圣不朽之勋·奥丁大帝
4475,,4475,神权规诫准则·吉尔伽美什
4476,,4476,浅樱铃音·欧若拉
4477,,4477,琼枝桂影·嫦娥
4478,,4478,金宫女神·至臻奥丁大帝
4479,,4479,繁华落幕，心之归宿
4480,,4480,未来计划·传说圣修暗凯帝
4481,,4481,碧水柔波·西施
4482,,4482,繁星流转宇宙生灭·银河
4483,,4483,无邪·节制
4484,,4484,暗物质创世母神·提亚玛特
4485,,4485,黎明神后·弗丽嘉
4486,,4486,星宇之噬·银河
4487,,4487,永恒之约·银河
4488,,4488,永恒之约·至臻银河
4489,,4489,星河之梦·提亚玛特
4490,,4490,星河随想曲·银河
4491,,4491,糖果小夜曲·提亚玛特
4492,,4492,永恒星河
4493,,4493,星河相约
4494,,4494,流星的祝福，花海的回忆
4495,,4495,命运福音·亚当
4496,,4496,天国恩光·天使王
4497,,4497,逆转未来·光明英雄
4498,,4498,星夜轻舞·小熊座
4499,,4499,总裁也加班·天使王
4500,,4500,零之使徒·光明英雄
4501,,4501,软萌少女酱·梦
4502,,4502,总裁哥哥的宠妹日常
4503,,4503,绿野扉光·王者可兰
4504,,4504,未来计划·传说冥夜君狼王
4505,,4505,金牌射手·可兰
4506,,4506,电竞王者
4507,,4507,圣祷安魂曲·露易丝
4508,,4508,白袍御无双·赵云
4509,,4509,娑罗幻灭·念空
4510,,4510,无妄·恶魔
4511,,4511,划破黑夜的流星·露易丝
4512,,4512,划破黑夜的流星·至臻露易丝
4513,,4513,银色高跟鞋
4514,,4514,夺命魔弹·枪神王
4516,0,4515,月下绯
4516,40,4516,苍月之剑·月下绯
4517,,4517,众生自然之灵·盖亚
4518,,4518,神灵
4519,,4519,自然庇护·盖亚
4520,,4520,花之絮语·薇薇安
4521,,4521,长恨歌·杨玉环
4522,,4522,聆听万物的低语·盖亚
4523,,4523,聆听万物的低语·至臻盖亚
4524,,4524,夜色醉人，梦醒时分
4525,,4525,无垢幻境·白皇星焰
4526,,4526,残月烬灭·幻尊星瞬
4527,,4527,终极神威·王牌战队
4528,,4528,红颜傲骨·穆桂英
4530,0,4529,温妮
4530,40,4530,燃愿之念·温妮
4531,,4531,无解·塔
4532,,4532,拂过伊甸的微风·至臻密涅瓦x潘多拉
4533,,4533,拂过伊甸的微风·至臻密涅瓦x潘多拉
4534,,4534,拂过伊甸的微风·密涅瓦x潘多拉
4535,,4535,拂过伊甸的微风·密涅瓦x潘多拉
4536,,4536,堇色晚霞风
4537,,4537,诸邪无我·八岐龙吟
4538,,4538,龙啸奥义·龙皇辉斗
4539,,4539,帝道归心·赤霄
4540,,4540,小咏春
4541,,4541,咏春意千秋魂·奇灵王
4542,,4542,咏春传承·奇灵王
4543,,4543,千秋武魂·咏春
4545,0,4544,卡亚
4545,40,4545,至诚之心·卡亚
4546,,4546,逆元·奇灵王
4547,,4547,窗含西岭千秋雪·咏春
4548,,4548,遥知不是雪，为有暗香来
4549,,4549,壹号机-力量型
4550,,4550,壹号机-远程型
4551,,4551,壹号机-敏捷型
4552,,4552,万古龙魂·龍
4553,,4553,朱染雀羽·雀皇紫辰
4554,,4554,奇灵神灵
4555,,4555,直抵未来之辰星·梵天
4556,,4556,无垢幻境·白皇星焰（四皇）
4557,,4557,龙啸奥义·龙皇辉斗（四皇）
4558,,4558,朱染雀羽·雀皇紫辰（四皇）
4559,,4559,混元启世·玄皇耀凌（四皇）
4560,,4560,混元启世·玄皇耀凌
4561,,4561,剑荡星宇·七星龙渊
4562,,4562,跨越时光的思念·梵天
4563,,4563,我们所希望的未来
4564,,4564,穷穷小恶霸·愚者
4566,0,4565,小识
4566,40,4566,引万意掌器界·阿赖耶识
4567,,4567,阴阳合一·天道无极
4568,,4568,多闻北尊·混元
4569,,4569,广目西尊·紫金
4570,,4570,增长南尊·青云
4571,,4571,持国东尊·碧玉
4572,,4572,翩然夜色·阿赖耶识
4573,,4573,光年之外·提亚玛特
4574,,4574,光年之外，花海之约
4575,,4575,无量乐土·末那
4577,0,4576,尘纱
4577,40,4577,宿命之尘·尘纱
4578,,4578,月下邀约·末那
4579,,4579,猫王子与在逃公主
4580,,4580,小小魔法师·密涅瓦x潘多拉
4581,,4581,小小魔法师·密涅瓦x潘多拉
4582,,4582,横扫沧海·龙太子
4583,,4583,梅落神穹·乾坤
4584,,4584,天道秩序之尊·乾坤
4585,,4585,锋芒毕露·太阿
4586,,4586,温泉馆主·至臻乾坤
4587,,4587,醉心泉·洛洛离
4588,,4588,映照闹市的霓虹·奈亚
4589,,4589,昆仑温泉馆
4590,,4590,乾坤神灵
4591,,4591,我欲齐天·孙悟空
4592,,4592,深渊の凝视·SP奈亚
4593,,4593,醉心梅开·洛洛离
4594,,4594,映照闹市的霓虹·至臻奈亚
4595,,4595,漆黑追踪者
4596,,4596,流云碧落日月之辉·羲和
4597,,4597,诸天万世我主浮沉·帝俊
4598,,4598,勇敢猫猫·小黑
4599,,4599,勇敢猫猫·罗小黑
4600,,4600,醉心泉·洛洛离（动效特写海报）
4602,0,4601,虎虎生威·小寅
4602,40,4602,虎虎生威·寅抚
4603,,4603,小白
4604,,4604,小白（伙伴）
4605,,4605,深渊の凝视·SP奈亚（璀璨版）
4606,,4606,日月泉·羲和
4607,,4607,日月泉·羲和（动效特写海报）
4608,,4608,夜雪思卿·至臻帝俊
4609,,4609,月夜星灯，泛舟湖上
4610,,4610,喵喵大吉·罗小黑
4611,,4611,熵寂·愚者
4612,,4612,无穷泉·愚者
4613,,4613,无穷泉·愚者（动效特写海报）
4614,,4614,相思泉·阿赖耶识
4615,,4615,相思泉·阿赖耶识（动效特写海报）
4616,,4616,星穹溯光苍生为棋·银河
4617,,4617,山新
4618,,4618,山新（伙伴）
4619,,4619,星河泉·银河
4620,,4620,星河泉·银河（动效特写海报）
4621,,4621,温泉物语
4622,,4622,阿根
4623,,4623,阿根（伙伴）
4624,,4624,天与海的誓言·SP梦
4625,,4625,超界领域·时空王
4626,,4626,最强人类·无限
4627,,4627,青锋飒沓·鱼肠
4628,,4628,写在天空的情书·至臻梦
4629,,4629,写在天空的情书·梦
4630,,4630,樱色悄悄话
4631,,4631,万象一新·无限
4632,,4632,帝临山河·圣王麒麟
4633,,4633,瑞兽赐福·圣王麒麟
4634,,4634,噬神者·柏拉图
4635,,4635,天与海的誓言·SP梦（璀璨版）
4636,,4636,纪念日之夜，梦幻圆舞曲
4637,,4637,登临·愚者
4638,,4638,圣王麒麟神灵
4639,,4639,英雄之火·菲尔
4640,,4640,海蒂拉玛
4641,,4641,海蒂
4642,,4642,逆元·菲尔
4643,,4643,虚空权能之神·格劳孔
4644,,4644,纯白之灾厄·海蒂拉玛
4645,,4645,剑舞轻别离·孙尚香
4646,,4646,曙光交响乐·真理之后
4647,,4647,"独坐一隅,静享时光"
4648,,4648,灾厄救世主·海蒂拉玛
4649,,4649,君子隐秀·纯钧
4650,,4650,梦想乡·至臻海蒂拉玛
4651,,4651,梦想乡·海蒂拉玛
4652,,4652,命运的拐点
4653,,4653,黑白之契
4654,,4654,天地开辟诸界降诞·盘古
4655,,4655,鏖战尘世·盘古
4656,,4656,山岳赋·岁岁祈
4657,,4657,逆元·盘古
4658,,4658,盘古神灵
4659,,4659,轻云敝月众生随·女娲
4660,,4660,众生怒·阿赖耶识
4661,,4661,乐土将倾，红莲绽放
4662,,4662,护卫型小纸人
4663,,4663,管家型小纸人
4664,,4664,山海立万物生·女娲
4665,,4665,山海玄女·须须罗（神启者）
4667,0,4666,阿须罗
4667,40,4667,山海玄女·须须罗
4668,,4668,冥道蚀骨·阿修罗
4669,,4669,剑客行雪·承影
4670,,4670,山海志·至臻女娲
4671,,4671,山海志·至臻盘古
4672,,4672,山海异兽·鲲
4673,,4673,山海异兽·九尾狐
4674,,4674,剑挽沧溟·梅卡
4675,,4675,逆元·梅卡
4676,,4676,喵之野餐·末那
4677,,4677,初恋绯樱·冰雪女皇
4678,,4678,少女兔的小秘密
4679,,4679,太阳神的庇护·阿波罗
4680,,4680,神光普照·阿波罗
4681,,4681,倾心月桂·达芙妮
4682,,4682,笔触下的爱恋·至臻阿波罗
4683,,4683,笔触下的爱恋·阿波罗
4684,,4684,心尖上的向日葵
4685,,4685,阿波罗神灵
4686,,4686,永远的精灵王·伊撒尔
4687,,4687,时音弥漫·洛羲
4688,,4688,曲终盼相逢·貂蝉
4689,,4689,万界混沌之主·卡奥斯
4690,,4690,缱绻花吻·莉莉丝
4691,,4691,天道帝威·帝释天
4692,,4692,山海志·至臻卡奥斯
4693,,4693,芳茗叹人间·莉莉丝
4694,,4694,混沌挽歌·伊撒尔
4695,,4695,山海异兽·䑏疏
4696,,4696,朝朝暮暮，岁岁年年
4697,,4697,混沌暗涌，遥岸之危
4698,,4698,卡奥斯神灵
4699,,4699,幽夜蝶舞·夜兰
4700,,4700,天使永恒之梦·夜兰
4701,,4701,梦落云端
4702,,4702,裂斩沧澜·帝皇龙
4703,,4703,荒宇独霸·帝皇龙
4704,,4704,爆炎火域·炎王
4705,,4705,微风中的眺望·至臻帝皇龙
4706,,4706,微风中的眺望·帝皇龙
4707,,4707,夜幕下的风信子
4708,,4708,帝皇龙神灵
4709,,4709,纯白之羽·米迦勒
4710,,4710,漆黑之翼·路西法
4711,,4711,邂逅云朵的晴空·米迦勒x路西法
4712,,4712,邂逅云朵的晴空·米迦勒x路西法
4713,,4713,生命初始之章·龙母
4714,,4714,龙族龙女·玲玲珑（神启者）
4715,,4715,魈鬼破势·白夜叉
4717,0,4716,玲玲珑
4717,40,4717,龙族龙女·玲玲珑
4718,,4718,酒酬剑行·李白
4719,,4719,山海志·至臻龙母
4720,,4720,邂逅云朵的晴空·至臻米迦勒x路西法
4721,,4721,邂逅云朵的晴空·至臻米迦勒x路西法
4722,,4722,山海异兽·青鸾
4723,,4723,绚丽碧海天
4724,,4724,大道无形·天命王
4725,,4725,公子无双·姜子牙
4726,,4726,异乡人
4727,,4727,灼世辉光·烈焰凤凰
4728,,4728,凤鸣岐山·烈焰凤凰
4729,,4729,水墨行·翎
4730,,4730,红楹下的相思·至臻烈焰凤凰
4731,,4731,红楹下的相思·烈焰凤凰
4732,,4732,回忆里的凤凰花
4733,,4733,烈焰凤凰神灵
4734,,4734,泰坦神铠·骸
4735,,4735,惊雷通天·敖兴
4736,,4736,不染尘·瑠璃
4737,,4737,古韵花舫·阿赖耶识
4738,,4738,渲染盛典的色彩·瑠璃
4739,,4739,葬花吟
4740,,4740,古韵花舫·阿赖耶识（动效特写海报）
4741,,4741,太极化万象·东皇太一
4742,,4742,东皇太一神灵
4744,0,4743,太初
4744,40,4744,太极之源·太初
4745,,4745,天道战神·东皇太一
4746,,4746,清音妙律·乾达婆
4747,,4747,一脚定江山·东皇太一
4748,,4748,渲染盛典的色彩·至臻瑠璃
4749,,4749,武道宗师·东皇太一
4750,,4750,蓝色梦幻曲
4751,,4751,我们的浪漫旅行
4752,,4752,臣服于我·女帝
4753,,4753,绝影蚀月·黑翼王
4754,,4754,燃烧的意志·魔焰吉拉
4755,,4755,末世双犬·R110xR111
4756,,4756,末世双犬·R110xR111
4757,,4757,古韵醴舫·女帝
4758,,4758,一棋弈天下·潜
4759,,4759,古韵醴舫·女帝（动效特写海报）
4760,,4760,晞光的祈唤·王者羲和
4761,,4761,天神启示之光·天使王
4762,,4762,古韵琴舫·羲和
4763,,4763,古韵琴舫·羲和（动效特写海报）
4764,,4764,武霸寰宇·貘
4765,,4765,雁山雾霭·王昭君
4766,,4766,一箭破天穹·黑翼王
4767,,4767,轮回誓约·无冕之王
4768,,4768,轮回女神·梅比乌斯
4769,,4769,永恒泰坦·普罗米修斯
4770,,4770,萌妹主播·车厘子
4771,,4771,不变的梦想·古渊露龙
4772,,4772,无名守夜人·至臻潜
4773,,4773,轮回崩坏·梅比乌斯
4774,,4774,雀羽琳琅·梅比乌斯
4775,,4775,一算富九州·天使王
4776,,4776,一骑踏凌霄·奇灵王
4777,,4777,光明如你所愿
4778,,4778,终夜流影
4779,,4779,黑寂魔姬
4780,,4780,五王陪你度周年
4781,,4781,超越轮回的羁绊
4782,,4782,漫天樱落·欧若拉
4783,,4783,不灭的希望·终结兔
4784,,4784,无名守夜人·潜
4785,,4785,疾锋魅影·逍遥
4786,,4786,都市猎人
4787,,4787,星辰无尽瀚星辉光·银河
4788,,4788,银河神灵
4789,,4789,浣纱留影·西施
4790,,4790,异星诡影·别西卜
4791,,4791,古韵诗舫·银河
4792,,4792,古韵舞舫·提亚玛特
4793,,4793,江南烟雨，古韵美人
4794,,4794,古韵诗舫·银河（动效特写海报）
4795,,4795,古韵舞舫·提亚玛特（动效特写海报
4796,,4796,邃古凌苍·日月战武神
4797,,4797,昆仑
4798,,4798,幽桂弄影·冰雪女皇
4799,,4799,秩序之子·昆仑
4800,,4800,秩序万界之柱·乾坤
4801,,4801,海妖·塞壬
4802,,4802,深渊终章·律
4803,,4803,裂神妖主·昆仑
4804,,4804,山海志·至臻乾坤
4805,,4805,山海异兽·狰
4806,,4806,少年侠骨，岁月如故
4807,,4807,贤者的悲歌·L
4808,,4808,最后的贤者·艾蕾
4809,,4809,墩墩·艾蕾
4810,,4810,英雄之躯·L
4811,,4811,守候在无人归处·至臻艾蕾
4812,,4812,回不去的故乡，梦不到的团圆
4813,,4813,贤者陨落，殉道之旅
4814,,4814,永恒裁决之枪·奥丁大帝
4815,,4815,奥丁大帝神灵
4816,,4816,断罪神灵之刻·吉尔伽美什
4817,,4817,花灯伴月·月兔
4818,,4818,极寒冰域·冰罗皇
4819,,4819,守候在无人归处·艾蕾
4820,,4820,至耀女神·奥丁大帝
4821,,4821,燃烧的末日，永恒的羁绊
4822,,4822,罪域裁决龙神·撒迦利亚
4823,,4823,乐海无忧·海忘忧
4824,,4824,世界尽头的曙光·撒迦利亚
4825,,4825,海洋甜心·羲和
4826,,4826,万物新生的呼唤·可兰
4827,,4827,倾城之舞·杨玉环
4828,,4828,逆元·可兰
4829,,4829,花的嫁纱·至臻阿赖耶识
4830,,4830,花与夜之恋
4831,,4831,多元·愚者
4832,,4832,愚者神灵
4833,,4833,陨尘造物星神主·星尘
4834,,4834,缤纷童话·愚者
4835,,4835,神国璀璨之光·弗丽嘉
4836,,4836,蝶惑魅影·至臻愚者
4837,,4837,蝶惑魅影·愚者
4838,,4838,绒兔陷阱·星尘
4839,,4839,奇幻之夜
4840,,4840,重构·世界
4841,,4841,梦晶心迹·梅比乌斯
4842,,4842,星神宫之主·上古星龙
4843,,4843,上古星龙神灵
4844,,4844,永坠星域·星魔
4845,,4845,太古龙威·明王
4846,,4846,花庭里的回忆·至臻上古星龙
4847,,4847,花庭里的回忆·上古星龙
4848,,4848,星空下的玛格丽特
4849,,4849,希望虹光·厄尔庇斯
4850,,4850,围城之上·敖兴
4851,,4851,都市传说
4852,,4852,自然造物之柱·王者盖亚
4853,,4853,烽火赤壁·周瑜
4854,,4854,破灭龙音·龙族大法师
4855,,4855,夜色暗涌·梅比乌斯
4856,,4856,山海志·至臻盖亚
4857,,4857,山海异兽·夫诸
4858,,4858,邪心幻刃·念
4859,,4859,十佳歌手·念
4860,,4860,万界归一·天帝昊天
4861,,4861,终极辉光·王牌战队
4862,,4862,自由旅人·至臻天帝昊天
4863,,4863,自由旅人·天帝昊天
4864,,4864,旅途中的零度之夜
4865,,4865,万龙之主·至高龙尊
4866,,4866,光启精灵王-伊撒尔
4867,,4867,木之精灵王-可兰
4868,,4868,净化之光-拉克丝
4869,,4869,梦幻之光-罗塔纱
4870,,4870,水之精灵王-梅卡
4871,,4871,光启时代-圣天伊
4872,,4872,火之精灵王-菲尔
4874,0,4873,艾琳
4874,40,4874,暗月千面-艾琳
4875,,4875,守护之光-米垭
4876,,4876,一往无前-圣天伊
4877,,4877,次元之外的造访者-艾琳
4878,,4878,你好，窥探者
4879,,4879,神羽曙光-奥天
4880,,4880,重枪风暴-合金猛将
4881,,4881,圣窗余晖-米迦勒
4882,,4882,繁星余迹-路西法
4883,,4883,绝代兵神-韩信
4884,,4884,神峰圣护-山脉之魂
4885,,4885,月下的荆棘-至臻米迦勒x路西法
4886,,4886,月下的荆棘-至臻米迦勒x路西法
4887,,4887,月下的荆棘-米迦勒x路西法
4888,,4888,月下的荆棘-米迦勒x路西法
4889,,4889,双向奔赴的救赎
4890,,4890,幽冥主宰-哈迪斯
4891,,4891,怒海狂潮-金刚库巴
4892,,4892,猩红序曲-露易丝
4893,,4893,绿叶咆哮-棕叶战熊
4894,,4894,破碎的夜曲-至臻露易丝
4895,,4895,破碎的夜曲-露易丝
4896,,4896,圣诞夜的礼物
4898,0,4897,小黑炭
4898,40,4898,永恒源晶裁决之龙-阿卜苏
4899,,4899,生命使徒-瓦利
4900,,4900,灵魂使徒-卡莉
4901,,4901,力量使徒-烁厉
4902,,4902,时间使徒-诺栗
4904,0,4903,姬露比
4904,40,4904,天使圣音-姬露比
4905,,4905,告死鸟之鸣-姬露比
4906,,4906,终焉净世之歌-阿卜苏
4907,,4907,裁决已下，末日将临
4908,,4908,并肩至世界终焉
4909,,4909,寰宇鎏金星河入怀-银河
4910,,4910,千古一帝-秦始皇嬴政
4911,,4911,无我之境-力量王
4912,,4912,微醺冬日-银河
4913,,4913,呆萌店长-银河
4914,,4914,穷穷宅急送-愚者
4915,,4915,微醺冬日-银河（动效特写海报）
4916,,4916,陨星-愚者
4917,,4917,福瑞降人间-圣王麒麟
4918,,4918,慵懒冬日-愚者
4919,,4919,慵懒冬日-愚者（动效特写海报）
4920,,4920,圣宇星轨时扉之光-羲和
4921,,4921,GOD-无冕之王
4922,,4922,GOD-无冕之王
4923,,4923,解构万物之眼-赫耳墨斯
4924,,4924,解构万物之眼-赫耳墨斯
4925,,4925,执掌因果万世轮回-帝俊
4926,,4926,瑞兔赐福-卯小兔
4927,,4927,浮生浮灭万意恒常-阿赖耶识
4928,,4928,天地与我竞自由-逍遥
4929,,4929,品阅冬日-羲和
4930,,4930,妆点冬日-阿卜苏
4931,,4931,巧械新春-圣王麒麟
4932,,4932,喵居冬日-阿赖耶识
4933,,4933,最后的战役-至臻潜
4934,,4934,品阅冬日-羲和（动效特写海报）
4935,,4935,妆点冬日-阿卜苏（动效特写海报）
4936,,4936,喵居冬日-阿赖耶识（动效特写海报）
4937,,4937,在一起，宅一起
4938,,4938,一级戒备
4939,,4939,旃檀功德-唐三藏
4940,,4940,齐天大圣-孙悟空
4941,,4941,德安万世-唐太宗李世民
4942,,4942,天蓬元帅-猪八戒
4943,,4943,隐秘的心意-至臻梦
4944,,4944,陈列的爱意
4945,,4945,众里寻他千百度-梦
4946,,4946,众生乐土万灵随行-末那
4947,,4947,海枯之心-白京京
4948,,4948,举头望明月-末那
4949,,4949,隐秘的心意-梦
4950,,4950,一夜鱼龙舞
4951,,4951,众里寻他千百度-梦（璀璨版）
4952,,4952,谪仙剑无双-李白
4953,,4953,暗能涌动星海创生-提亚玛特
4954,,4954,人在画中游-提亚玛特
4955,,4955,凛冬之意-瓦格纳
4956,,4956,忽如一夜春风来-姬露比
4957,,4957,剑影抚落忆-孙尚香
4958,,4958,清辉映星河-望舒
4959,,4959,三位一体-至尊精灵王
4960,,4960,卷帘大将-沙悟净
4961,,4961,笼鸟的默剧-至臻奈亚
4962,,4962,红豆生南国-望舒
4963,,4963,魔女的房间
4964,,4964,深渊安魂曲-奈亚
4965,,4965,天道暗御-阴
4966,,4966,笼鸟的默剧-奈亚
4967,,4967,踏阴阳定荒宇-东皇太一
4968,,4968,引尘造万物-星尘
4969,,4969,天道曜护-阳
4970,,4970,锦瑟无端五十弦-星尘
4971,,4971,阴阳割昏晓-天道无极
4973,0,4972,帕里斯
4973,40,4973,霜佑北境-帕里斯
4974,,4974,夜樱
4975,,4975,执子之手-至臻阿卜苏
4976,,4976,不负春光不负卿
4977,,4977,千山落樱之辉-夜樱
4978,,4978,荷风引水色-瑠璃
4979,,4979,大汉天子-汉武帝刘彻
4980,,4980,月魄孤影-神武月
4981,,4981,头号玩家-夜樱
4982,,4982,沉沦的星海-至臻瑠璃
4983,,4983,沉沦的星海-瑠璃
4984,,4984,春樱之约
4985,,4985,无法停止的坠落
4986,,4986,永霜寒玉-冰雪女皇
4987,,4987,神炎日冕-战无炎
4988,,4988,破碎边缘-冰雪女皇
4989,,4989,要一起来摸鱼吗-米迦勒x路西法
4990,,4990,要一起来摸鱼吗-米迦勒x路西法
4991,,4991,狩猎开始
4992,,4992,都市猎妖师
4993,,4993,永霜寒玉-冰雪女皇（璀璨版）
4994,,4994,至圣神王裁决-奥丁大帝
4995,,4995,源星之归引-上古星龙
4996,,4996,深渊穿梭者-律
4997,,4997,沙漠之心-阿努比斯
4998,,4998,无烬荒宇-上古星龙
4999,0,5017,小公爵
4999,40,4999,救世的执妄愚人-公爵
5000,,5000,星穹庇世之翼-赫耳墨斯
5001,0,5018,瓦尔基里
5001,40,5001,守护众生之愿-瓦尔基里
5002,,5002,伊甸园的春天-赫耳墨斯
5003,,5003,伊甸园的夏天-赫耳墨斯
5004,,5004,伊甸园的秋天-赫耳墨斯
5005,,5005,伊甸园的冬天-赫耳墨斯
5006,,5006,点缀星辰的瑰宝-艾琳
5007,,5007,永劫破灭混沌至尊-卡奥斯
5008,,5008,一代天骄-成吉思汗铁木真
5009,,5009,枯骨之花-莉莉丝
5010,,5010,曲音落花间-貂蝉
5011,,5011,点缀星辰的瑰宝-至臻艾琳
5012,,5012,光与风的变奏曲-卡奥斯
5013,,5013,花与蝶的奏鸣曲-莉莉丝
5014,,5014,金色暖阳天
5015,,5015,琴键上的爱恋
5016,,5016,伊甸园的四季
5019,,5019,创灵众生-通灵王
5020,,5020,白灵之尊-狼王
5021,,5021,万世独霸龙族至尊-帝皇龙
5022,,5022,荒宇独霸-帝皇龙
5023,,5023,倾世之寒-始祖冰龙
5024,,5024,绝地狙击-帝皇龙
5025,,5025,星轨圣裁之回响-羲和
5026,,5026,雅克守护者-神罗麦提
5027,,5027,凤凰于飞-至臻羲和
5028,,5028,奔向黎明的晚歌-星尘
5029,,5029,长发委地落灯影
5030,,5030,破虚空衍群龙-龙母
5031,,5031,破碎虚实之境-虚空龙灵
5032,,5032,洪武开国-明太祖朱元璋
5033,,5033,龙族新歌-玲玲珑
5034,,5034,奔向黎明的晚歌-至臻星尘
5035,,5035,乘风之章-龙母
5036,,5036,水色月华夜
5038,0,5037,皮塔
5038,40,5038,斐灵之心-皮塔
5039,,5039,四海滔天-敖兴
5040,,5040,赴一场夏日之约-虚空龙灵
5041,,5041,心之所在
5042,,5042,圣树临辉光暗双耀-奇灵王
5043,,5043,慧心渊识之智-密涅瓦
5044,,5044,大妖血脉-妖王冽
5045,,5045,堕落的圣墟-至臻密涅瓦x潘多拉
5046,,5046,堕落的圣墟-至臻密涅瓦x潘多拉
5047,,5047,堕落的圣墟-密涅瓦x潘多拉
5048,,5048,堕落的圣墟-密涅瓦x潘多拉
5049,,5049,唤醒的晨曦
5050,,5050,春晖神女-可兰
5052,0,5051,橙李
5052,40,5052,湍流激越-橙李
5053,,5053,戮器仁心-帝刃
5054,,5054,希望永存世间-潘多拉
5055,,5055,天国守护者-白天使王
5056,,5056,黑暗之翼-黑天使王
5057,,5057,君子似竹-阿卜苏
5058,,5058,柳叶如眉-阿卜苏
5059,,5059,海棠未雨-阿卜苏
5060,,5060,玉兰枝俏-阿卜苏
5061,,5061,一针一线一世界-伊乐
5062,,5062,花鸟四条屏
5063,,5063,沫沫
5064,,5064,沧海遗珠-沫夏
5065,,5065,明道至德-宋太祖赵匡胤
5066,,5066,神兵护佑-圣盾
5067,,5067,绣屏疏影-沫夏
5068,,5068,雀羽高阁-天使王
5069,,5069,热辣DJ-末那
5070,,5070,热辣弦音-密涅瓦x潘多拉
5071,,5071,热辣弦音-密涅瓦x潘多拉
5072,,5072,画中人
5073,,5073,热辣音键-伊撒尔
5074,,5074,睥睨众臣-女帝
5075,,5075,至高启示-真理之后
5076,,5076,冰封之心-伊莎女王
5077,,5077,七月的海-女帝
5078,,5078,七月的海-赫耳墨斯
5079,,5079,热辣主唱-真理之后
5080,,5080,七月的海-女帝（动效特写海报）
5081,,5081,七月的海-赫耳墨斯（动效特写海报）
5082,,5082,深渊之契-绮美拉
5083,,5083,绝影蚀月-黑翼王
5084,,5084,幽冥千炼-鬼墨无忧
5085,,5085,七月的海-绮美拉
5086,,5086,七月的海-绮美拉（动效特写海报）
5087,,5087,武绝凌天-貘
5088,,5088,故梦笛声-王昭君
5089,,5089,七月的海-梦
5090,,5090,热辣鼓手-貘
5091,,5091,七月的海-梦（动效特写海报）
5092,,5092,热辣音乐季
5093,,5093,棋临无间-无冕之王
5095,0,5094,小蕾
5095,40,5095,逐愿淬光之明-阿格蕾亚
5096,,5096,冥骸蚀暗-阿修罗
5097,,5097,逐梦追光-布灵灵
5098,,5098,往昔似蝶影-至臻阿格蕾亚
5099,,5099,群星观测者-至臻潜
5100,,5100,群星观测者-潜
5101,,5101,光影的幻梦
5102,,5102,一路的回忆
5103,,5103,徜徉于梦之星海
5104,,5104,王者加冕-圣天伊
5105,,5105,王者加冕-黄金圣天伊
5106,,5106,辉煌旅程-至臻圣天伊
5107,,5107,辉煌旅程-圣天伊
5108,,5108,快乐羁绊-伊乐
5109,,5109,往昔留影
5110,,5110,永远的你们
5111,,5111,无垠-愚者
5112,,5112,陨灭-世界
5113,,5113,甜蜜信使-愚者
5114,,5114,博物馆奇妙夜-梁龙
5115,,5115,七月的海-愚者
5116,,5116,七月的海-愚者（动效特写海报）
5117,,5117,JULY女团
5118,,5118,邃古凌苍-日月战武神
5119,,5119,代天封神-姜子牙
5120,,5120,高空俱乐部-姜子牙
5121,,5121,混沌恩赐-厄瑞玻斯
5122,,5122,万象始源之刻-赫耳墨斯
5123,,5123,武周承世-千古女帝武则天
5124,,5124,鸣劫制裁-雷霆青龙
5125,,5125,终殁之舞-赫耳墨斯
5126,,5126,畅享海岸的夜景-至臻提亚玛特
5127,,5127,畅享海岸的夜景-提亚玛特
5128,,5128,紫色初遇时
5129,,5129,使者
5130,,5130,漆夜破空之刃-使者
5131,,5131,漆漆-使者
5132,,5132,荒炎焚天-飓焰朱雀
5133,,5133,幕后之人-至臻使者
5134,,5134,假相与真实
5135,,5135,童年往事
5136,,5136,万王天谕-圣王麒麟
5137,,5137,天地惊弦-六龙圣王
5138,,5138,孤注一掷-骰子大王
5139,,5139,花苑中的絮语-至臻圣王麒麟
5140,,5140,花苑中的絮语-圣王麒麟
5141,,5141,早安，美好的一日
5142,,5142,圣魂觉醒-伊撒尔
5143,,5143,时序之光-洛羲
5144,,5144,逐罪之剑-辉刃艾恩
5145,,5145,江湖行-伊撒尔
5146,,5146,倚剑走天涯-洛羲
5147,,5147,绝天穿梭之界-时空王
5148,,5148,贵妃游园-杨玉环
5150,,5150,鹤揽芳华-时空王
5151,,5151,侠客行
5152,,5152,极乐欲界天魔主-波旬
5153,,5153,神威重壁-惊涛玄武
5154,,5154,圣铃妙音众识浮沉-阿赖耶识
5155,,5155,尘世繁华-阿赖耶识
5156,,5156,光武中兴-光武帝刘秀
5157,,5157,森林密语-至臻阿赖耶识
5158,,5158,森林密语-阿赖耶识
5159,,5159,妖魅睨红尘-波旬
5160,,5160,天魔之邀
5161,,5161,忘忧地带
5162,,5162,真炎神君-菲尔
5163,,5163,傲凡尘启仙灵-女娲
5164,,5164,妙笔创生绘世-女娲
5165,,5165,午夜大冒险-黑夜童心
5166,,5166,庇天之白翼-修罗
5167,,5167,梦想宇航员-瑠璃
5168,,5168,浓情之夜-女娲
5169,,5169,浓情之夜-至臻女娲
5170,,5170,夜醉人心
5171,,5171,伊甸园的余晖-亚当
5172,,5172,暗夜追猎-血月狼人
5173,,5173,校园日记-夜樱
5174,,5174,超越纪元的新生-海蒂拉玛
5175,,5175,无言的祈愿-海蒂拉玛
5176,,5176,拘演周易-周文王姬昌
5178,0,5177,龙宵
5178,40,5178,玄墨藏锋-龙宵
5179,,5179,黑暗秩序-嬴政
5180,,5180,狩猎黑暗的魅影-至臻海蒂拉玛
5181,,5181,黑色制裁者
5182,,5182,源水风暴-梅卡
5183,,5183,在水一方-西施
5185,0,5184,琳琅
5185,40,5185,驱灵神捕-琳琅
5186,,5186,护理日记-艾琳
5187,,5187,星宇之隙穹宙之辉-银河
5188,,5188,万神之王-宙斯
5189,,5189,极冰之拳-冰拳艾司
5190,,5190,狩猎黑暗的魅影-海蒂拉玛
5191,,5191,满船清梦压星河-至臻银河
5192,,5192,星落潮汐，心在朝夕
5193,,5193,黄泉归引-孟婆
5194,,5194,森境漫游-魔法咩咩
5195,,5195,健身日记-孟婆
5196,,5196,造自然耀万物-盖亚
5197,,5197,荒秽堕墟-阿波菲斯
5198,,5198,蜀汉霸业-汉昭烈帝刘备
5199,,5199,自然恩赐-薇薇安
5200,,5200,春意与繁花-至臻盖亚
5201,,5201,甘泉与青鸟-阿波菲斯
5202,,5202,人间皆是浪漫
5203,,5203,恶魔之主-撒旦
5204,,5204,1号机-图灵
5205,,5205,雪道狂飙-黑翼王
5206,0,5209,洛克
5206,40,5206,始祖大天使-尼斯洛克
5207,0,5210,利姆
5207,40,5207,地狱天使-纳菲利姆
5208,,5208,夜与月的蔷薇-夜兰
5211,,5211,乐园守护者-星光角斗士
5212,,5212,放逐之翼-尼斯洛克
5213,,5213,春意与繁花-盖亚
5214,,5214,绝望噬影-尼德霍格
5215,,5215,童话小屋-可爱猫咪
5216,,5216,玫瑰战歌-尼德霍格
5217,,5217,神兽尊主-苍穹圣龙
5219,,5219,破天之黑刃-凯撒
5220,,5220,鼎立九州-夏帝大禹
5221,,5221,圣诞日记-阿格蕾亚
5222,,5222,咏叹自由的乐曲-至臻波旬
5223,,5223,金色间奏曲
5225,0,5224,小渡
5225,40,5225,异界史诗-渡
5226,,5226,异界史诗-渡（不朽者）
5227,,5227,征战之旅-神都王
5228,,5228,讨伐之旅-勇者
5229,,5229,求索之旅-终焉魔女
5230,,5230,狂肆之旅-邪神
5231,,5231,葬魂曲-死神弥尔
5232,,5232,宿命洄流-渡
5233,,5233,混沌考古队-卡奥斯
5234,,5234,始与终的轮回
5235,,5235,瞰世之棘-亘古树灵
5236,,5236,余烬初王-洛兰
5237,,5237,咏叹自由的乐曲-波旬
5238,,5238,灵魂画家-死神弥尔
5239,,5239,来，请欣赏《世界名画》！
5240,,5240,霜寒冰域-上古龙女
5241,,5241,炽天炎境-上古龙女
5242,,5242,统御兵戈-大皇帝孙权
5243,,5243,缘分一线牵-小狐仙
5244,,5244,忘忧凝缘-上古龙女
5245,,5245,爆枪禁区-乾坤
5246,,5246,忘忧凝缘-上古龙女（动效特写海报）
5247,,5247,天道秩序诸界主宰-乾坤
5248,,5248,花醉风清-洛洛离
5249,,5249,定格时光的倩影-至臻夜樱
5250,,5250,忘忧茶缘-洛洛离
5251,,5251,忘忧茶缘-洛洛离（动效特写海报）
5252,,5252,夜色梦初醒
5253,,5253,爱与美的赞歌-维纳斯
5254,,5254,大道无名-天命王
5255,,5255,忘忧音缘-维纳斯
5256,,5256,忘忧音缘-维纳斯（动效特写海报）
5257,,5257,天穹苍翼-圣修暗凯帝
5258,,5258,魔神再临-以撒
5259,,5259,赤月刀姬-曰
5260,,5260,忘忧食缘-渡
5261,,5261,忘忧食缘-渡（动效特写海报）
5262,,5262,冰与火之舞-炽寒天凤
5263,,5263,逆律之触-伊西斯
5264,,5264,龙年纪念-贝贝龙
5265,,5265,永恒炽阳-神阿波罗
5266,,5266,忘忧结缘-炽寒天凤
5267,,5267,晴雪幽梦-伊西斯
5268,,5268,忘忧财缘-阿卜苏
5269,,5269,华灯夜彩，佳人共聚
5270,,5270,忘忧结缘-炽寒天凤（动效特写海报）
5271,,5271,忘忧财缘-阿卜苏（动效特写海报）
5272,,5272,创世织梦之眷-赫耳墨斯
5273,,5273,雪夜独舞-赫耳墨斯
5274,,5274,雪落之夜，舞者的秘密
5275,,5275,如星永伴长夜-梦
5276,,5276,如星永伴长夜-梦(璀璨版)
5277,,5277,此情不渝-至臻梦
5278,,5278,长夜有梦世间只你
5279,,5279,繁星下的誓言
5280,,5280,冰龙之子-冰罗皇
5281,,5281,九霄帝姬-巫山神女
5282,,5282,霸世枭雄-魏武帝曹操
5283,,5283,炎刃燎原-赤霄
5284,,5284,御风神行-蓝羽灵者
5285,,5285,定格时光的倩影-夜樱
5286,,5286,夜幕下的微醺-羲和
5287,,5287,灯光下的低语-巫山神女
5288,,5288,此夜不眠
5289,,5289,破晓圣光-白羽公主
5290,,5290,惊雷烁光-幻雷
5291,0,5292,洛兰
5291,40,5291,原初骑士-洛兰
5293,,5293,横扫三界-孙悟空
5294,,5294,恶魔的私语-路西法
5295,,5295,永夜之主-夜王
5296,,5296,都市夜行者-孙悟空
5297,,5297,戏剧之王-至臻洛兰
5298,,5298,白鸽，公园，剧作家
5299,,5299,幻世镜梦-谴
5300,,5300,翼龙之子-凌风
5301,,5301,长夜墟渊-烛龙
5302,,5302,剑逐山河-轩辕夏禹
5303,,5303,赤帝-祝融
5304,,5304,超界奇迹-龙星诺
5305,,5305,绯红刺客-至臻烛龙
5306,,5306,代号：烛龙
5307,,5307,浮士德-归零者
5309,,5309,水神-共工
5310,,5310,幻海奇迹-水星诺
5311,,5311,一竿风月一剑万川-至臻渡
5312,,5312,一竿风月一剑万川-至臻渡（不朽者）
5313,,5313,一念逍遥一念杀伐
5314,,5314,青山沐日天地无疆-盘古
5315,,5315,后土玄黄-岁岁祈
5316,,5316,梵星音律-乾达婆
5317,,5317,日曜奇迹-太阳星诺
5318,,5318,月辉奇迹-月亮星诺
5319,,5319,大航海家-阿波罗
5320,,5320,忘忧之川-至臻盘古
5321,,5321,忘忧之川-盘古
5322,,5322,忘川之畔-岁岁祈
5323,,5323,清风动天地樱花漫山间
5324,,5324,星启万象-智慧王
5325,,5325,翼龙之子-银风
5326,,5326,苍森奇迹-木星诺
5327,,5327,次元守护-伊撒尔
5328,,5328,沙都守护者-曼珠沙华
5329,,5329,烈焰奇迹-火星诺
5330,,5330,诺言之神-星诺玛
5331,,5331,炎龙之子-炎王
5332,,5332,金翅神羽-迦楼罗
5333,,5333,星光奇迹-圣灵星诺
5334,,5334,心笺环游记-至臻星诺玛
5335,,5335,以诺为盟再相逢
5336,,5336,群星守护寰宇光辉-神银河
5337,,5337,暗宇之质万物之初-提亚玛特
5338,,5338,诺言之神-星诺玛（璀璨版）
5339,,5339,魂之缚-奇诺
5340,,5340,如约而至-银河
5341,,5341,不期而遇-提亚玛特
5342,,5342,一生之诺
5343,,5343,心笺环游记-星诺玛
5344,,5344,创世罪裁龙神-撒迦利亚
5345,,5345,晨光樱语-欧若拉
5346,,5346,凰权天下-帝女夙
5347,,5347,审判命运之战-奥丁大帝
5348,,5348,影龙之子-帝卡
5349,,5349,末裔之歌-海伦娜
5350,,5350,私有爱意-梦
5351,,5351,神国圣赐之羽-弗丽嘉
5352,,5352,万物之美繁荣之源-芙蕾雅
5353,,5353,诸天神通-帝释天
5354,,5354,秘密花园-芙蕾雅
5355,,5355,梅香里的红颜-至臻奥丁大帝
5356,,5356,梅香里的红颜-奥丁大帝
5357,,5357,春意里的暗香
5358,,5358,王权断罪之章-吉尔伽美什
5359,,5359,极寒怒涛-噬星白虎
5360,,5360,混沌寂烬-厄瑞玻斯
5361,,5361,苍松剑意-干将
5362,,5362,破冰利刃-极冰海牙
5363,,5363,粽情酣梦-阿赖耶识
5364,,5364,混沌始源万物终湮-卡奥斯
5365,,5365,生于哀骨之花-莉莉丝
5366,,5366,巨龙之子-明王
5367,,5367,乱世英华-至臻卡奥斯
5368,,5368,乱世英华-卡奥斯
5370,0,5369,法芙娜
5370,40,5370,尼伯龙根之主-法芙娜
5371,,5371,深渊缠绕者-利维坦
5372,,5372,故城韶音-莉莉丝
5374,,5374,故城二十四年·不夜城
5375,,5375,诺言幼儿园-火星诺
5376,,5376,晖光轮回女神-梅比乌斯
5377,,5377,冰霜亡域-巫妖王
5378,,5378,终渊禁域-渡
5379,,5379,吾即深渊-拉莱耶
5380,,5380,吾即深渊-拉莱耶（支配者）
5381,,5381,吾即深渊-拉莱耶（真神）
5382,,5382,绝望轮回女神-梅比乌斯
5383,,5383,炎魂永燃-魔焰吉拉
5384,,5384,潮汐庇护-古渊露龙
5385,,5385,专属女仆-梦
5386,,5386,专属女仆-银河
5387,,5387,星运会-古渊露龙
5388,,5388,星运会-魔焰吉拉
5389,,5389,渊海小霸王-拉莱耶
5390,,5390,深渊觉醒
5391,,5391,寰宇皆臣-女帝
5392,,5392,明月剑心-莫邪
5393,,5393,龙魂之矢-龙吟守
5394,,5394,苍翠守望-终结兔
5395,,5395,专属女仆-羲和
5396,,5396,星运会-梅比乌斯
5397,,5397,终末的残响-奈亚
5398,,5398,鸿雁知音-王昭君
5399,,5399,盛夏回响-奈亚
5400,,5400,审神律理-无冕之王
5401,,5401,星月交辉-一生一世
5402,,5402,断海沧澜-龙太子
5403,,5403,14
5404,,5404,专属女仆-提亚玛特
5405,,5405,星运会-一生一世
5406,,5406,诺言幼儿园-木星诺
5407,,5407,提笔画山河-至臻潜
5408,,5408,提笔画山河-潜
5409,,5409,闲庭对弈
5410,,5410,星运会-终结兔
5411,,5411,星月交辉-一生一世（璀璨版）
5412,,5412,星辉相伴月华同行
5413,,5413,逐光深坠-克希拉
5414,,5414,白魔法师-真言诺亚
5416,0,5415,陆小果
5416,40,5416,随便起来不是人-小果战宝
5418,0,5417,橙留香
5418,40,5418,不是一条咸鱼-香橙战宝
5420,0,5419,菠萝吹雪
5420,40,5420,吹的不是雪-菠萝战宝
5421,,5421,果宝夏日-伊乐
5422,,5422,无始无明之境-阿赖耶识
5423,,5423,冰凝之魂-雪无寒灵
5424,,5424,专属女仆-阿赖耶识
5425,,5425,早安！全世界！
5426,,5426,早安！全世界！（签名版）
5427,,5427,寒夜破晓之刃-使者
5428,,5428,千里踏燕-鱼肠
5429,,5429,航班日记-使者
5430,,5430,非工作时间
5431,,5431,九柱神临缔世碑火-阿蒙王
5432,,5432,逐星遥旅-艾蕾
5433,,5433,神威地龙-摩罗迦
5434,,5434,死境狂战-至臻阿蒙王
5435,,5435,雪境狂驰-阿蒙王
5436,,5436,海滩微憩-梅比乌斯
5437,,5437,诺言幼儿园-水星诺
5438,,5438,墟尽神临之噬-赫耳墨斯
5439,,5439,噬界傀人-赫耳墨斯
5440,,5440,死境迷途-赫耳墨斯
5441,,5441,废墟之上，明日之花
5442,,5442,囚坠寂渊
5443,,5443,星芒圣佑-创世星灵
5444,,5444,孤影剑界-苏铁
5445,,5445,公路狂花-阿波罗
5446,,5446,圣火炽天使-塞勒芙
5447,,5447,幽星荒主-天元夜神
5448,,5448,月宴红颜-至臻女帝
5449,,5449,月光似雾，美人如醉
5450,,5450,圣裁座天使-奥菲妮
5451,,5451,剑影迷踪-承影
5452,,5452,永恒圣穹焚罪终裁-阿卜苏
5453,,5453,孤胆英雄-赵云
5454,,5454,闲看庭前花开花落-渡
5455,,5455,诺言幼儿园-圣灵星诺
5456,,5456,迷梦红颜-女帝
5457,,5457,吾即永恒-阿卜苏
5458,,5458,圣律智天使-姬露比
5459,,5459,午后的洗浴时光-姬露比
5460,,5460,山海志-至臻阿卜苏
5461,,5461,吟游诗人-星诺玛
5462,,5462,星河萌主-提亚玛特
5463,,5463,山海异兽·应龙
5464,,5464,万序之启-源
5465,,5465,永恒见证-至臻冰雪女皇
5466,,5466,浪漫微醒  爱意永恒
5467,,5467,灵骸烬染之潮-夜樱
5468,,5468,月影映夜斓-夜樱
5469,,5469,阴阳山大祭师-东皇极
5470,,5470,妙舞清歌-夜樱
5471,,5471,乘清气御阴阳-东皇太一
5472,,5472,漫游星境-小熊座
5473,,5473,星夜幻想曲-东皇太一
5474,,5474,浮游天地乘风去-逍遥
5475,,5475,瑶琴迷阵-诸葛亮
5476,,5476,风摇清荷影-瑠璃
5477,,5477,星夜梦幻岛-至臻逍遥
5478,,5478,星阑不夜城-逍遥
5479,,5479,幽烛梦蝶-瑠璃
5480,,5480,诺言幼儿园-太阳星诺
5481,,5481,深秋露营
5482,,5482,坐忘无我化生万象-天道无极
5483,,5483,日月映海晨曦微露-羲和
5484,,5484,天人共铸-纯钧
5485,,5485,猎魔师-羲和
5486,,5486,执剑人-帝俊
5487,,5487,血夜之狩
5488,,5488,黑翎之妄朽界之暗-梵天
5489,,5489,武道至尊-龙皇辉斗
5490,,5490,金阁绾青丝-一生一世
5491,,5491,幻相至尊-白皇星焰
5492,,5492,涅槃至尊-雀皇紫辰
5493,,5493,天启纪元缔世圣冕-梵天
5494,,5494,横戟破军-吕布
5495,,5495,天使的守候-米迦勒
5496,,5496,光与夜-至臻梵天
5497,,5497,日光与疏影-梵天
5498,,5498,决战黎明-米迦勒x路西法
5499,,5499,决战黎明-米迦勒x路西法
5500,,5500,诺言幼儿园-龙星诺
5501,,5501,后会有期 再见有时
5502,,5502,神行至尊-玄皇耀凌
5503,,5503,天罪断炎-暗行罗刹
5504,,5504,原初灵械-SR原型机
5505,,5505,复生者-帕克
5506,,5506,无畏重铠-达鲁
5507,,5507,最后的留影-至臻渡
5508,,5508,长眠前夕的告别
5509,,5509,诡影噬夜-黑翼王
5510,,5510,巡航迅影-利飞
5512,0,5511,艾比
5512,40,5512,全维衍化之钥-阿比斯
5513,,5513,血月之引-露易丝
5514,,5514,异度刀姬-尤尼梅特
5515,,5515,灵智终端-黛拉
5516,,5516,沐光的公主-阿比斯
5517,,5517,宫廷设计师-尤尼梅特
5518,,5518,幽灵船长-至臻拉莱耶
5519,,5519,诺言幼儿园-月亮星诺
5520,,5520,星月下的加冕
5521,,5521,达斯特纪元
5522,,5522,最后的宝藏
5523,,5523,建构终端-格莉娅
5524,,5524,幻游终端-妮娜
5525,,5525,防御终端-芙
5526,,5526,圣仪临世-烈焰凤凰
5527,,5527,一剑封魂-白夜叉
5528,,5528,剑指天下-太阿
5529,,5529,泡沫回忆-梦想精灵
5530,,5530,天才科学家-帝俊
5531,,5531,灵魂乐手-拉莱耶
5532,,5532,穹星创迹苍宇生辉-银河
5533,,5533,幽冥奇迹-黑星诺
5534,,5534,温暖的记忆
5535,,5535,画中仙-银河
5536,,5536,画中仙-阿卜苏
5537,,5537,画中仙-银河（动效特写海报）
5538,,5538,画中仙-阿卜苏（动效特写海报）
5539,,5539,空寂无尘万法唯心-阿赖耶识
5540,,5540,统界神权王者-帝皇龙
5541,,5541,寒霜利刃-烈魄
5542,,5542,画中仙-阿赖耶识
5543,,5543,画中仙-阿赖耶识（动效特写海报）
5544,,5544,绯龙之契源晶之辉-阿卜苏
5545,,5545,蛇影魔瞳-美杜莎
5546,,5546,蛇年纪念-小星诺
5547,,5547,画中仙-阿比斯
5548,,5548,雪韵灯华-至臻帝皇龙
5549,,5549,雪韵回忆-帝皇龙
5550,,5550,诺言幼儿园-黑星诺
5551,,5551,灯如昼，人长久
5552,,5552,星冕-愚者
5553,,5553,无祸-女皇
5554,,5554,画中仙-愚者
5555,,5555,佳人在水一方
5556,,5556,凝尘造界之星神-星尘
5557,,5557,花好月圆-至臻星尘
5559,,5559,雾涧凝香 犹记良宵
5560,,5560,花前月下 待君归兮
5561,,5561,龙吟瑞雪-圣王麒麟
5562,,5562,悟道成佛-孙悟空
5563,,5563,甜心厨娘-冰雪女皇
5564,,5564,一桥一诺一相逢-梦
5565,,5565,一桥一诺一相逢-梦（璀璨版）
5566,,5566,重击雷霆-铁拳袋鼠
5567,,5567,梦幻旋舞-至臻梦
5568,,5568,恋爱游戏
5569,,5569,花开时节恰逢君
5570,,5570,画中仙-阿比斯（动效特写海报）
5571,,5571,画中仙-愚者（动效特写海报）
5572,,5572,忘川送魂-孟婆
5573,,5573,三生花缘-知世
5574,,5574,幽泉使者-孟婆
5575,,5575,青春乐园-孟婆
5576,,5576,吞天黑潮-凯撒
5577,,5577,飞剑游云-湛卢
5578,,5578,神霆点苍-奇灵王
5579,,5579,纵马引弓巾帼志-孙尚香
5580,,5580,全知与曦光-密涅瓦x潘多拉
5581,,5581,全知与曦光-密涅瓦x潘多拉
5582,,5582,时界秘藏-至臻奇灵王
5583,,5583,校园秘藏-奇灵王
5584,,5584,诺言幼儿园-小星诺
5585,,5585,伊甸一隅-密涅瓦x潘多拉
5586,,5586,伊甸一隅-密涅瓦x潘多拉
5587,,5587,夜读时光
5588,,5588,曙天煌翼-修罗
5589,,5589,青春乐园-塞勒芙
5590,,5590,时序永前万境永在-时空王
5591,,5591,极魇凝望-夜一
5592,,5592,时渊裂缝-时间之神
5593,,5593,青春乐园-女帝
5594,,5594,砂海栖心-洛羲
5595,,5595,玄潭游龙-七星龙渊
5596,,5596,青春乐园-夜樱
5597,,5597,日辉月影之扉-羲和
5598,,5598,虚堕之君王-贝利亚尔
5599,,5599,大河龙女-海纳百川
5600,,5600,小云织
5601,,5601,天澜绮纱-云织
5602,,5602,潮汐歌姬-百川
5603,,5603,云影纱韵-至臻羲和
5604,,5604,珠纱织梦，岁月留香
5605,,5605,迷你糕点师-梵天
5606,,5606,篮球小将-帝皇龙
5607,,5607,荒原苍焰-狼王
5608,,5608,青春乐园-阿赖耶识
5609,,5609,青春物语
5610,,5610,怒焰裁世-狂龙
5611,,5611,暗境孤影-幻冥
5612,,5612,红莲尽染-御星璃
5613,,5613,巴哈姆特
5614,,5614,不朽龙主-巴哈姆特
5615,,5615,东方秘毒-鹤顶红
5616,,5616,欲金之君王-撒共姆
5617,,5617,魅心青蛇-巴哈姆特
5618,,5618,桃李满天下-逍遥
5619,,5619,鱼隐摊主-伊撒尔
5620,,5620,百草药圣-至臻伊撒尔
5621,,5621,一蓑烟雨任平生
5622,,5622,创界悯世之颂祷-龙母
5623,,5623,七罪圣裁-伊撒尔
5624,,5624,光蚀渊启-咒缚先知
5625,,5625,圣堕魂契-辉寂誓主
5626,,5626,次渊终契-神堕壁垒
5627,,5627,棋谕万象之冠-真理之后
5628,,5628,惑梦白蛇-龙母
5629,,5629,无瑕之誓-至臻阿比斯
5630,,5630,蛇骨缠心 千年幻梦
5631,,5631,精灵公主的森之恋诗
5632,,5632,魅魇之惑-始祖影龙
5633,,5633,月纱甜浴-渡
5634,,5634,天律共鸣-莱特x若希
5635,,5635,天律共鸣-莱特x若希
5636,,5636,神怒戮天使-戮
5637,,5637,圣咏御天使-银
5638,,5638,天堂之吻-莱特x若希
5639,,5639,天堂之吻-莱特x若希
5640,,5640,万理炽天使-K
5641,,5641,东方秘毒-情花毒
5642,,5642,一期一会-愚者
5643,,5643,月渊万相-艾琳
5644,,5644,光穹永耀之辉-天使王
5645,,5645,预命之君王-瓦沙克
5646,,5646,绯月魅魇-至臻艾琳
5647,,5647,绯红心事-艾琳
5648,,5648,花间一瞬-星尘
5649,,5649,闪送骑士-奇灵王
5650,,5650,河灯映梦夜未休
5651,,5651,溺于绯渊之咒
5652,,5652,星誓交响之律-星诺玛
5653,,5653,诺言星光剧团-星诺玛
5654,,5654,终极王者-王牌战队
5655,,5655,生命牧歌-辉月战骑
5656,,5656,东方秘毒-夹竹桃
5657,,5657,纪元初光之回响-圣天伊
5658,,5658,黑渊黯翼-混沌巨龙
5659,,5659,雪域圣主-冰雪女皇
5660,,5660,蜜波澄空-阿比斯
5661,,5661,蜜波澄空-阿比斯（动效特写海报）
5662,,5662,雪域圣佑-冰雪女皇
5663,,5663,诡匿之君王-巴拉姆
5664,,5664,蝶梦幽庭-夜兰
5665,,5665,总裁也打球-天使王
5666,,5666,萌系小护士-露易丝
5667,,5667,柠夏沁光-冰雪女皇
5668,,5668,夜汐魅魇-至臻夜兰
5669,,5669,陷于茧梦之夜
5670,,5670,柠夏沁光-冰雪女皇（动效特写海报）
5671,,5671,东方秘毒-绝情丹
5672,,5672,宙域终律-上古星龙
5673,,5673,宙域终律-上古星龙（星神之躯）
5674,,5674,造化之塑灵-女娲
5675,,5675,星际环游-伊乐
5676,,5676,游牧者的传说-上古星龙
5677,,5677,云汐风憩-夜兰
5678,,5678,半夏青蜜-梦
5679,,5679,半夏青蜜-梦（动效特写海报）
5680,,5680,天地之始祖-盘古
5681,,5681,玉魂巫女-花萤姬
5682,,5682,造化之祖神-女娲
5683,,5683,椰芒晴沙-女娲
5684,,5684,椰芒晴沙-女娲（动效特写海报）
5685,,5685,日月时境御主-羲和
5686,,5686,山河息壤-岁岁祈
5687,,5687,穹庐离歌-王昭君
5688,,5688,莓冻甜夏-羲和
5689,,5689,纪元弈主-无冕之王
5690,,5690,莓冻甜夏-羲和（动效特写海报）
5691,,5691,灾变之君王-拜恩
5693,0,5692,天女
5693,40,5693,世外录-天女
5694,,5694,星芒蜕蝶-时舞
5695,,5695,清凉一夏-孟婆
5696,,5696,无畏者之路-至臻潜
5697,,5697,山海志-至臻天女
5698,,5698,芋你共夏-银河
5699,,5699,芋你共夏-银河（动效特写海报）
5700,,5700,夏日x甜品
5701,,5701,夏日x甜品（签名版）
5702,,5702,落星谣
5703,,5703,英雄信条
5704,,5704,山海异兽·腓腓
5705,,5705,解离森罗之瞳-赫耳墨斯
5707,0,5706,风火莲魂-小哪吒
5707,40,5707,风火莲魂-哪吒
5709,,5709,迷情狐妃-妲己
5710,,5710,女神音乐会-赫耳墨斯
5711,,5711,镜美俏狐-妲己
5712,,5712,咒世怨石-石矶
5713,,5713,无尽轮回此间永恒-梅比乌斯
5714,,5714,无尽轮回之圣律-梅比乌斯
5715,,5715,东方秘毒-牵机药
5716,,5716,女神音乐会-梅比乌斯
5717,,5717,暗潮星漩创界之渊-提亚玛特
5718,,5718,深空之眼-小宇宙
5719,,5719,白翼破晓-自由之神
5720,,5720,晓看天色暮看云-至臻提亚玛特
5721,,5721,沉沦于深海的誓约
5722,,5722,如星如月舟中梦
5723,,5723,纪元至高之引-海蒂拉玛
5724,,5724,渊秘之君王-派蒙
5725,,5725,穹光之拥-姬露比
5726,,5726,醉夜魅魇-至臻姬露比
5727,,5727,牧云逐风-姬露比
5728,,5728,女神音乐会-海蒂拉玛
5729,,5729,极光屏障-SR原型机
5730,,5730,今宵特调
5731,,5731,绯鳞审判永恒龙辉-阿卜苏
5732,,5732,苍蓝之断-奥菲妮
5733,,5733,深海的呢喃-阿卜苏
5734,,5734,女神音乐会-星诺玛
5735,,5735,甜甜小爱神-阿卜苏
5736,,5736,逆神意志-GOD无冕之王
5737,,5737,GOD
5738,,5738,东方秘毒-断肠草
5739,,5739,女神音乐会-奥菲妮
5740,,5740,谢幕之后
5741,,5741,修罗之道
5742,,5742,永茂不凋之王庭-森林女皇
5743,,5743,光迹之林-森林女皇
5744,,5744,夜窗絮语-森林女皇
5745,,5745,衰朽秽主-阿波菲斯
5746,,5746,镌刻永恒-伊
5747,,5747,厨间自在仙-阿波菲斯
5748,,5748,自然之母神-盖亚
5749,,5749,诱火之君王-阿斯摩太
5750,,5750,翠灶迷糊仙-盖亚
5751,,5751,柴垛小当家-盘古
5752,,5752,山海志-至臻阿比斯
5753,,5753,山海异兽·赢鱼
5754,,5754,桂花留夜色
5755,,5755,无竭命核-渡（不朽者）
5756,,5756,铃兰曳影-薇薇安
5757,,5757,渡魂引-死神弥尔
5758,,5758,枫笺寄秋-至臻渡
5759,,5759,千灯小龙女-巴哈姆特
5760,,5760,樱色的站台-梦
5761,,5761,花眠晚舟
5762,,5762,虚环-愚者
5763,,5763,东方秘毒-金蟾蛊
5764,,5764,大荒共主-天帝昊天
5765,,5765,九幽业火-魔君夜渊
5766,,5766,晨曦里的初遇-至臻天帝昊天
5767,,5767,红幕初遇-天帝昊天
5768,,5768,城堡里的蓝玫瑰
5769,,5769,启界骑士-洛兰
5770,,5770,深海獠牙-鲨鱼战士
5771,,5771,封面缪斯-冰雪女皇
5772,,5772,愿光守夜之华-阿格蕾亚
5773,,5773,隐序之君王-普尔森
5774,,5774,寂光破暗之剑-使者
5775,,5775,迷糊小灵使-盖亚
5776,,5776,莲憩听雨-使者
5777,,5777,落墨生花-阿格蕾亚
5778,,5778,檐下共烟雨
5779,,5779,深渊的回音-奈亚
5780,,5780,深渊之瞳-奈亚
5781,,5781,300娘-伊莎
5782,,5782,复苏的魔女-奈亚
5783,,5783,深渊的约定-克希拉
5784,,5784,东方秘毒-生死符
5785,,5785,天机神算-拉莱耶
5786,,5786,南瓜汤浴-克希拉
5787,,5787,与夜共舞
5788,,5788,瞳中幽墟-绮美拉
5789,,5789,迷宫冒险王-黑小问
5790,,5790,绿野骑踪​-绮美拉
5791,,5791,深渊星阶-律
5792,,5792,​腐殖之君王-贝雷特
5793,,5793,畸色之渊-星之彩
5794,,5794,黯华魅魇-至臻星之彩
5795,,5795,鎏金夜宴-律
5796,,5796,小小厨娘-海蒂拉玛
5797,,5797,萦于拂晓之刻
5798,,5798,众神之尊-宙斯
5799,,5799,异星堕骸-别西卜
5800,,5800,黯野炊烟-星之彩
5801,,5801,苍雪之源霜-上古龙女
5802,,5802,霜翼蔽空-上古龙女
5803,,5803,东方秘毒-七星海棠
5804,,5804,翠羽流光-上古龙女
5805,,5805,灼天​燎宇-上古龙女
5806,,5806,冥霆之君王-巴尔
5807,,5807,苍星奇迹-奇诺
5808,,5808,栖梦的荒屿-至臻愚者
5809,,5809,永夜的残梦
5810,,5810,永夜苍焰-冥夜君狼王
5811,,5811,终始之茎-亘古树灵
5812,,5812,爱与美的恩泽-维纳斯
5813,,5813,煌焰圣冠-梅芙
5814,,5814,欢嬉之欲-​愉
5815,,5815,智识之欲-真
5816,,5816,季费3
5817,,5817,季费4
5818,,5818,噼啪小公子-天帝昊天
5819,,5819,欲望的权杖-祈
5820,,5820,少女的祈愿-梅芙
5821,,5821,谛听万欲 有祈必应
5822,,5822,欲与愿的禁果
5823,,5823,兔兔狮舞-克希拉
5824,,5824,天垣龙谕-龍
5825,,5825,东方秘毒-见血封喉
5826,,5826,原初创生之翼-龙母
5827,,5827,龙仪星门-龙母
5828,,5828,空焰魔法师-焰语娜娜
5829,,5829,致爱礼匣-龙母
5830,,5830,星涡归溯隙间守望-银河
5831,,5831,黑暗丰穰-莎布
5832,,5832,不朽碑铭-巴哈姆特
5833,,5833,雪柿浮氤-银河
5834,,5834,麦野巡游-巴哈姆特
5835,,5835,幽月魅魇-至臻巴哈姆特
5836,,5836,猫咪糖艺师-律
5837,,5837,惑于沉醉之夜
5838,,5838,雪柿浮氤-银河（动效特写海报）
5839,,5839,万灵溯生之御-盖亚
5840,,5840,无量境主-末那
5841,,5841,月窗梅影-盖亚
5842,,5842,棠绯意暖-阿比斯
5843,,5843,梅雪凝香-末那
5844,,5844,棠绯意暖-阿比斯（动效特写海报）
5845,,5845,梅雪凝香-末那 （动效特写海报）
5846,,5846,万识莲台​浮音渡世-阿赖耶识
5847,,5847,无垢心灯-阿赖耶识
5848,,5848,东方秘毒-水银
5849,,5849,冬庭朱实-阿赖耶识
5850,,5850,冬庭朱实-阿赖耶识（动效特写海报）
5851,,5851,万有重构之羽-赫耳墨斯
5852,,5852,穹宇枢星​-仙王座
5853,,5853,冥鸦之镰-幽冥影刃
5854,,5854,雪涧浮仙-赫耳墨斯
5855,,5855,雪涧浮仙-赫耳墨斯（动效特写海报）
5856,,5856,绣缔朝暮花诏寄心-梦
5857,,5857,绣缔朝暮花诏寄心-梦（璀璨版）
5858,,5858,太古永生-乌姆尔
5859,,5859,马年纪念-厄瑞玻斯
5860,,5860,浪漫奔赴-至臻梦
5861,,5861,静聆书语-卡奥斯
5862,,5862,琢木雕心-至臻卡奥斯
5863,,5863,福娃剪春-奈亚
5864,,5864,致最爱的你
5865,,5865,两心灼灼  明月昭昭
5866,,5866,诸因起源诸界归墟-卡奥斯
5867,,5867,骨夜绽蔷-莉莉丝
5868,,5868,红妆映心-莉莉丝
5869,,5869,愿为连理枝
5870,,5870,山海化育仙籁启灵-女娲
5871,,5871,山海神机-须须罗
5872,,5872,聆秘者-女娲
5873,,5873,沐雪问花-祈
5874,,5874,沐雪问花-祈（动效特写海报）
5875,,5875,冬日温泉乡
5876,,5876,众里寻他-千灯花仙
5877,,5877,星夜永伴-星庭梦主
5878,,5878,缱绻相逢-幻梦鲤姬
5879,,5879,冰羽焰翎霜火凤鸣-炽寒天凤
5880,,5880,冰羽焰翎霜火凤鸣-炽焰·天凤
5881,,5881,冰羽焰翎霜火凤鸣-寒霜·天凤
5882,,5882,冰火同辉-炽寒天凤
5883,,5883,冰火同辉-炽焰·天凤
5884,,5884,冰火同辉-寒霜·天凤
5885,,5885,巡天焚云-七星神龙
5886,,5886,国韵音灵-清笛
5887,,5887,蛋糕茶话会-至臻炽寒天凤
5888,,5888,茶话会时光
5889,,5889,瑞昭万象-圣王麒麟
5890,,5890,亵渎双子-纳格x耶布
5891,,5891,星律咏叹-海蒂拉玛
5893,,5893,冰蓝脉冲-双刃电子鼠
5894,,5894,晴天钓手-上古龙女
5895,,5895,晨光中的守候-海蒂拉玛
5896,,5896,如意财神-至臻圣王麒麟
5897,,5897,闲坐金山
5898,,5898,万魂映月之主-夜樱
5899,,5899,极光垂芒-仙后座
5900,,5900,如意画师-圣王麒麟
5901,,5901,黑天鹅舞曲-夜樱
5902,,5902,万象纪-天女
5903,,5903,文明之茧-天女
5904,,5904,国韵音灵-瑶琴
5905,,5905,余晖之浴-天女
5906,,5906,谧夜之浴-初心未来
5907,,5907,星月同行-一生一世
5908,,5908,奇迹绘旅-初心未来
5909,,5909,卡皮巴拉-小黄豚
5910,,5910,游戏沉浸时刻-祈
5911,,5911,异维-愚者
5912,,5912,审判之眼-格赫罗斯
5913,,5913,轮回守望-梅比乌斯
5914,,5914,豚豚派对之约-愚者
5915,,5915,迷境的梦魇-至臻银河
5916,,5916,溺光之浴-梅比乌斯
5917,,5917,蝶蝶捕手-炽寒天凤
5918,,5918,豚豚橘-穷穷
5919,,5919,幽林的秘密
5920,,5920,晓谕众生之辉-真理之后
5921,,5921,时轮天衡-时空巨龙
5922,,5922,鲸澜之浴-真理之后
5923,,5923,赴约时分-银河
5924,,5924,定格·深海眠梦
5925,,5925,朝夕
5926,,5926,万境与时同归-朝夕
5927,,5927,蚀时莲尊-朝夕
5928,,5928,国韵音灵-大鼓
5929,,5929,须臾
5930,,5930,办公室的咖啡特调-朝夕
5931,,5931,月下野炊-圣王麒麟
5932,,5932,诸我破妄登阶-须臾
5933,,5933,天地同鸣辟命斩因-帝俊
5934,,5934,焚天灭地-黑炎龙
5935,,5935,办公室的文件风暴-须臾
5936,,5936,浪漫主义-至臻帝俊
5937,,5937,滴答微雨-天女
5938,,5938,日落之后，杯酒之间
5940,,5940,浪漫之夜
6000,0,5999,祈
6000,40,6000,万欲之源众望终响-祈
6001,,6001,欲望蜂后
9979,,9979,小奥拉
9980,,9980,小奥拉
9981,,9981,小奥拉
9982,,9982,小奥拉
9983,,9983,小奥拉
9984,,9984,小奥拉
9985,,9985,小奥拉
9986,,9986,小奥拉
9987,,9987,小奥拉
9988,,9988,小奥拉
9989,,9989,小奥拉
9990,,9990,小奥拉
9991,,9991,小奥拉
9992,,9992,小奥拉
9993,,9993,小奥拉
9994,,9994,小奥拉
9995,,9995,小奥拉
9996,,9996,小奥拉
9997,,9997,小奥拉
9998,,9998,小奥拉
9999,,9999,小奥拉
10002,,10002,犀利兔
10003,,10003,大师兔
10004,,10004,吉拉
10005,,10005,吉拉狮
10006,,10006,爆焰吉拉
10007,,10007,滴滴
10009,,10009,露西亚
10010,,10010,朵朵兔
10012,,10012,寒冰玉兔
10013,,10013,炎蘑菇
10015,,10015,埃拉多夫
10016,,10016,泡泡河豚
10019,,10019,半沙之子
10024,,10024,花冠狮
10028,,10028,变色蜥蜴
10029,,10029,变色刺龙
10030,,10030,变色角龙
10031,,10031,大嘴鲨
10033,,10033,鲨鱼王
10034,,10034,小石怪
10036,,10036,震天石人
10039,,10039,伊莎女王
10040,,10040,小角虫
10045,,10045,飞天犬
10046,,10046,火丁
10048,,10048,火巨人
10049,,10049,克林
10052,,10052,双生花
10053,,10053,绒绒
10054,,10054,白古丁
10056,,10056,尖翼蝠
10057,,10057,黑蝠王
10060,,10060,扭啊扭
10064,,10064,小火炉
10066,,10066,摩格
10070,,10070,斯多鼠
10071,,10071,斯多王
10073,,10073,可拉蟹
10074,,10074,哥拉蟹
10075,,10075,歌拉迪
10076,,10076,盼盼
10077,,10077,铁甲盼盼
10078,,10078,铁甲卫士
10081,,10081,夜眼风魔
10082,,10082,木木鸟
10083,,10083,琉璃鸟
10084,,10084,蓝鹰斗士
10087,,10087,冰拳艾司
10089,,10089,锐角羊龙
10090,,10090,沙麒麟
10091,,10091,木面仔
10093,,10093,木面侠
10096,,10096,金刚库巴
10099,,10099,火花龙
10102,,10102,合金猛将
10103,,10103,赤月
10105,,10105,神武月
10108,,10108,利刺大黄蜂
10109,,10109,炎风
10111,,10111,战无炎
10112,,10112,时间之神
10114,,10114,时间之神
10118,,10118,骑士战马
10119,,10119,鲁阿鲁
10123,,10123,机甲勇士
10124,,10124,圆尾蝎
10125,,10125,刺锤蝎
10126,,10126,蝎子王
10129,,10129,彩羽贝拉
10132,,10132,暗夜卡伦
10138,,10138,小翼鸟
10143,,10143,冰雾蓝
10144,,10144,雪雾怪
10146,,10146,桃花鹿
10147,,10147,芭比鹿
10149,,10149,数码魔方
10153,,10153,雷云狮
10154,,10154,闪电球
10155,,10155,闪电星
10156,,10156,霹雳星
10162,,10162,法拉帝
10164,,10164,托尔索
10166,,10166,乌羽
10168,,10168,神杖执事
10173,,10173,积木龙
10175,,10175,七彩小丑
10177,,10177,骰子大王
10182,,10182,海马刀客
10186,,10186,鲁纳比克
10195,,10195,影刃
10198,,10198,卡布罗格
10201,,10201,轰天雷
10204,,10204,圣地亚哥
10206,,10206,赤火猪
10207,,10207,赤火野猪
10209,,10209,花冠公主
10210,,10210,圣甲虫
10213,,10213,石像守卫
10215,,10215,青龙灵兽
10216,,10216,兵蚁
10217,,10217,工蚁
10218,,10218,守护力士
10219,,10219,守护法师
10220,,10220,蚁族圣斗士
10221,,10221,蚁族魔斗士
10222,,10222,贝德威尓
10223,,10223,兰斯罗特
10224,,10224,哥拉海德
10225,,10225,保斯
10226,,10226,蚁将军
10227,,10227,变异蚁将军
10237,,10237,尖翼蝙蝠
10238,,10238,阿努比斯
10239,,10239,狂暴天狼
10240,,10240,法老王
10241,,10241,毒菇球
10242,,10242,金刚蛤蟆
10243,,10243,下水猛鳄
10244,,10244,牛角滴滴
10245,,10245,斗魂星云棒
10246,,10246,斗魂星云棒
10247,,10247,小麦巨魔
10248,,10248,熔岩王
10249,,10249,尤莱亚
10252,,10252,恐龙鸟
10261,,10261,圆角木羊
10262,,10262,小红灯
10268,,10268,万圣瓜瓜
10269,,10269,威尔斯
10270,,10270,木人桩
10272,,10272,曼珠沙华
10278,,10278,烈焰鸟
10284,,10284,暴风沙克
10290,,10290,七星神龙
10292,,10292,火焰猴
10296,,10296,棕叶战熊
10300,,10300,雪橇娃娃
10301,,10301,达鲁
10302,,10302,龙族重剑士
10303,,10303,龙族神射手
10304,,10304,帕克
10305,,10305,龙族大法师
10306,,10306,八爪鱼
10307,,10307,利飞
10308,,10308,无形怪
10310,,10310,机械八爪鱼
10311,,10311,电击八爪鱼
10315,,10315,莱特
10317,,10317,天使莱特
10318,,10318,忍者橙
10319,,10319,科克
10320,,10320,雷帝神
10321,,10321,幽灵
10322,,10322,达达
10323,,10323,梅卡
10324,,10324,钢铁达鲁
10325,,10325,巨人守卫
10326,,10326,炎魔
10327,,10327,月魔
10328,,10328,SR战士
10329,,10329,强袭SR
10332,,10332,邪恶霹雳
10333,,10333,钢铁科克
10334,,10334,组合机器人
10340,,10340,机械木乃伊
10347,,10347,紫怨
10355,,10355,梦拉丽莎
10360,,10360,苹果智能炮
10361,,10361,风筝雷电射线
10362,,10362,小鱼儿
10364,,10364,海夜叉
10374,,10374,科学伊尼
10379,,10379,托比
10382,,10382,十字匹诺
10388,,10388,白银玄武
10393,,10393,犀牛小怪
10394,,10394,犀牛战豪
10399,,10399,寒风云
10400,,10400,迅猛龙
10401,,10401,梁龙
10402,,10402,翼龙
10403,,10403,鱼龙
10404,,10404,霸王龙
10405,,10405,星辰毁灭者
10406,,10406,粉嘟嘟
10407,,10407,水蓝龙
10408,,10408,青翼绿龙
10414,,10414,火云牛斗士
10415,,10415,埃黑多夫
10418,,10418,黑化之魂
10421,,10421,冰沙斗士
10424,,10424,鸟族武士
10427,,10427,星光角斗士
10430,,10430,黑白国王
10436,,10436,黑暗守卫
10440,,10440,月月鸟
10442,,10442,巨翅金鹏
10444,,10444,嘟嘟护法
10445,,10445,嘟嘟长老
10446,,10446,土拨鼠
10447,,10447,土拨鼠机器人
10448,,10448,冰火巨人
10449,,10449,小飞象
10461,,10461,黑化念
10462,,10462,黑化巨翅金鹏
10466,,10466,冰摩格
10469,,10469,雷纳瑞
10472,,10472,魂斗鱼
10475,,10475,浮云尊者
10482,,10482,年年兔
10484,,10484,魔力粉兔
10493,,10493,年兽
10494,,10494,绿叶小粽
10495,,10495,粽子卫兵
10496,,10496,蒙面大侠粽
10497,,10497,黄金小粽
10498,,10498,金色士兵
10499,,10499,黄金粽总兵
10500,,10500,终结兔
10501,,10501,魔焰吉拉
10502,,10502,古渊露龙
10503,,10503,SR勇士
10504,,10504,先锋SR
10505,,10505,寒冰公主
10506,,10506,烈焰凤凰
10507,,10507,小星猴
10508,,10508,星云行者
10509,,10509,星云大圣
10512,,10512,小宇宙
10514,,10514,猪阿饼
10516,,10516,猪阿酱
10519,,10519,大盗海狸
10522,,10522,麦斗司令
10523,,10523,麦斗王
10530,,10530,暗黑角龙
10531,,10531,绿翼鸟
10533,,10533,犀牛鸟
10534,,10534,小石妖
10536,,10536,震天石魔
10548,,10548,蓝鳍海鲨
10560,,10560,扭扭暗黑王
10563,,10563,蓝宝星
10571,,10571,蓝翎绒绒
10601,,10601,拉格纳罗斯
10604,,10604,念
10605,,10605,邪念
10612,,10612,火纹羊驼
10620,,10620,冰晶女巫
10621,,10621,冰山修罗
10622,,10622,冰蝠侠
10623,,10623,白虎幼灵
10624,,10624,白虎灵兽
10625,,10625,雪糕仔
10626,,10626,绿茶雪糕仔
10633,,10633,极速威锋
10636,,10636,和平鸽
10639,,10639,满月巨灵
10642,,10642,小鬼头
10643,,10643,魔灯鬼王
10644,,10644,巨斧鬼王
10652,,10652,多多
10653,,10653,飞天独角兽
10655,,10655,先哲
10659,,10659,电击拳怪
10665,,10665,天之巨灵
10668,,10668,暗影夜蝠
10675,,10675,白天鹅
10682,,10682,黑夜童心
10687,,10687,宇宙侠
10688,,10688,糖果小鬼
10694,,10694,皮皮
10697,,10697,魔术小呆
10699,,10699,魔幻摩卡
10705,,10705,水水海豆
10710,,10710,紫晶海兽
10711,,10711,达黑黑
10712,,10712,白京京
10715,,10715,远古灵龟
10720,,10720,符文泰坦
10728,,10728,凯撒
10731,,10731,修罗
10734,,10734,圣诞雪花兔
10735,,10735,护花雪兔
10736,,10736,赤羽修行者
10737,,10737,赤羽武士
10738,,10738,赤羽阴阳师
10739,,10739,赤羽忍者
10741,,10741,朱雀灵兽
10744,,10744,海之妖将
10751,,10751,幻虫
10752,,10752,幻之蝶
10753,,10753,迷幻之蝶
10754,,10754,游游
10757,,10757,暴雪山神
10765,,10765,神蛋蛋
10771,,10771,赤影飞狐
10772,,10772,元蛋蛋
10775,,10775,帝皇龙
10778,,10778,红莲
10786,,10786,六芒小宝
10787,,10787,六芒守卫
10793,,10793,小奇灵
10794,,10794,奇灵王
10796,,10796,赤魔导士
10807,,10807,苍蓝
10810,,10810,汤圆圆
10815,,10815,丸少爷
10816,,10816,丸将军
10819,,10819,天女若希
10822,,10822,天使丘比特
10826,,10826,阿地力斯
10828,,10828,炎之魔将
10838,,10838,赤兔马
10840,,10840,神罗麦提
10845,,10845,特种TT兔
10846,,10846,小白吐
10848,,10848,糖糖
10849,,10849,神射手糖糖
10852,,10852,碎风
10857,,10857,佐佐木
10860,,10860,狂风之关羽
10865,,10865,超T兔
10868,,10868,阿瑞斯角羊
10869,,10869,通灵巫师
10874,,10874,火焰飞侠
10875,,10875,丁灵
10876,,10876,工厂守门人
10884,,10884,猪猪超人
10887,,10887,凌云
10891,,10891,刀锋
10894,,10894,亚伦
10895,,10895,利克亚伦
10896,,10896,贝琪
10901,,10901,黑化星宇侠
10903,,10903,震地巨兽
10905,,10905,冰爆巨兽
10906,,10906,小闹钟
10914,,10914,泽分
10915,,10915,泽时
10917,,10917,咕噜猫
10919,,10919,奇奇古
10922,,10922,寒霜
10926,,10926,萌果果
10931,,10931,赵云
10932,,10932,小骑兵
10933,,10933,若水
10934,,10934,骑士若水
10937,,10937,瑞阳
10939,,10939,联盟冲锋兵
10941,,10941,萌萌
10944,,10944,风之灵将
10946,,10946,暗黑紫渊
10948,,10948,刑风
10949,,10949,飞飞机
10955,,10955,电闪张飞
10957,,10957,嘉嘉龙太子
10958,,10958,嘉嘉龙王
10967,,10967,巨岩
10973,,10973,红魔
10976,,10976,诸葛亮
10979,,10979,路比
10980,,10980,路比比
10988,,10988,喔喔鼓
10989,,10989,电音鼓神
10990,,10990,粽小小
10991,,10991,粽小原
10993,,10993,皮蛋鸡
10995,,10995,翡冷翠
10998,,10998,黑化病毒
10999,,10999,拉贝尔幻影
11000,,11000,阿努比斯
11001,,11001,变异库斯特
11002,,11002,妖态赤月
11012,,11012,暗影冥一
11014,,11014,索尼克
11020,,11020,冲锋神牛
11022,,11022,双刃电子鼠
11026,,11026,疾电鸟
11065,,11065,小霹雳犬
11068,,11068,狂战岩狮
11081,,11081,奇奇
11082,,11082,奥奇
11084,,11084,战武巨神
11086,,11086,绿焰
11087,,11087,冰拳艾司
11090,,11090,沙麒麟
11093,,11093,斗神
11095,,11095,刀刀狼
11102,,11102,蓝怪怪
11103,,11103,蓝小魔
11108,,11108,吕布
11118,,11118,幻影
11120,,11120,冰刃侠
11121,,11121,洛洛
11122,,11122,狼王迪洛斯
11124,,11124,夜王狄米特
11134,,11134,白羽公主
11139,,11139,炽羽火燕
11142,,11142,幻灵
11156,,11156,花尾兽
11159,,11159,极冰海牙
11161,,11161,恶魔大耳鱼
11166,,11166,小米
11167,,11167,米夜
11170,,11170,夜兰
11173,,11173,火焰欧羊
11175,,11175,风速松鼠
11181,,11181,焚浪
11182,,11182,黑皮
11183,,11183,捣蛋黑皮
11184,,11184,飞灵
11185,,11185,飞蓬
11190,,11190,鬼王
11193,,11193,零宇
11196,,11196,钱小样
11200,,11200,魔剑守卫
11202,,11202,闪电列卡
11210,,11210,巨斧卡索
11213,,11213,岩波斗魂者
11220,,11220,利爪格非
11225,,11225,刘备
11226,,11226,黑化的点点
11227,,11227,茜点
11230,,11230,雷泽
11232,,11232,鲁曼
11234,,11234,黑·拉诺斯
11237,,11237,阿宝
11250,,11250,纳兹
11254,,11254,疯狂的小草头
11258,,11258,契约书
11259,,11259,友人契约书
11261,,11261,宝爷爷
11262,,11262,辛格
11263,,11263,恐惧的77号南瓜车车
11267,,11267,多古拉伯爵
11268,,11268,卡哇伊
11269,,11269,玩具卡哇伊
11272,,11272,地裂
11274,,11274,岩战
11276,,11276,哈萨
11279,,11279,小泥球
11282,,11282,施瓦辛格
11283,,11283,大黑龙
11285,,11285,骨骨侠
11291,,11291,塞娅
11292,,11292,小幻
11296,,11296,幻炎
11300,,11300,幻雷
11305,,11305,剑士猫
11307,,11307,幻光
11310,,11310,玩偶
11320,,11320,伊泽
11322,,11322,迦娜
11328,,11328,幻极
11336,,11336,波塞冬
11347,,11347,魔洛
11350,,11350,赤翼魔龙王
11351,,11351,雪宝宝
11356,,11356,飞羽龙
11359,,11359,猪苗苗
11360,,11360,小波
11361,,11361,波罗
11362,,11362,阿波罗
11365,,11365,托尔
11373,,11373,黑化雷克
11374,,11374,雷克斯
11375,,11375,土拨虎
11394,,11394,蓝羽灵者
11403,,11403,暗影兽
11414,,11414,九尾冰狐
11416,,11416,绿萝花
11420,,11420,幽芒
11423,,11423,噬月武神
11424,,11424,小黑龙
11426,,11426,黑炎龙
11429,,11429,洛基
11432,,11432,超级悟天
11434,,11434,超级悟焰
11438,,11438,蓝地斯
11439,,11439,小佐
11440,,11440,佐罗门
11441,,11441,皮卡
11442,,11442,卡卡修
11446,,11446,大耳拉奇
11449,,11449,小瑞兽
11451,,11451,金银尊者
11455,,11455,黄金刺龙
11456,,11456,灯小花
11461,,11461,苍炎战神
11464,,11464,欧比
11467,,11467,火星诺
11469,,11469,水星诺
11470,,11470,数码小诺
11473,,11473,圣灵星诺
11474,,11474,凯文
11475,,11475,冒险家凯文
11479,,11479,苍穹圣龙
11483,,11483,机械星诺
11486,,11486,面团武士
11491,,11491,电星诺
11493,,11493,冰星诺
11496,,11496,震天金刚分身
11499,,11499,维达尔
11501,,11501,太阳星诺
11503,,11503,月亮星诺
11512,,11512,巴比伦
11514,,11514,猪阿饼
11516,,11516,猪阿酱
11520,,11520,唯塔斯
11523,,11523,懦弱麦斗王
11526,,11526,雷钢侠
11528,,11528,疾影侠
11530,,11530,啸天侠
11532,,11532,巨帽稻草人
11534,,11534,利斧铁皮人
11538,,11538,炼狱战狮
11539,,11539,炼狱狮王
11541,,11541,魔戒邪灵
11544,,11544,玛尔斯
11556,,11556,斑比
11559,,11559,狂暴斑比
11561,,11561,战武罗德
11567,,11567,鹰眼
11573,,11573,钢炮奥斯卡
11575,,11575,泰利船长
11577,,11577,王者蒙奇
11582,,11582,鲍勃萨
11586,,11586,旋风桑吉
11588,,11588,杰尔斯
11590,,11590,阿尔法
11597,,11597,伊格斯
11600,,11600,小屈屈
11601,,11601,粽屈屈
11603,,11603,剑齿虎
11605,,11605,曹操
11608,,11608,箭鱼泡泡
11616,,11616,剑圣太白
11617,,11617,太白之剑
11619,,11619,巨角剑龙分身
11630,,11630,霍尔德
11636,,11636,金甲战士
11639,,11639,圣光修罗
11644,,11644,小盾
11645,,11645,圣盾
11647,,11647,洛萨特
11648,,11648,菲尔
11649,,11649,可兰
11653,,11653,蛋糕怪
11660,,11660,巴尔德
11661,,11661,小奇凌
11662,,11662,圣盾奇凌王
11664,,11664,锐角战士
11665,,11665,小白点
11666,,11666,小A
11667,,11667,小L
11668,,11668,小O
11669,,11669,小S
11672,,11672,尤文斯
11675,,11675,小钻
11678,,11678,凌霸
11679,,11679,小刃
11680,,11680,帝刃
11689,,11689,斗炼武士
11693,,11693,狂雷战将
11695,,11695,巴特
11697,,11697,猎空
11698,,11698,希娜
11700,,11700,雷霆小子
11703,,11703,暴雪战将
11705,,11705,疾风终结者
11706,,11706,暗影凯撒
11712,,11712,NO.7
11713,,11713,NO.14
11714,,11714,霸羽灵者
11716,,11716,奥天
11719,,11719,瑞里格
11722,,11722,新德拉
11726,,11726,利威尔
11728,,11728,厉轰王
11730,,11730,幻月兔
11736,,11736,幻象格杀者
11744,,11744,斩雷
11746,,11746,凌月战神
11748,,11748,卷卷
11749,,11749,雷霆青龙
11751,,11751,断浪
11752,,11752,惊涛玄武
11753,,11753,炎·阳
11754,,11754,炎王
11756,,11756,阿尔萨斯
11759,,11759,费尔顿
11761,,11761,卡尔
11767,,11767,一阶霜炎法神
11768,,11768,星望
11769,,11769,嘭哒星望
11770,,11770,怪小豆
11771,,11771,南瓜怪豆
11773,,11773,时空操纵者
11775,,11775,克洛托斯
11776,,11776,卡皮特
11777,,11777,帝卡分身
11783,,11783,NO.6
11784,,11784,NO.13
11786,,11786,奥弗
11792,,11792,天怒
11794,,11794,天煞
11797,,11797,艾思诺
11799,,11799,科达尔
11801,,11801,介末君
11803,,11803,瞳灵
11806,,11806,冥焰夜王
11812,,11812,疾星
11815,,11815,苏恩克
11821,,11821,冰晶圣兽
11823,,11823,星皇
11824,,11824,明王
11825,,11825,斗罗明王
11826,,11826,加比
11827,,11827,莫仔
11828,,11828,莫奈
11830,,11830,雷霆
11832,,11832,万钧
11834,,11834,火跃鸟
11835,,11835,猎神图腾
11836,,11836,雷劫图腾
11837,,11837,使者加比
11838,,11838,皮克西
11839,,11839,皮克西斯
11840,,11840,克亚
11842,,11842,光·加比
11843,,11843,翼·加比
11845,,11845,光之弑神
11848,,11848,冰波波
11849,,11849,冰波斯
11852,,11852,赫提
11854,,11854,诺伊特
11858,,11858,训练师加比
11861,,11861,龙刃
11867,,11867,F13
11868,,11868,圣麒
11869,,11869,圣王麒麟
11871,,11871,天冲
11872,,11872,多多罗
11873,,11873,冰罗皇
11875,,11875,雪CC
11876,,11876,炼金师加比
11878,,11878,光兽诺奇
11880,,11880,D14
11881,,11881,幻·D14
11883,,11883,阿姆斯特
11884,,11884,伊乐
11885,,11885,防御冰晶
11886,,11886,特防冰晶
11893,,11893,擎空
11896,,11896,圣·天伊
11899,,11899,智慧加比
11900,,11900,烈战
11902,,11902,炽天
11904,,11904,法尼尔
11905,,11905,君焰狼王
11908,,11908,勇气加比
11910,,11910,魂战
11911,,11911,炽燎天
11912,,11912,擎霸空
11914,,11914,加斯特
11915,,11915,真·苍炎战神
11916,,11916,真·噬月武神
11917,,11917,真·烈焰凤凰
11922,,11922,炼战
11924,,11924,普通银魂
11925,,11925,龙·炎王
11926,,11926,帝王奇灵
11930,,11930,源
11931,,11931,巨龙图腾
11932,,11932,炎龙图腾
11933,,11933,翼龙图腾
11934,,11934,影龙图腾
11935,,11935,冰龙图腾
11937,,11937,梦想加比
11938,,11938,冰晶凤凰
11946,,11946,坠星
11948,,11948,普通破军
11950,,11950,擎战
11952,,11952,阿克蒙
11953,,11953,帝皇圣龙
11958,,11958,旋刃
11960,,11960,艾斯库林
11961,,11961,凌风
11962,,11962,圣羽凌风
11963,,11963,噬星白虎
11964,,11964,狂战暗影兽
11965,,11965,圣马天冲
11971,,11971,银风
11972,,11972,夜羽银风
11975,,11975,飓焰朱雀
11976,,11976,双源
11977,,11977,源
11978,,11978,生命之源
11981,,11981,幽幻
11983,,11983,比尔斯
11985,,11985,断空翼皇
11986,,11986,小鸟希拉
11988,,11988,芒斩
11990,,11990,光圣光分身
11993,,11993,术士加比
11994,,11994,天苍霜龙
11997,,11997,大星石
11999,,11999,创世星灵
12001,,12001,克劳斯
12006,,12006,斗焰吉拉
12010,,12010,皇极兔
12011,,12011,圣渊露龙
12015,,12015,夜辰
12016,,12016,奇纳
12017,,12017,乐酷乐酷
12018,,12018,机械战警
12020,,12020,无念
12022,,12022,雷威尔
12023,,12023,龙·帝卡
12026,,12026,菲洛
12027,,12027,裂空菲洛
12031,,12031,克丽丝汀
12033,,12033,风暴龙
12034,,12034,小暗影
12035,,12035,暗影魔将
12036,,12036,暗焰天龙
12037,,12037,天辉侠X幻影
12039,,12039,帝夜奇纳
12040,,12040,联盟魔法兵
12044,,12044,达力戈
12049,,12049,艾恩
12050,,12050,煌炎战神
12051,,12051,星云斗战神
12052,,12052,麦斗元帅
12054,,12054,虎跃
12055,,12055,小X
12058,,12058,圣光X神兽
12061,,12061,魔小兵
12062,,12062,魔大将
12063,,12063,豪达
12064,,12064,斗士豪达
12066,,12066,盼达博士
12070,,12070,极影艾恩
12076,,12076,天极鲸
12078,,12078,水魔将卡加
12079,,12079,圣纹艾恩
12080,,12080,龙·冰罗皇
12082,,12082,剑帝修纳
12085,,12085,烈魄
12086,,12086,辉刃艾恩
12087,,12087,冰拳艾司
12088,,12088,云空战骑
12090,,12090,沙麒麟
12093,,12093,魔多
12098,,12098,傲月武神
12099,,12099,君芒艾恩
12101,,12101,狂狮
12103,,12103,二郎真君
12104,,12104,圣·二郎真君
12105,,12105,小黑
12113,,12113,影武王
12114,,12114,龙·斗罗明王
12117,,12117,球球小黑
12118,,12118,小狂战
12127,,12127,NO.12
12128,,12128,骇客小黑
12130,,12130,数码巨人
12131,,12131,圣帝奥天
12137,,12137,数码巨人
12140,,12140,魂刃夜王
12141,,12141,夏洛克
12144,,12144,时空巨龙
12148,,12148,炫光辛巴
12149,,12149,圣辉狼王
12150,,12150,远古圣王麒麟
12155,,12155,小贪狼
12156,,12156,贪狼
12160,,12160,神照修罗王
12161,,12161,神照修罗王
12165,,12165,创圣天奇灵
12166,,12166,创圣天奇灵
12169,,12169,炫光数码小狸
12172,,12172,小巨门
12173,,12173,巨门之灵
12179,,12179,魂王天使雷米
12180,,12180,魂王天使雷米
12183,,12183,小禄存
12184,,12184,禄存
12186,,12186,极·灵狼
12187,,12187,极·灵狼
12189,,12189,神焰天使乌利
12190,,12190,神焰天使乌利
12191,,12191,极·赤色梦魇
12192,,12192,极·赤色梦魇
12193,,12193,圣龙·天伊
12194,,12194,圣龙·天伊
12195,,12195,梦小星
12196,,12196,梦之星
12197,,12197,梦之星
12200,,12200,黯天凯撒皇
12202,,12202,小星焰
12203,,12203,白皇星焰
12204,,12204,白皇星焰
12205,,12205,炽魂帝吉拉
12206,,12206,炽魂帝吉拉
12209,,12209,金刚龙王
12212,,12212,小文曲
12213,,12213,文曲之灵
12215,,12215,幻尊星瞬
12216,,12216,幻尊星瞬
12217,,12217,极武兔皇
12218,,12218,极武兔皇
12219,,12219,冰魄灵白虎
12220,,12220,冰魄灵白虎
12222,,12222,卡洛纳
12223,,12223,小辉斗
12224,,12224,龙皇辉斗
12225,,12225,龙皇辉斗
12227,,12227,暗行罗刹
12228,,12228,神谕阿波罗
12229,,12229,神谕阿波罗
12232,,12232,普尼西亚
12233,,12233,凌天霸青龙
12234,,12234,凌天霸青龙
12235,,12235,小廉贞
12236,,12236,廉贞之灵
12238,,12238,索贝克
12239,,12239,天天
12242,,12242,冬瓜
12243,,12243,雷焰凤凰
12244,,12244,雷焰凤凰
12245,,12245,小水蓝
12246,,12246,水蓝角
12248,,12248,雪暴
12252,,12252,小可
12253,,12253,魄月武皇
12254,,12254,魄月武皇
12255,,12255,辉月巨灵
12256,,12256,红莲羽朱雀
12257,,12257,红莲羽朱雀
12259,,12259,雀皇紫辰
12260,,12260,雀皇紫辰
12261,,12261,小武曲
12262,,12262,武曲之灵
12266,,12266,章源源
12267,,12267,断罪天使莱特
12269,,12269,魏国小兵丁
12270,,12270,龙系起源
12271,,12271,起源
12272,,12272,小耀凌
12273,,12273,玄皇耀凌
12274,,12274,玄皇耀凌
12275,,12275,断海流玄武
12276,,12276,断海流玄武
12277,,12277,小瑶光
12278,,12278,瑶光之灵
12279,,12279,真炎战皇
12280,,12280,真炎战皇
12282,,12282,斗刃战龙
12284,,12284,极·斗刃战龙
12285,,12285,天尊圣龙
12286,,12286,天尊圣龙
12289,,12289,神秘炎风
12295,,12295,天启英灵
12296,,12296,帝皇真龙
12297,,12297,帝皇真龙
12303,,12303,暗黑梵天
12304,,12304,梵天
12306,,12306,幽冥影刃
12308,,12308,乾坤三太子
12309,,12309,乾坤三太子
12314,,12314,小糖罐
12315,,12315,九尾天狐
12318,,12318,影之化身
12319,,12319,六识夜王
12320,,12320,NO.4
12321,,12321,NO.11
12322,,12322,红小句
12323,,12323,武圣关羽
12324,,12324,武圣关羽
12325,,12325,太古炎王
12326,,12326,太古炎王
12327,,12327,夜丸
12328,,12328,夜灵
12330,,12330,贝光精灵
12331,,12331,龙·凌风
12332,,12332,杰洛
12333,,12333,骑士杰洛
12334,,12334,零夜战骑
12335,,12335,零夜战骑
12336,,12336,昭烈刘备
12337,,12337,昭烈刘备
12339,,12339,混沌巨龙
12341,,12341,极·混沌巨龙
12342,,12342,太古冰罗皇
12343,,12343,太古冰罗皇
12344,,12344,小笛子
12346,,12346,蓝小逗
12348,,12348,贝光湖神
12349,,12349,太古帝卡
12350,,12350,太古帝卡
12351,,12351,御圣·天麟
12352,,12352,御圣·天麟
12353,,12353,白犽
12354,,12354,皇犽
12356,,12356,卢卡斯
12357,,12357,太古明王
12358,,12358,太古明王
12360,,12360,骑士奇克
12362,,12362,杰诺斯
12364,,12364,满月族长老
12365,,12365,绿莹
12366,,12366,绿瞳兽
12367,,12367,赤霄狼王
12368,,12368,赤霄狼王
12372,,12372,圣诞战熊
12378,,12378,超水精灵
12379,,12379,超火精灵
12380,,12380,超木精灵
12382,,12382,辉月战骑
12383,,12383,辉月战骑
12385,,12385,龙星诺
12387,,12387,上古星龙
12388,,12388,辉
12389,,12389,炎辉
12391,,12391,超龙星诺
12396,,12396,虎烈张飞
12398,,12398,费曼
12400,,12400,沃特
12401,,12401,超巨岩
12402,,12402,超圣光
12403,,12403,弗仔
12404,,12404,黑化弗莱
12405,,12405,超电精灵
12412,,12412,噬心黑龙
12413,,12413,伍仔
12414,,12414,伍德
12418,,12418,钢铁先锋
12420,,12420,小火团
12422,,12422,天焰菲尔
12426,,12426,卡谬
12427,,12427,月神
12428,,12428,炎帝
12431,,12431,尼欧王
12432,,12432,奥仔
12433,,12433,奥金
12434,,12434,天羽奥金
12436,,12436,暮光伯爵
12439,,12439,弑神者兰斯洛
12440,,12440,星魔
12442,,12442,羊咩咩
12443,,12443,轩辕奇灵
12444,,12444,圣·帝伊
12446,,12446,罗狄
12448,,12448,滚滚战士
12449,,12449,雷怒青龙
12455,,12455,滔天白虎
12459,,12459,多米纳特
12461,,12461,卖萌羊
12462,,12462,超米纳特
12464,,12464,大白
12466,,12466,捣蛋羊
12467,,12467,亚诺
12468,,12468,布莱克
12470,,12470,百变愚人盒
12472,,12472,愚人羊
12474,,12474,史昂
12475,,12475,究极体力糖
12476,,12476,万众天赋果
12477,,12477,王者无敌果
12478,,12478,天赋增强精华
12479,,12479,天赋重组胶囊
12480,,12480,百分百亚比球
12481,,12481,60级经验果
12482,,12482,满级经验果
12483,,12483,超级摇摇果
12484,,12484,升级果
12486,,12486,Zeta
12491,,12491,明星羊
12493,,12493,东皇天
12495,,12495,疾天喵
12496,,12496,小圣护
12499,,12499,樱花大怪
12501,,12501,东皇道
12502,,12502,喵帅
12503,,12503,影道喵
12506,,12506,焚炙朱雀
12507,,12507,小阴
12508,,12508,小阳
12509,,12509,太二
12511,,12511,东皇无
12514,,12514,龙胆赵云
12515,,12515,泰岳玄武
12517,,12517,东皇极
12519,,12519,将军羊
12520,,12520,阿鲁
12521,,12521,阿鲁迪
12522,,12522,天宇圣龙
12523,,12523,狂妄麦斗王
12524,,12524,灼格
12526,,12526,殇之法老王
12528,,12528,奥术少女
12530,,12530,本遥遥
12531,,12531,烈阳火凤
12533,,12533,斩日刀
12534,,12534,妖刀斩日
12536,,12536,星大将
12538,,12538,未来守望者
12539,,12539,霜月冰凰
12545,,12545,逍遥
12548,,12548,亚历超大
12549,,12549,游乐百变盒
12551,,12551,撒加
12553,,12553,幻·龙霄
12557,,12557,幽隐夜刃
12558,,12558,暗灵
12559,,12559,战场幽灵
12560,,12560,小悟空
12561,,12561,孙悟空
12562,,12562,幻·破炎
12563,,12563,幻·御流
12564,,12564,幻·绝雷
12566,,12566,破宇暴龙
12567,,12567,幻·耀光
12568,,12568,幻·夜冥
12569,,12569,冰玉翡翠龙
12571,,12571,龙太郎
12572,,12572,幻·无极
12574,,12574,轰雷迪斯
12576,,12576,数码呱呱
12577,,12577,暗煞魔龙王
12580,,12580,烈焰波鲁
12583,,12583,神影米奥
12586,,12586,莎莎公主
12587,,12587,圣天使莱特
12590,,12590,乾坤修罗神
12591,,12591,东皇太一
12593,,12593,疾地
12594,,12594,超·赤色梦魇
12595,,12595,阴
12597,,12597,大力神将
12599,,12599,隐天
12603,,12603,超念
12605,,12605,毁灭者
12607,,12607,玄苍
12608,,12608,青鸾
12610,,12610,洛西塔
12611,,12611,天帝龙皇
12613,,12613,费利顿
12614,,12614,尼亚
12615,,12615,艾欧尼亚
12618,,12618,堕天凯撒帝
12619,,12619,圣天女若希
12621,,12621,飓风领主
12622,,12622,遁海金刚库巴
12623,,12623,阳
12627,,12627,战神瑞斯
12629,,12629,孟坦
12631,,12631,昭烈帝·刘备
12632,,12632,战武雄·曹操
12634,,12634,孙权
12635,,12635,神帝尊·孙权
12636,,12636,天道无极
12637,,12637,天道无极
12638,,12638,战拳袋鼠
12639,,12639,木面御剑侠
12643,,12643,杰瑞米
12645,,12645,混沌凶兽
12646,,12646,八荒混沌
12648,,12648,暗影龙翼
12650,,12650,龙焰波鲁
12651,,12651,幻刃米奥
12652,,12652,莎莎女王
12654,,12654,和平小兵
12655,,12655,和平使者
12657,,12657,普利森
12660,,12660,冰雪女皇
12662,,12662,噬炎月战神
12664,,12664,神威吕布
12669,,12669,圣耀阿波罗
12670,,12670,神·幻尊星瞬
12671,,12671,神·白皇星焰
12673,,12673,童虎
12675,,12675,炽尊狼王
12676,,12676,卡纳
12677,,12677,开拓者卡纳
12679,,12679,维托尔
12680,,12680,雨果
12681,,12681,天鹰雨果
12685,,12685,雨果怪人
12686,,12686,但丁伯爵
12687,,12687,南瓜阿呆
12688,,12688,巫师阿瓜
12689,,12689,神·雀皇紫辰
12691,,12691,米罗
12692,,12692,鹰眼
12693,,12693,炽狱吉拉
12694,,12694,武魂兔皇
12695,,12695,灵渊露龙
12696,,12696,神·玄皇耀凌
12698,,12698,飞流流
12699,,12699,但丁
12700,,12700,威虎但丁
12701,,12701,神·龙皇武魂
12702,,12702,超神罗麦提
12705,,12705,虎壁
12707,,12707,尤里
12710,,12710,神·梵天
12711,,12711,幻舞貂婵
12713,,12713,靖牛牛
12714,,12714,超源·金
12716,,12716,圣星矢
12717,,12717,蓝羽剑圣
12719,,12719,玛斯特
12721,,12721,格雷夫
12724,,12724,歌德
12725,,12725,狂鲨歌德
12726,,12726,鲨刃
12729,,12729,暗夜幽兰
12730,,12730,魔君夜王
12731,,12731,幻影超T兔
12735,,12735,蒙志志
12739,,12739,侯塞雷
12740,,12740,圣诞迷猴
12741,,12741,神羽奥天
12742,,12742,艾莉
12744,,12744,德力斯
12749,,12749,小古
12750,,12750,盘古
12751,,12751,盘古
12752,,12752,神小农
12753,,12753,神农
12758,,12758,奈瑟斯
12759,,12759,小拜陛下
12760,,12760,拜伦
12762,,12762,火花天龙
12764,,12764,森罗可兰
12766,,12766,圣灵浪人
12767,,12767,神迹圣天伊
12768,,12768,神迹圣天伊
12769,,12769,神迹圣天伊
12770,,12770,神迹圣天伊
12771,,12771,神迹圣天伊
12772,,12772,机械麦斗王
12773,,12773,零式
12774,,12774,归零者
12775,,12775,凯小旋
12776,,12776,凯旋
12781,,12781,神迹冰罗皇
12782,,12782,神迹帝卡
12783,,12783,神迹帝卡
12784,,12784,神迹帝卡
12785,,12785,神迹帝卡
12786,,12786,神迹帝卡
12787,,12787,雪小莉
12788,,12788,雪莉
12791,,12791,自由之神
12792,,12792,自由之神
12794,,12794,圣冕麒麟
12795,,12795,八小一
12796,,12796,八一
12801,,12801,龙太子
12806,,12806,神迹凌风
12807,,12807,神迹炎王
12808,,12808,神迹炎王
12809,,12809,神迹炎王
12810,,12810,神迹炎王
12811,,12811,神迹炎王
12812,,12812,凌魄卡卡修
12813,,12813,魂斗佐罗门
12814,,12814,炽寒天凤
12815,,12815,元宵兔
12820,,12820,神迹明王
12822,,12822,穷奇凶兽
12823,,12823,天煞穷奇
12825,,12825,英雄迪加
12826,,12826,岩波斗神
12828,,12828,祥瑞圣兽
12835,,12835,守山怪
12838,,12838,神迹辛格
12845,,12845,哉
12848,,12848,鬼冥冴
12849,,12849,鬼冥冴
12850,,12850,鬼冥冴
12854,,12854,妖王冽
12858,,12858,泰达尔
12859,,12859,白无冴
12864,,12864,花萤姬
12865,,12865,日月战武神
12866,,12866,女小娲
12867,,12867,女娲
12868,,12868,神峰山脉之魂
12878,,12878,黑翼·天怒
12881,,12881,神迹拉诺斯
12883,,12883,神迹拉诺斯
12885,,12885,英雄赛文
12887,,12887,萨智丁
12889,,12889,宙斯
12890,,12890,宙斯
12891,,12891,娜娜
12896,,12896,焰语娜娜
12897,,12897,创世星神
12899,,12899,摄魂幽灵
12901,,12901,麦迪文
12903,,12903,密室巨人
12908,,12908,夏侯渊
12910,,12910,龙王敖兴
12915,,12915,浩天
12920,,12920,黑翼·瞳灵
12923,,12923,诺诺
12924,,12924,真言诺亚
12925,,12925,辰辰
12926,,12926,暗夜辰星
12930,,12930,神迹波塞冬
12931,,12931,神迹波塞冬
12932,,12932,圣堂伯爵
12933,,12933,魔小花
12934,,12934,魔花花
12935,,12935,麟儿
12936,,12936,浮云大圣
12937,,12937,三界弑神
12939,,12939,魔犬阿达
12941,,12941,帝女夙
12961,,12961,天神白
12963,,12963,天神劫
12964,,12964,帝天麟
12965,,12965,帝天麟
12966,,12966,乐天童心
12969,,12969,小哈迪
12970,,12970,哈迪斯
12980,,12980,魔域星君
12981,,12981,冰拳皇艾司
12987,,12987,特防撒旦火焰
12989,,12989,屈原圣
12991,,12991,兰陵王
12994,,12994,王者分身
12996,,12996,KK
12997,,12997,白羽戮
12998,,12998,白翼御天使银
13001,,13001,六翼堕天使戮
13006,,13006,神迹魂王天使
13011,,13011,神迹神焰天使
13014,,13014,轩小辕
13015,,13015,轩辕
13016,,13016,金翼炽天使K
13021,,13021,巫妖王
13022,,13022,小天使王
13027,,13027,天使王
13028,,13028,天使王·完全体
13029,,13029,巫妖王·完全体
13030,,13030,乾坤修罗神·完全体
13033,,13033,惊羽公子
13034,,13034,九天炎魄
13035,,13035,神迹圣天伊·完全体
13036,,13036,轩辕奇灵·完全体
13038,,13038,白衣雪琪
13039,,13039,浩天·完全体
13040,,13040,东皇太一·完全体
13042,,13042,八尾
13044,,13044,轩辕书书
13046,,13046,战火之王
13047,,13047,神农·完全体
13048,,13048,女娲·完全体
13049,,13049,轩辕·完全体
13051,,13051,盘古·完全体
13053,,13053,六六六
13058,,13058,神獠月
13064,,13064,白夜叉·完全体
13065,,13065,堕天凯撒帝·完全体
13066,,13066,九尾白白
13067,,13067,九尾小白
13068,,13068,归零者·完全体
13069,,13069,小黑翼王
13074,,13074,黑翼王
13075,,13075,黑翼王·完全体
13077,,13077,灵仙碧瑶·完全体
13078,,13078,超凡鬼厉·完全体
13079,,13079,貘·完全体
13080,,13080,神迹炎王·完全体
13083,,13083,旱魃·语尘分身
13084,,13084,天焰菲尔·完全体
13085,,13085,宙斯·完全体
13087,,13087,战火之王·完全体
13089,,13089,无冕之王·潜
13090,,13090,无冕之王·完全体
13091,,13091,幻梦
13092,,13092,幻象梦魇
13093,,13093,雷怒青龙·完全体
13094,,13094,滔天白虎·完全体
13095,,13095,焚炙朱雀·完全体
13096,,13096,泰岳玄武·完全体
13097,,13097,炎天·完全体
13099,,13099,猩猩队长
13100,,13100,日月战武神·完全体
13101,,13101,天宇圣龙·完全体
13102,,13102,芭比神鹿
13103,,13103,神羽奥天·完全体
13104,,13104,神迹帝卡·完全体
13106,,13106,幻星狼神
13107,,13107,蓝宝神将·完全体
13108,,13108,长牙小狮
13109,,13109,疾风长牙狮
13110,,13110,Zeta·完全体
13112,,13112,受伤的御星痕
13113,,13113,洪荒之力
13114,,13114,天帝龙皇·完全体
13115,,13115,上古星龙·完全体
13116,,13116,四九天灵·完全体
13122,,13122,伏小羲
13123,,13123,伏羲
13124,,13124,伏羲·完全体
13125,,13125,超源·完全体
13126,,13126,金甲卫士
13127,,13127,无忧
13128,,13128,小灵狐
13129,,13129,千墨灵狐
13131,,13131,鬼墨小怪
13132,,13132,水潮元素
13133,,13133,火怒元素
13134,,13134,金华元素
13135,,13135,木源元素
13136,,13136,土壁元素
13137,,13137,无虑
13138,,13138,鬼墨无虑
13144,,13144,圣修暗凯帝
13145,,13145,圣修暗凯帝·完全体
13150,,13150,阿修罗
13152,,13152,暗翼女神
13155,,13155,鬼墨无忧
13156,,13156,鬼墨无忧·完全体
13157,,13157,千机变
13158,,13158,圣修光球
13159,,13159,暗凯影球
13160,,13160,阿修罗·完全体
13162,,13162,天吟降龙
13163,,13163,龙小猫
13164,,13164,龙猫武士
13165,,13165,森罗可兰·完全体
13166,,13166,守
13167,,13167,神迹冰罗皇·完全体
13168,,13168,冥夜君狼王•完全体
13171,,13171,龙吟守
13172,,13172,龙吟守·完全体
13173,,13173,八岐大蛇•完全体
13174,,13174,龙吟真
13175,,13175,盘龙魂
13176,,13176,传奇圣天伊
13177,,13177,黄金传奇圣天伊
13178,,13178,传奇神龙
13180,,13180,传奇阿波罗之影
13181,,13181,小碌碌
13182,,13182,雪碌碌
13184,,13184,镇星女神
13185,,13185,寒灵
13186,,13186,兵神韩信
13187,,13187,传奇Zeta
13188,,13188,传奇哈迪斯
13190,,13190,雪无冰姬
13191,,13191,传奇冰雪女皇
13192,,13192,雪无寒灵
13193,,13193,传奇阴
13194,,13194,传奇阳
13195,,13195,逆水寒
13196,,13196,传奇天道无极
13198,,13198,烛龙
13200,,13200,乾坤
13201,,13201,传奇波鲁
13202,,13202,传奇莎莎
13203,,13203,传奇米奥
13205,,13205,天元夜神
13206,,13206,生死寂
13207,,13207,传奇月神
13208,,13208,神锋王骑
13209,,13209,璃
13210,,13210,御星璃
13211,,13211,煌
13213,,13213,木星女神
13214,,13214,洪荒王
13215,,13215,传奇烈焰凤凰
13216,,13216,传奇奇灵王分身
13217,,13217,传奇圣冕麒麟
13218,,13218,传奇龙太子
13219,,13219,小梅卡
13220,,13220,传奇梅卡
13222,,13222,传奇雷帝神
13223,,13223,传奇奥天
13224,,13224,传奇炎帝
13225,,13225,传奇张飞
13226,,13226,天命
13227,,13227,传奇黑炎龙
13229,,13229,黑化宿命
13230,,13230,命运之神
13231,,13231,浅浅
13232,,13232,帝姬白浅
13234,,13234,传奇黑翼王
13235,,13235,塔罗
13236,,13236,小影月
13237,,13237,影月
13238,,13238,传奇星魔
13239,,13239,审判之神
13241,,13241,嬴政
13242,,13242,传奇星龙
13244,,13244,界
13245,,13245,传奇宙斯
13246,,13246,传奇逍遥
13247,,13247,幻之黑镜
13248,,13248,黑化镜
13249,,13249,传奇东皇太一
13251,,13251,诅咒之神
13254,,13254,传奇归零者
13255,,13255,喵喵
13256,,13256,智慧王
13257,,13257,传奇自由之神
13258,,13258,枪神赵子龙
13259,,13259,传奇凯撒帝
13260,,13260,御神护
13261,,13261,传奇孙悟空
13262,,13262,传奇塔王
13263,,13263,二郎神杨戬
13264,,13264,毁灭之神
13265,,13265,传奇妖王冽
13266,,13266,传奇源
13267,,13267,传奇修罗神
13269,,13269,火星女神
13270,,13270,永生·毁灭之神之影
13271,,13271,传奇刘备
13272,,13272,传奇曹操
13273,,13273,传奇孙权
13274,,13274,传奇夜王
13275,,13275,天神·帝天麟
13276,,13276,帝魔·帝天麟
13277,,13277,狂
13279,,13279,传奇暗夜辰星
13280,,13280,力量·轮回之神
13281,,13281,轮回之神
13282,,13282,传奇炽天使K
13284,,13284,传奇冰晶凤凰
13285,,13285,传奇炽寒天凤
13287,,13287,阎罗
13288,,13288,传奇天使王
13289,,13289,传奇无冕之王
13290,,13290,木桩
13291,,13291,帝释天
13293,,13293,晴天柱
13294,,13294,小浣
13295,,13295,传奇终结兔
13297,,13297,地球女神
13298,,13298,力量王
13299,,13299,传奇山脉之魂
13300,,13300,传奇古渊露龙
13301,,13301,龙麒麟
13302,,13302,枪神王
13303,,13303,秦琪
13304,,13304,传奇日月战武神
13305,,13305,帝凰昭君
13307,,13307,传奇七星神龙
13309,,13309,传奇念
13310,,13310,传奇魔焰吉拉
13311,,13311,暗黑传奇圣天伊
13313,,13313,传奇八岐龙吟
13316,,13316,金星女神
13317,,13317,传奇龙吟真
13318,,13318,传奇可兰
13320,,13320,传奇白虎
13321,,13321,吞天饕餮
13322,,13322,传奇明王
13324,,13324,始祖巨龙
13326,,13326,传奇朱雀
13327,,13327,魔神吕布
13328,,13328,洪荒无极
13329,,13329,洪荒之力
13330,,13330,传奇圣羽女皇
13331,,13331,万灵王
13333,,13333,传奇青龙
13334,,13334,传奇玄武
13335,,13335,传奇苍穹圣龙
13337,,13337,红心K·莫格莱尼
13339,,13339,传奇鬼墨无忧
13341,,13341,传奇冥夜君狼王
13343,,13343,传奇帝卡
13344,,13344,始祖影龙
13346,,13346,人鱼姬·迦夜
13347,,13347,传奇盘古
13351,,13351,九霄
13352,,13352,传奇帝皇龙
13353,,13353,传奇关羽
13354,,13354,传奇菲尔
13355,,13355,传奇冰罗皇
13357,,13357,方块K·托尔贝恩
13359,,13359,传奇炎王
13360,,13360,传奇幻无极
13363,,13363,梅花K·纳兹戈林
13365,,13365,传奇战火之王
13366,,13366,始祖炎龙
13368,,13368,始祖冰龙
13371,,13371,传奇圣修暗凯帝
13372,,13372,始祖翼龙
13373,,13373,始祖光龙
13374,,13374,传奇凌风
13375,,13375,龍之残象
13377,,13377,六龙圣王
13378,,13378,传奇貘
13380,,13380,[王者羁绊]圣天伊
13381,,13381,[远古精灵王]伊撒尔
13383,,13383,[祸乱之源]黑桃K之影
13384,,13384,[斗转星移]智慧王
13385,,13385,[神之九尾]玉藻皇
13386,,13386,幽荧
13387,,13387,[太阴]幽荧
13388,,13388,[远古大妖]大天狗之影
13389,,13389,烛照
13390,,13390,[太阳]烛照
13391,,13391,[战场萝莉]赫尔薇尔
13392,,13392,[火神]祝融
13396,,13396,[诸神之父]奥丁大帝
13398,,13398,[始祖巨人]伊米尔
13399,,13399,[逢魔之约]阴阳
13401,,13401,[四海龙王]敖兴
13402,,13402,[雷霆主宰]风暴龙
13403,,13403,[天罪弑神者]兰斯洛
13404,,13404,[鬼族之王]酒吞龙泉
13405,,13405,[天启堕神王]梵天
13406,,13406,[未来精灵王]梵天
13407,,13407,[万神之后]弗丽嘉
13408,,13408,[亘古鸿蒙]力量王
13409,,13409,[天道守护]东皇太一
13411,,13411,[偷心女王]亚森罗宾
13412,,13412,[黄帝]轩辕
13413,,13413,[扶桑大神]伊邪那岐
13414,,13414,伊邪那美之影
13416,,13416,[阴阳总帅]晴明
13417,,13417,[破坏神]须佐之男
13418,,13418,[神之九尾]玉藻皇（式神）
13419,,13419,[远古大妖]大天狗（式神）
13420,,13420,[鬼族之王]酒吞龙泉（式神）
13421,,13421,[破坏神]须佐之男（式神）
13423,,13423,[金翅神]迦楼罗
13424,,13424,[万王加冕]圣王麒麟
13425,,13425,[上古月神]神武月
13427,,13427,[太阳神]阿波罗
13428,,13428,[上古炎帝]战无炎
13429,,13429,[一代宗师]奇灵王
13430,,13430,[火之精灵王]菲尔
13431,,13431,[青莲剑仙]李白
13433,,13433,[永夜君主]夜王
13434,,13434,[永夜公主]夜兰
13435,,13435,[白灵圣君]狼王
13436,,13436,[沙影谍王]阿里巴巴
13437,,13437,[神之使者]阿努比斯
13438,,13438,[宇宙秩序]毗湿奴
13439,,13439,[人品帝]Lucky
13441,,13441,[狗界大佬]柴哥
13443,,13443,[神机妙算]诸葛亮
13445,,13445,[精灵王子]奥兰多
13446,,13446,[七十二柱]所罗门王
13448,,13448,小经验福袋
13449,,13449,大经验福袋
13450,,13450,摇摇果
13451,,13451,高级摇摇果
13452,,13452,究极升级果
13453,,13453,[众灵初始]通灵王
13454,,13454,[星界霸主]上古星龙
13456,,13456,[星神十三宫]星魔
13458,,13458,[逢魔之约]阴阳（圣灵）
13459,,13459,[黄泉大神]伊邪那美（圣灵）
13460,,13460,[金翅神]迦楼罗（圣灵）
13461,,13461,[宇宙秩序]毗湿奴（圣灵）
13462,,13462,[冥主]哈迪斯
13463,,13463,[神王]宙斯
13464,,13464,[破冰重生]冰晶凤凰
13465,,13465,[浴火重生]烈焰凤凰
13466,,13466,[希望之神]奥天
13467,,13467,[龙胆神威]赵子龙
13468,,13468,[冰火涅槃]炽寒天凤
13469,,13469,[龙族至尊]帝皇龙
13470,,13470,[白垩传说]青翼龙王
13472,,13472,[木元素]修罗
13474,,13474,[圣堂祭祀]夕颜
13476,,13476,[齐天大圣]孙悟空
13479,,13479,[圣堂刺客]半夏
13480,,13480,[恶魔之子]凯撒
13481,,13481,[绝界剑主]苏铁
13482,,13482,[圣堂之主]舜华
13483,,13483,[傲慢与偏见]归零者
13485,,13485,[不败军神]伊撒尔
13486,,13486,[战争与和平]自由之神
13487,,13487,[永灵至尊]冥夜君狼王
13490,,13490,[炼金斗者]乱舞
13491,,13491,[神行谍影]黑翼王
13492,,13492,[海洋女神]忒提丝
13493,,13493,[光暗传说]圣修暗凯帝
13495,,13495,[无尽神兵]银
13496,,13496,[无限魔枪]黑
13497,,13497,[梦想为王]猪苗苗
13498,,13498,[灭世魔焰]黑炎龙
13503,,13503,[智慧女神]雅典娜
13504,,13504,[万物之始]源
13506,,13506,[星际女警]安娜
13507,,13507,[世界蛇]耶梦加得
13508,,13508,[最初的梦想]古渊露龙
13509,,13509,[地龙神]摩罗迦
13510,,13510,[应汝之愿]天使王
13511,,13511,[应汝之愿]天使王
13515,,13515,[最初的梦想]古渊露龙
13517,,13517,[黑客帝国]诺亚
13518,,13518,[上古神话]日月战武神
13519,,13519,[上古月神]神武月
13520,,13520,[上古炎帝]战无炎
13521,,13521,[神兵]帝刃
13523,,13523,征服麦斗王
13524,,13524,[腾云驾雾]七星神龙
13525,,13525,[不朽寒冰]冰雪女皇
13526,,13526,[纵横捭阖]无冕之王
13527,,13527,[武绝苍穹]貘
13529,,13529,[水无止境]小8主
13530,,13530,[千古女帝]武则天
13534,,13534,[最初的希望]终结兔
13535,,13535,[最初的希望]终结兔
13536,,13536,[七星神帝]龙刃
13537,,13537,{天道阳极]阳
13538,,13538,[纵横捭阖]无冕之王
13541,,13541,[开天辟地]盘古
13542,,13542,[开天辟地]盘古
13543,,13543,[洪荒王]御星煌
13546,,13546,[天使之恋]莱特&若希
13547,,13547,[救赎之音]亚伯
13548,,13548,{天道阴极]阴
13549,,13549,[无双战神]吕布
13550,,13550,[造化阴阳]天道无极
13551,,13551,{天道阳极]阳
13552,,13552,{天道阴极]阴
13553,,13553,夏娃之影
13554,,13554,[最初的热血]魔焰吉拉
13555,,13555,[最初的热血]魔焰吉拉
13557,,13557,[木之精灵王]可兰
13558,,13558,[寒冰王座]白虎
13559,,13559,[悬顶之剑]该隐
13560,,13560,[悬顶之剑]该隐
13561,,13561,[天选之王]亚当
13562,,13562,[天选之王]亚当
13563,,13563,[雷霆之怒]青龙
13564,,13564,[灵兽宫主]苍穹圣龙
13565,,13565,[不动如山]玄武
13566,,13566,[四象归一]万灵王
13567,,13567,[雷霆之怒]青龙（灵兽）
13568,,13568,[寒冰王座]白虎（灵兽）
13569,,13569,[烈焰红莲]朱雀（灵兽）
13570,,13570,[不动如山]玄武（灵兽）
13571,,13571,[烈焰红莲]朱雀
13572,,13572,苍穹之王者天刃
13573,,13573,苍穹之王者圣符
13574,,13574,苍穹之王者龙盾
13575,,13575,苍穹之王者神翼
13576,,13576,[天下第一龙]龍
13577,,13577,[玄音神]乾达婆
13579,,13579,[冰封的思念]尤莱亚
13580,,13580,[水之精灵王]梅卡
13581,,13581,[天地复初]乾坤
13582,,13582,[天地复初]乾坤
13583,,13583,[天道主宰]乾坤
13584,,13584,[天道主宰]乾坤
13586,,13586,[山丘之王]霍比特
13587,,13587,[克敌机先]天枢影
13588,,13588,[天地玄黄]洪荒无极
13589,,13589,[洪荒王]御星煌
13590,,13590,[洪荒之主]御星璃
13591,,13591,[洪荒之主]御星璃
13592,,13592,[伍心开阳]姬如意
13593,,13593,[伍心开阳]姬如意
13594,,13594,[神鹤凤翎]天神白
13595,,13595,[帝魔凰权]帝女夙
13596,,13596,[神魔之子]帝天麟
13597,,13597,[气吞山河]圣体力量王
13598,,13598,[气吞山河]圣体力量王
13599,,13599,[冥夜千机]鬼墨无忧
13601,,13601,[荧惑魅灵]后卿
13602,,13602,灵天释
13603,,13603,灵天释
13604,,13604,[玉衡金仙]灵天释
13605,,13605,[玉衡金仙]灵天释
13606,,13606,[纯血妖王]冽
13608,,13608,[星现万物]王者智慧王
13609,,13609,[九重天主]东华帝君
13610,,13610,[剑化阴阳]钧天
13611,,13611,[破灭洪荒]八岐大蛇
13613,,13613,[天之骄女]九天玄女
13614,,13614,[御魂破咒]八岐龙吟
13615,,13615,[破灭洪荒]八岐大蛇
13616,,13616,[御天龙魂]龙吟守
13617,,13617,[执掌天权]御渊
13618,,13618,[执掌天权]御渊
13619,,13619,[御天龙魂]龙吟守
13620,,13620,[时间法则]王者伊撒尔
13621,,13621,[幻召虚空]白皇星焰
13623,,13623,[无畏兵神]韩信
13624,,13624,[无畏兵神]韩信
13625,,13625,[无敌斗尊]龙皇辉斗
13626,,13626,[不死传说]雀皇紫辰
13629,,13629,[万界天枢]紫璇
13630,,13630,[万界天枢]紫璇
13631,,13631,[圣剑传说]龙神
13632,,13632,[王者圣剑]龙天伊
13633,,13633,[王者羁绊]圣天伊
13634,,13634,[圣剑传说]龙神
13636,,13636,[天玑天璇]重楼
13637,,13637,[元素审判]玄皇耀凌
13638,,13638,天玑珠
13639,,13639,天璇剑
13641,,13641,[御日月缔时光]羲和
13646,,13646,[天启之光]通灵梵天
13647,,13647,[幻召虚空]白皇星焰（四皇）
13648,,13648,[无敌斗尊]龙皇辉斗（四皇）
13649,,13649,[不死传说]雀皇紫辰（四皇）
13650,,13650,[元素审判]玄皇耀凌（四皇）
13651,,13651,[魔法少女]爱丽丝
13652,,13652,[魔法少女]爱丽丝
13653,,13653,[幻灵灭杀]幻无极
13654,,13654,[五虎蛇吞海]张飞
13655,,13655,[八部天龙]龙太子
13656,,13656,[天命七星]神兵圣王
13657,,13657,[伍心开阳]姬如意（神兵）
13658,,13658,[玉衡金仙]灵天释（神兵）
13659,,13659,[天玑天璇]重楼（神兵）
13660,,13660,[执掌天权]御渊（神兵）
13661,,13661,[万界天枢]紫璇（神兵）
13662,,13662,[登峰造极]巅峰塔王
13663,,13663,罗睺
13664,,13664,[神爱世人]王者天使王
13665,,13665,[冰雪奇缘]绝界欧若拉
13666,,13666,[推演未来]九曜
13668,,13668,[王启诸灵]王者通灵王
13669,,13669,[广寒仙子]嫦娥
13670,,13670,[大道至臻]天命王
13671,,13671,[大道至臻]天命王
13672,,13672,[王之冕]英雄圣王麒麟
13673,,13673,[王之冕]英雄圣王麒麟
13674,,13674,[神谕之光]绝界阿波罗
13675,,13675,[破轮回斩因果]帝俊
13676,,13676,[YES.I.DO]羲和
13677,,13677,[YES.I.DO]至臻羲和
13678,,13678,[五虎鹏偃月]关羽
13679,,13679,[圣武月神]圣体神武月
13680,,13680,[圣武月神]圣体神武月
13683,,13683,[天焰至尊]王者菲尔
13684,,13684,[天蓬元帅]猪八戒
13688,,13688,[圣战炎帝]圣体战无炎
13689,,13689,[圣战炎帝]圣体战无炎
13690,,13690,[神帝]圣体日月战武神
13691,,13691,[神帝]圣体日月战武神
13692,,13692,[梦回太古]姜子牙
13693,,13693,[五虎龙震天]王者赵云
13694,,13694,[五虎凤燎原]马超
13695,,13695,[五虎凤燎原]马超
13697,,13697,[月亮女神]阿尔忒弥斯
13698,,13698,[月桂女神]达芙妮
13699,,13699,[月桂女神]达芙妮
13701,,13701,[永恒之影]伊
13704,,13704,[皆为序曲]过去之神
13705,,13705,[皆为序曲]过去之神
13706,,13706,[贪婪之罪]神秘战无炎
13708,,13708,[圣域曙光]圣体奥天
13709,,13709,[圣域曙光]圣体奥天
13710,,13710,[五虎鹰击空]黄忠
13712,,13712,[逆星神]绝界星魔
13713,,13713,[幽翼灵喵]夜一
13714,,13714,[天之羽衣]辉夜姬
13715,,13715,[天之羽衣]辉夜姬
13716,,13716,[星神主]绝界上古星龙
13717,,13717,[大小姐]孙尚香
13718,,13718,[大小姐]孙尚香
13719,,13719,[蜀汉天尊]刘备
13720,,13720,[五虎鹏偃月]关羽（五虎）
13721,,13721,[五虎蛇吞海]张飞（五虎）
13722,,13722,[五虎龙震天]王者赵云（五虎）
13723,,13723,[五虎凤燎原]马超（五虎）
13724,,13724,[五虎鹰击空]黄忠（五虎）
13726,,13726,[樱の恋]羲和
13728,,13728,[星空梦想]心
13729,,13729,[扶桑至高神]伊邪那氏
13730,,13730,[扶桑大神]伊邪那岐
13731,,13731,[黄泉大神]伊邪那美
13732,,13732,[皆有可能]未来之神
13733,,13733,[皆有可能]未来之神
13739,,13739,[空间羁绊]超维圣天伊
13740,,13740,[空间法则]超维伊撒尔
13741,,13741,[贵妃醉酒]杨玉环
13743,,13743,[唯我独尊]超维帝皇龙
13745,,13745,[贵妃醉酒]杨玉环
13746,,13746,[龙族起源]龙母
13747,,13747,[秘法魔导]龙族大法师
13748,,13748,[始祖传承]六龙圣王
13754,,13754,[万物生辉]王者可兰
13757,,13757,[乐园意志]笑
13758,,13758,[东风不破]超维诸葛亮
13761,,13761,[皆是虚妄]现在之神
13762,,13762,[皆是虚妄]现在之神
13763,,13763,[御龙诀]超维孙悟空
13767,,13767,[堕怠之罪]大妖神武月
13768,,13768,[绝世之音]高渐离
13769,,13769,[八荒战神]英雄东皇太一
13770,,13770,[八荒战神]英雄东皇太一
13776,,13776,[天地起源]超维盘古
13777,,13777,[人族起源]女娲
13778,,13778,[天使恋之吻]羲和
13781,,13781,[亚特兰蒂斯]通灵亚当
13782,,13782,[睡美人]夏娃（救世主）
13783,,13783,[绝界剑主]苏铁（救世主）
13784,,13784,[无尽神兵]银（救世主）
13785,,13785,[黑客帝国]诺亚（救世主）
13786,,13786,[悬顶之剑]该隐（救世主）
13787,,13787,[傲慢之罪]嗜血狼王
13788,,13788,[傲慢之罪]嗜血狼王
13789,,13789,[冰雪王族]女皇大帝
13790,,13790,[众神天罚]超维宙斯
13791,,13791,[万冥天罪]王者哈迪斯
13792,,13792,[暴食之罪]噬魂夜王之灵
13793,,13793,[暴食之罪]噬魂夜王之灵
13794,,13794,[天地道无极]双生乾坤
13795,,13795,[天道主宰]乾坤
13796,,13796,[天地复初]乾坤
13797,,13797,[乱世妖狐]苏妲己
13798,,13798,[乱世妖狐]苏妲己
13799,,13799,[云想衣裳花想容]羲和
13800,,13800,[无界无序无限]时空王
13801,,13801,[皆为序曲]过去之神（诸神）
13802,,13802,[皆是虚妄]现在之神（诸神）
13803,,13803,[皆有可能]未来之神（诸神）
13804,,13804,[轮回法则]灵魂伊撒尔
13806,,13806,[六道欲界天]阿修罗
13807,,13807,[轮回羁绊]灵魂圣天伊
13809,,13809,空
13810,,13810,[黑白相生]灵魂奇灵王
13811,,13811,[色欲之罪]暴君凯撒
13812,,13812,[嫉妒之罪]黯帝修罗
13815,,13815,[远古意志]智慧力量王
13816,,13816,[亘古鸿蒙]力量王
13817,,13817,[斗转星移]智慧王
13818,,13818,[一发入魂]灵魂枪神王
13821,,13821,[深藏功与名]通灵无冕之王
13822,,13822,[神爱世人]王者天使王（五王）
13823,,13823,[八荒战神]英雄东皇太一 （五王）
13824,,13824,[黑白相生]灵魂奇灵王 （五王）
13825,,13825,[武霸天下]灵魂貘
13827,,13827,[萌妹小编]车厘子
13829,,13829,[少女的祈祷]貘
13831,,13831,[暗影之夜]绝界黑翼王
13832,,13832,[黑暗星光]灵魂洛羲
13838,,13838,[愤怒之罪]命运伊撒尔
13839,,13839,[愤怒羁绊]命运圣天伊
13842,,13842,[原罪]神妖日月战武神
13843,,13843,[贪婪之罪]神秘战无炎
13844,,13844,[堕怠之罪]大妖神武月
13845,,13845,[天国咏唱]命运天使王
13847,,13847,[地狱孤影]命运念
13849,,13849,[浩海之主]王者梅卡
13851,,13851,[混世魔童]哪吒
13852,,13852,[混世魔童]哪吒
13853,,13853,[斩魔妖刀]曰
13855,,13855,[魔神王]以撒
13856,,13856,[七宗罪]通灵伊撒尔
13858,,13858,[堕怠之罪]大妖神武月（七罪）
13860,,13860,[暴食之罪]噬魂夜王（七罪）
13863,,13863,[愤怒之罪]命运伊撒尔（七罪）
13868,,13868,[傲世之灵]灵魂万灵王
13869,,13869,[君临四象]王者万灵王
13870,,13870,[三位一体]至尊精灵王
13871,,13871,[未来王座]超维梵天
13874,,13874,[蔷薇女王]薇拉
13875,,13875,[傲睨万物]超维源
13876,,13876,[豆蔻年华]绝界弗丽嘉
13877,,13877,[秩序起源]神启·乾坤
13878,,13878,[秩序神女]洛洛离（神启者）
13880,,13880,[秩序神女]洛洛离
13881,,13881,神迹拉诺斯
13883,,13883,[圣女]贞德
13884,,13884,[圣女]贞德
13885,,13885,[全知全能]命运奥丁大帝
13886,,13886,[至高神权]通灵奥丁大帝
13887,,13887,[始祖巨人]伊米尔（诸神）
13888,,13888,[精灵王子]奥兰多（诸神）
13889,,13889,[智慧女神]雅典娜（诸神）
13890,,13890,[山丘之王]霍比特（诸神）
13895,,13895,[创始元灵]圣体通灵王
13896,,13896,[创始元灵]圣体通灵王
13897,,13897,[阴阳百鬼主]灵魂晴明
13898,,13898,[欲望与苦难]命运所罗门王
13899,,13899,[不灭战神]王者力量王
13903,,13903,[自然起源]神启·盖亚
13904,,13904,[自然灵女]薇薇安（神启者）
13906,,13906,[自然灵女]薇薇安
13907,,13907,[绝望龙神]尼德霍格
13909,,13909,{不朽星神]超维智慧王
13910,,13910,[沉鱼之姿]西施
13914,,13914,[终极合体]王牌战队
13917,,13917,[大道轮回]灵魂天命王
13918,,13918,混沌精灵
13919,,13919,[混沌魔女]莉莉丝
13920,,13920,[始祖龙尊]命运龍
13921,,13921,[混沌起源]神启·卡奥斯
13922,,13922,[混沌魔女]莉莉丝（神启者）
13923,,13923,星辉时代·圣天伊
13924,,13924,星辉时代·黄金圣天伊
13925,,13925,星辉少女·小熊座
13926,,13926,辉煌城主·天龙座
13928,,13928,救世天幕·时空王
13930,,13930,神迹波塞冬
13932,,13932,天穹之君·仙王座
13933,,13933,星宇之姬·仙后座
13936,,13936,自由女王·拜伦
13937,,13937,末世樱剑舞·千夏
13941,,13941,宇之终始星之诞灭·银河
13942,,13942,光翼缔造者·创世星灵
13943,,13943,撒旦之子·魔域星君
13946,,13946,神之战鳞·枪魂应龙
13947,,13947,神之皇鳞·剑魂白泽
13948,,13948,神之帝鳞·扇魂毕方
13949,,13949,神之圣鳞·镜魂青鸾
13950,,13950,无双剑意·剑帝修纳
13951,,13951,芳绯初樱·欧若拉
13952,,13952,天灾统领·巫妖王
13953,,13953,末世红镰闪·希尔瓦娜斯
13954,,13954,春晖神女·可兰
13957,,13957,死神镰刀
13958,,13958,神之审判·白天使王
13959,,13959,魔之禁锢·黑天使王
13960,,13960,花晨月夕·洛羲
13963,,13963,魔王·撒旦
13964,,13964,天使恶魔·米迦勒x路西法
13965,,13965,天使恶魔·米迦勒x路西法
13966,,13966,万王天谕·圣王麒麟
13967,,13967,万事如意·锦毛鼠
13968,,13968,星轨圣裁之回响·羲和
13975,,13975,万世龙尊·帝皇龙
13976,,13976,仁者无敌·湛卢
13979,,13979,真炎神君·菲尔
13980,,13980,四灵之主·苍穹圣龙
13981,,13981,东方灵兽·青龙
13982,,13982,南方灵兽·朱雀
13983,,13983,开天地创净土·盘古
13984,,13984,西方灵兽·白虎
13985,,13985,北方灵兽·玄武
13986,,13986,斗战胜佛·孙悟空
13987,,13987,浮光般若·炽寒天凤
13988,,13988,皆归四象·万灵王
13989,,13989,大暗黑·天
13990,,13990,无烬噩梦·伊撒尔
13991,,13991,圣光守护·超时空王
13992,,13992,威震天下·太阿
13995,,13995,伊邪那氏·那美x那岐
13996,,13996,伊邪那氏·那美x那岐
13997,,13997,森林之息·花冠公主
13999,,13999,第一真祖·黑翼王
14000,,14000,覆天之影·黑翼王
14002,,14002,第二真祖·露易丝
14003,,14003,百花绽·春分的幻影
14004,,14004,万神之王·宙斯的幻影
14005,,14005,万冥之主·哈迪斯
14006,,14006,雨纷纷·清明的幻影
14008,,14008,主天道御天下·乾坤
14009,,14009,四界共主·乾坤
14010,,14010,醉红颜·洛洛离（神启者）
14011,,14011,醉红颜·洛洛离
14015,,14015,天道无极·阴x阳
14016,,14016,天道无极·阴x阳
14017,,14017,知时节·雨水的幻影
14018,,14018,剑越九霄·逍遥
14020,,14020,大道独行·天命王
14021,,14021,春光晓·谷雨的幻影
14024,,14024,龙诫诸天·阿修罗
14025,,14025,轮回溯梦·伊撒尔
14026,,14026,天启神君·梵天
14027,,14027,春晖暖·立春
14029,,14029,神国之主·奥丁大帝
14030,,14030,太极生两仪·东皇太一
14031,,14031,荒宇生无极·东皇太一
14033,,14033,菩提本无树·瑠璃
14034,,14034,圣道御天·轩辕夏禹
14035,,14035,永恒浩劫·奥丁大帝
14036,,14036,未来计划·黯帝修罗
14037,,14037,未来计划·暴君凯撒
14039,,14039,大佬有点萌·修罗
14040,,14040,大佬有点萌·凯撒
14041,,14041,源水风暴·梅卡
14042,,14042,星尊裁决·上古星龙
14043,,14043,未来计划·嗜血狼王
14044,,14044,正当时·小满的幻影
14046,,14046,龙魂永曜·龍
14047,,14047,须弥天帝·帝释天
14048,,14048,未来计划·噬魂夜王
14050,,14050,破虚空衍群龙·龙母
14051,,14051,万龙之上·至高龙尊
14052,,14052,尊贵无双·纯钧的幻影
14053,,14053,惊鸿逐月·李白
14055,,14055,万龙之上·至高龙尊
14056,,14056,命运交响·亚当
14057,,14057,未来计划·神秘战无炎
14058,,14058,谷满尖·芒种
14060,,14060,星辰造世·奇灵王
14061,,14061,混元合一·奇灵王
14062,,14062,智慧希望·密涅瓦x潘多拉
14063,,14063,智慧希望·密涅瓦x潘多拉
14064,,14064,空间魂梦·伊撒尔
14067,,14067,荷满塘·夏至的幻影
14070,,14070,造自然耀万物·盖亚
14071,,14071,万灵永恒·盖亚
14072,,14072,花间序·薇薇安（神启者）
14075,,14075,光明之神·阿波罗
14076,,14076,统御四海·敖兴
14078,,14078,绝对时空法则·王者时空王
14080,,14080,无限星空·智慧王
14083,,14083,天堂创世之光·王者天使王
14084,,14084,无限神力·力量王
14088,,14088,时间故梦·王者伊撒尔
14089,,14089,超感猎手·枪神王
14090,,14090,血狱魔躯·赤色梦魇
14092,,14092,真理之门·无冕之王
14093,,14093,武绝凌天·貘
14095,,14095,相伴十载·初心未来的幻影
14096,,14096,初心
14097,,14097,未来
14102,,14102,梁州战神
14103,,14103,不虚藕霸·哪吒
14107,,14107,仙官相·哪吒
14109,,14109,十年の热血·吉拉
14110,,14110,凉风至·立秋的幻影
14115,,14115,通天神威·王者孙悟空
14116,,14116,万刀伏魔·曰的幻影
14117,,14117,十年の梦想·古渊露龙
14119,,14119,扉之光时之晖·王者羲和
14120,,14120,梦幻绮丽之夜·羲和
14121,,14121,十年の希望·终结兔
14122,,14122,榴满枝·处暑
14123,,14123,梦沐黎明·羲和
14127,,14127,GOD·无冕之王
14128,,14128,深渊之主·拉莱耶
14129,,14129,英霸之气·诸葛亮
14131,,14131,小奈亚
14132,,14132,深渊の凝视·奈亚
14133,,14133,斗篷人·奈亚
14134,,14134,远古精灵王·伊撒尔
14135,,14135,曙色幽·白露的幻影
14138,,14138,星河御月之流辉·望舒
14139,,14139,扬州战神
14141,,14141,驭灵度众生·通灵王
14143,,14143,一起学习吧·密涅瓦x潘多拉
14144,,14144,一起学习吧·密涅瓦x潘多拉
14145,,14145,鸿蒙初启·洪荒王
14147,,14147,桂盈梢·秋分的幻影
14148,,14148,一起放学吧·米迦勒x路西法
14149,,14149,一起放学吧·米迦勒x路西法
14150,,14150,星辉灵魂
14151,,14151,诸神至高王座·王者奥丁大帝
14152,,14152,审判之枪·奥丁大帝
14153,,14153,神国天后·弗丽嘉
14156,,14156,妖相百斩·洪荒无极
14157,,14157,贪之魔
14158,,14158,贪之魔
14165,,14165,九黎兵主·蚩尤
14166,,14166,伐天堕神·刑天
14167,,14167,鹿鸣仙风·姜子牙
14168,,14168,晓霜重·寒露渊的幻影
14169,,14169,九黎
14170,,14170,未来计划·冥夜君狼王
14171,,14171,未来计划·冥夜君狼王
14172,,14172,骖龙孤影行·赵云
14173,,14173,金蕊繁·霜降的蜃影
14174,,14174,十殿阎罗·地藏王
14175,,14175,第二真祖·SP露易丝
14176,,14176,飘渺绝尘·七星龙渊的幻影
14178,,14178,一起开动吧·露易丝
14179,,14179,众神の意志·王者宙斯
14182,,14182,神谕天佑·圣王麒麟
14183,,14183,君临沧海·圣王麒麟
14184,,14184,游龙回雪·金步摇（神启者）
14185,,14185,阿摇
14186,,14186,游龙回雪·金步摇
14191,,14191,终极未来计划·王牌战队
14193,,14193,彼岸永望·孟婆
14194,,14194,今宵寒·立冬的幻影
14196,,14196,菩提本无树·SP瑠璃
14197,,14197,踏阙飞影·鱼肠的幻影
14198,,14198,琴语轻·小雪的幻影
14199,,14199,乱世英豪·吕布
14200,,14200,一曲相思意·貂蝉的幻影
14201,,14201,烈焰天辉·菲尔
14202,,14202,知世
14203,,14203,不语奈何·知世
14204,,14204,帝刹穹天·至高龙尊
14206,,14206,太阳
14207,,14207,月冕之曜·阿尔忒弥斯
14208,,14208,一起赏花吧·瑠璃
14210,,14210,辉耀万世之光·阿波罗
14211,,14211,幽径拾光·达芙妮（神启者）
14212,,14212,幽径拾光·达芙妮
14215,,14215,神枪镇山河·韩信
14216,,14216,照世之澜·梅卡
14217,,14217,虚数重构·黛依
14218,,14218,盼佳节·冬至的幻影
14219,,14219,黑暗未来计划·念
14220,,14220,傲慢之念·念
14221,,14221,暴食之念·念
14222,,14222,堕怠之念·念
14223,,14223,贪婪之念·念
14224,,14224,嫉妒之念·念
14225,,14225,色欲之念·念
14226,,14226,不羁如风·奥列弗x纳希
14227,,14227,不羁如风·奥列弗x纳希
14228,,14228,天启新篇·梵天
14229,,14229,生命礼赞·可兰
14232,,14232,穷穷
14233,,14233,愚者
14236,,14236,世界
14238,,14238,战车
14239,,14239,龙海云荒·龙太子
14240,,14240,龙海云荒·龙太子
14241,,14241,寄芳思·小寒的幻影
14245,,14245,裂穹之斩·龙刃
14246,,14246,魔神·以撒
14247,,14247,无烬噩梦·传说伊撒尔
14248,,14248,星轨圣裁之回响·传说羲和
14249,,14249,花晨月夕·传说洛羲
14253,,14253,混沌龙骑·伊撒尔
14254,,14254,天使恶魔·SP米迦勒x路西法
14255,,14255,天使恶魔·SP米迦勒x路西法
14256,,14256,崩坏·天使王
14258,,14258,禁锢审判·传说天使王
14259,,14259,群星璀璨穹宇之巅·银河
14260,,14260,主天道御天下·传说乾坤
14264,,14264,灰烬熔芯·胜遇
14265,,14265,小锦鲤
14266,,14266,地隐微澜·小锦鲤
14267,,14267,牛气冲天·牛魔王的幻影
14268,,14268,兖州战神
14269,,14269,虚空龙裁·帝俊
14270,,14270,同心结缘·银河
14271,,14271,镂金翦彩·愚者
14275,,14275,龙门
14276,,14276,天与海的誓言·梦
14278,,14278,阴阳主百鬼王·晴明
14279,,14279,鸾歌凤鸣·烈焰凤凰
14280,,14280,玄鹤游方·翎（神启者）
14281,,14281,玄鹤游方·翎
14282,,14282,凰诏天赦·烈焰凤凰
14288,,14288,智慧希望·SP密涅瓦x潘多拉
14289,,14289,智慧希望·SP密涅瓦x潘多拉
14290,,14290,枭影暗香来·孙尚香
14292,,14292,绝望·尼德霍格
14293,,14293,圣剑之佑·白羽公主的幻影
14294,,14294,三皇圣祖·伏羲
14295,,14295,逆天·孙悟空
14296,,14296,斗战胜佛·传说孙悟空
14297,,14297,罔相仪形·蜃龙
14299,,14299,绝望之龙
14300,,14300,绝望·尼德霍格
14301,,14301,绝望·尼德霍格
14302,,14302,绝望·尼德霍格
14303,,14303,绝望·尼德霍格
14304,,14304,绝望·尼德霍格
14305,,14305,华夏始祖·轩辕
14306,,14306,救世天幕·传说时空王
14307,,14307,百药先祖·神农
14308,,14308,育灵天地间·王者女娲
14309,,14309,玄霄
14310,,14310,云墨苍生·玄霄
14313,,14313,日月曜重光·盘古
14314,,14314,后土圣女·岁岁祈（神启者）
14315,,14315,后土圣女·岁岁祈的蜃影
14316,,14316,开天启明之圣·盘古的蜃影
14317,,14317,圣降·元初之天
14322,,14322,轮回溯梦·传说伊撒尔
14323,,14323,神裁·奥天
14327,,14327,大道独行·SP天命王
14329,,14329,小律喵
14330,,14330,百里昊
14335,,14335,权御万界·天帝昊天
14337,,14337,恶业轮回·魔君夜渊
14342,,14342,梵音净心·乾达婆
14343,,14343,掌混沌终因果·卡奥斯
14344,,14344,黑蔷薇·莉莉丝
14351,,14351,黑蔷薇·莉莉丝（神启者）
14352,,14352,妖相百斩·SP洪荒无极
14353,,14353,应天·源
14355,,14355,星神誓约·星魔
14356,,14356,群星之怒·上古星龙
14357,,14357,瀚空碧海之辰·上古星龙
14358,,14358,星神誓约·星魔（神启者）
14359,,14359,遨游星辰间·龙母
14363,,14363,希望龙神·厄尔庇斯
14364,,14364,苍雷怒涛·风暴龙
14366,,14366,末世幽火悯·赫菲斯托斯
14367,,14367,神域初晓之刻·王者龙母
14368,,14368,无界·隐者
14370,,14370,寒露凝霜·冰雪女皇
14374,,14374,绝对水域·王者梅卡
14376,,14376,传世经典·景泰蓝
14377,,14377,桔黄影·景泰蓝
14378,,14378,丹青影·景泰蓝
14379,,14379,明黄影·景泰蓝
14380,,14380,玉绿影·景泰蓝
14381,,14381,珊瑚红影·景泰蓝
14382,,14382,荷紫影·景泰蓝
14383,,14383,潜龙在渊·帝皇龙
14384,,14384,神龙佑世·帝皇龙
14385,,14385,苍龙御天·帝皇龙
14387,,14387,传世经典·景泰蓝（神启者）
14391,,14391,冥夜瞬影·王者黑翼王
14396,,14396,武绝凌天·传说貘
14398,,14398,巨神撼世·骸
14400,,14400,一念无明·藏灵一
14401,,14401,天象主宰·天干x地支
14402,,14402,天象主宰·天干x地支
14403,,14403,雾山火行·闻人翊悬
14406,,14406,地龙天威·摩罗迦
14411,,14411,解构·王者世界
14412,,14412,尔等为臣·女帝
14413,,14413,末世双子·R100xR101
14414,,14414,末世双子·R100xR101
14418,,14418,旧约断罪书·撒迦利亚
14420,,14420,苦具憎恚·嗔兽孔雀
14424,,14424,清辉朗月·王者望舒
14426,,14426,月影蝶梦·望舒
14427,,14427,破晓棋局·无冕之王
14428,,14428,泰坦巨神王·普罗米修斯
14431,,14431,至高冠冕之谕·真理之后
14432,,14432,携手同行·一心一意
14442,,14442,赤焰星芒·王者菲尔
14443,,14443,深潜者·克拉肯
14444,,14444,上古圣兽·雾山麒麟
14446,,14446,梦幻云端之忆·梦
14448,,14448,鹊桥仙·牛郎x织女
14449,,14449,鹊桥仙·牛郎x织女
14452,,14452,未来计划·传说日月战武神
14453,,14453,神诫·宙斯
14454,,14454,缠绕者·利维坦
14456,,14456,混沌之子·厄瑞玻斯
14457,,14457,深渊意志·拉莱耶
14458,,14458,第一识·幻像
14459,,14459,无私·死神
14463,,14463,轮回の终焉·奈亚
14464,,14464,深渊の呼唤·克希拉
14465,,14465,心机兔·克希拉
14466,,14466,星辉羁绊·圣天伊
14470,,14470,空间魂梦·传说伊撒尔
14471,,14471,时光如汐·洛羲
14474,,14474,至圣不朽之勋·奥丁大帝
14475,,14475,神权规诫准则·吉尔伽美什
14476,,14476,浅樱铃音·欧若拉
14480,,14480,未来计划·传说圣修暗凯帝
14481,,14481,碧水柔波·西施
14482,,14482,繁星流转宇宙生灭·银河
14483,,14483,无邪·节制的幻影
14484,,14484,暗物质创世母神·提亚玛特
14485,,14485,黎明神后·弗丽嘉
14486,,14486,星宇之噬·银河
14495,,14495,命运福音·亚当
14496,,14496,天国恩光·天使王
14497,,14497,逆转未来·光明英雄
14503,,14503,绿野扉光·王者可兰
14504,,14504,未来计划·传说冥夜君狼王
14507,,14507,圣祷安魂曲·露易丝
14508,,14508,白袍御无双·赵云
14509,,14509,娑罗幻灭·念空
14510,,14510,无妄·恶魔
14514,,14514,夺命魔弹·枪神王
14516,,14516,苍月之剑·月下绯
14517,,14517,众生自然之灵·盖亚
14518,,14518,神灵
14519,,14519,自然庇护·盖亚
14520,,14520,花之絮语·薇薇安
14521,,14521,长恨歌·杨玉环的幻影
14523,,14523,终极麦斗王
14525,,14525,无垢幻境·白皇星焰
14526,,14526,残月烬灭·幻尊星瞬
14527,,14527,终极神威·王牌战队
14528,,14528,红颜傲骨·穆桂英
14530,,14530,燃愿之念·温妮
14531,,14531,无解·塔
14537,,14537,诸邪无我·八岐龙吟
14538,,14538,龙啸奥义·龙皇辉斗
14541,,14541,咏春意千秋魂·奇灵王
14542,,14542,咏春传承·奇灵王
14543,,14543,千秋武魂·咏春
14545,,14545,至诚之心·卡亚
14552,,14552,万古龙魂·龍
14553,,14553,朱染雀羽·雀皇紫辰
14554,,14554,神灵
14555,,14555,直抵未来之辰星·梵天
14556,,14556,无垢幻境·白皇星焰（四皇）
14557,,14557,龙啸奥义·龙皇辉斗（四皇）
14558,,14558,朱染雀羽·雀皇紫辰（四皇）
14559,,14559,混元启世·玄皇耀凌（四皇）
14560,,14560,混元启世·玄皇耀凌
14561,,14561,剑荡星宇·七星龙渊
14566,,14566,引万意掌器界·阿赖耶识
14567,,14567,阴阳合一·天道无极
14568,,14568,多闻北尊·混元
14569,,14569,广目西尊·紫金
14575,,14575,无量乐土·末那
14577,,14577,宿命之尘·尘纱
14582,,14582,横扫沧海·龙太子
14583,,14583,梅落神穹·乾坤
14584,,14584,天道秩序之尊·乾坤
14590,,14590,乾坤神灵
14591,,14591,我欲齐天·孙悟空
14592,,14592,深渊の凝视·SP奈亚
14593,,14593,醉心梅开·洛洛离
14596,,14596,流云碧落日月之辉·羲和
14597,,14597,诸天万世我主浮沉·帝俊
14602,,14602,虎虎生威·寅抚
14611,,14611,熵寂·愚者
14616,,14616,星穹溯光苍生为棋·银河
14619,,14619,星河泉·银河
14624,,14624,天与海的誓言·SP梦
14625,,14625,超界领域·时空王
14626,,14626,最强人类·无限
14627,,14627,青锋飒沓·鱼肠
14632,,14632,帝临山河·圣王麒麟
14633,,14633,瑞兽赐福·圣王麒麟
14634,,14634,噬神者·柏拉图
14638,,14638,圣王麒麟神灵
14639,,14639,英雄之火·菲尔
14640,,14640,海蒂拉玛
14641,,14641,海蒂
14643,,14643,虚空权能之神·格劳孔
14644,,14644,纯白之灾厄·海蒂拉玛
14645,,14645,剑舞轻别离·孙尚香
14648,,14648,灾厄救世主·海蒂拉玛
14654,,14654,天地开辟诸界降诞·盘古
14655,,14655,鏖战尘世·盘古
14658,,14658,盘古神灵
14659,,14659,轻云敝月众生随·女娲
14660,,14660,众生怒·阿赖耶识
14662,,14662,护卫型小纸人
14663,,14663,管家型小纸人
14664,,14664,山海立万物生·女娲
14665,,14665,山海玄女·须须罗（神启者）
14667,,14667,山海玄女·须须罗
14668,,14668,冥道蚀骨·阿修罗
14674,,14674,剑挽沧溟·梅卡
14679,,14679,太阳神的庇护·阿波罗
14680,,14680,神光普照·阿波罗
14681,,14681,倾心月桂·达芙妮
14685,,14685,阿波罗神灵
14686,,14686,永远的精灵王·伊撒尔
14689,,14689,万界混沌之主·卡奥斯
14690,,14690,缱绻花吻·莉莉丝
14691,,14691,天道帝威·帝释天
14698,,14698,卡奥斯神灵
14699,,14699,幽夜蝶舞·夜兰
14702,,14702,裂斩沧澜·帝皇龙
14703,,14703,荒宇独霸·帝皇龙
14708,,14708,帝皇龙神灵
14709,,14709,纯白之羽·米迦勒
14710,,14710,漆黑之翼·路西法
14713,,14713,生命初始之章·龙母
14714,,14714,龙族龙女·玲玲珑（神启者）
14715,,14715,魈鬼破势·白夜叉
14717,,14717,龙族龙女·玲玲珑
14724,,14724,大道无形·天命王
14727,,14727,灼世辉光·烈焰凤凰
14728,,14728,凤鸣岐山·烈焰凤凰
14729,,14729,水墨行·翎
14733,,14733,烈焰凤凰神灵
14734,,14734,泰坦神铠·骸
14736,,14736,不染尘·瑠璃
14737,,14737,古韵花舫·阿赖耶识
14741,,14741,太极化万象·东皇太一
14742,,14742,东皇太一神灵
14744,,14744,太极之源·太初
14745,,14745,日·虚境领主
14752,,14752,臣服于我·女帝
14753,,14753,绝影蚀月·黑翼王
14754,,14754,燃烧的意志·魔焰吉拉
14758,,14758,一棋弈天下·潜
14760,,14760,晞光的祈唤·王者羲和
14761,,14761,天神启示之光·天使王
14764,,14764,武霸寰宇·貘
14766,,14766,一箭破天穹·黑翼王
14767,,14767,轮回誓约·无冕之王
14768,,14768,轮回女神·梅比乌斯
14771,,14771,不变的梦想·古渊露龙
14782,,14782,漫天樱落·欧若拉
14783,,14783,不灭的希望·终结兔
14787,,14787,星辰无尽瀚星辉光·银河
14788,,14788,银河神灵
14790,,14790,异星诡影·别西卜
14791,,14791,古韵诗舫·银河
14796,,14796,邃古凌苍·日月战武神
14799,,14799,秩序之子·昆仑
14800,,14800,秩序万界之柱·乾坤
14802,,14802,深渊终章·律
14807,,14807,贤者的悲歌·L
14808,,14808,最后的贤者·艾蕾
14809,,14809,墩墩·艾蕾
14814,,14814,永恒裁决之枪·奥丁大帝
14815,,14815,奥丁大帝神灵
14816,,14816,断罪神灵之刻·吉尔伽美什
14818,,14818,极寒冰域·冰罗皇
14822,,14822,罪域裁决龙神·撒迦利亚
14823,,14823,乐海无忧·海忘忧
14826,,14826,万物新生的呼唤·可兰
14827,,14827,倾城之舞·杨玉环
14829,,14829,花的嫁纱·至臻阿赖耶识
14831,,14831,多元·愚者
14832,,14832,愚者神灵
14833,,14833,陨尘造物星神主·星尘
14840,,14840,重构·世界
14842,,14842,星神宫之主·上古星龙
14843,,14843,上古星龙神灵
14849,,14849,希望虹光·厄尔庇斯
14852,,14852,自然造物之柱·王者盖亚
14853,,14853,烽火赤壁·周瑜
14854,,14854,破灭龙音·龙族大法师
14858,,14858,邪心幻刃·念
14860,,14860,万界归一·天帝昊天
14861,,14861,终极辉光·王牌战队
14865,,14865,万龙之主·至高龙尊
14866,,14866,光启精灵王-伊撒尔
14867,,14867,木之精灵王-可兰
14868,,14868,净化之光-拉克丝
14869,,14869,梦幻之光-罗塔纱
14870,,14870,水之精灵王-梅卡
14871,,14871,光启时代-圣天伊
14872,,14872,火之精灵王-菲尔
14874,,14874,暗月千面-艾琳
14875,,14875,守护之光-米垭
14879,,14879,神羽曙光-奥天
14880,,14880,重枪风暴-合金猛将
14881,,14881,圣窗余晖-米迦勒
14882,,14882,繁星余迹-路西法
14883,,14883,绝代兵神-韩信
14884,,14884,神峰圣护-山脉之魂
14890,,14890,幽冥主宰-哈迪斯
14891,,14891,怒海狂潮-金刚库巴
14892,,14892,猩红序曲-露易丝
14893,,14893,绿叶咆哮-棕叶战熊
14898,,14898,永恒源晶裁决之龙-阿卜苏
14899,,14899,生命使徒-瓦利
14900,,14900,灵魂使徒-卡莉
14901,,14901,力量使徒-烁厉
14902,,14902,时间使徒-诺栗
14904,,14904,天使圣音-姬露比
14909,,14909,寰宇鎏金星河入怀-银河
14910,,14910,千古一帝-秦始皇嬴政
14911,,14911,无我之境-力量王
14912,,14912,微醺冬日-银河
14916,,14916,陨星-愚者
14917,,14917,福瑞降人间-圣王麒麟
14920,,14920,圣宇星轨时扉之光-羲和
14921,,14921,GOD-无冕之王
14922,,14922,GOD-无冕之王
14923,,14923,解构万物之眼-赫耳墨斯
14924,,14924,解构万物之眼-赫耳墨斯
14925,,14925,灯笼精灵-帝俊
14926,,14926,瑞兔赐福-卯小兔
14927,,14927,浮生浮灭万意恒常-阿赖耶识
14928,,14928,天地与我竞自由-逍遥
14939,,14939,旃檀功德-唐三藏
14940,,14940,齐天大圣-孙悟空
14941,,14941,灯笼精灵-唐太宗李世民
14942,,14942,天蓬元帅-猪八戒
14945,,14945,众里寻他千百度-梦
14946,,14946,众生乐土万灵随行-末那
14947,,14947,海枯之心-白京京
14952,,14952,谪仙剑无双-李白
14953,,14953,暗能涌动星海创生-提亚玛特
14955,,14955,凛冬之意-瓦格纳
14957,,14957,剑影抚落忆-孙尚香
14958,,14958,清辉映星河-望舒
14959,,14959,三位一体-至尊精灵王
14960,,14960,卷帘大将-沙悟净
14964,,14964,深渊安魂曲-奈亚
14965,,14965,天道暗御-阴
14967,,14967,踏阴阳定荒宇-东皇太一
14968,,14968,引尘造万物-星尘
14969,,14969,天道曜护-阳
14971,,14971,阴阳割昏晓-天道无极
14972,,14972,帕里斯
14973,,14973,霜佑北境-帕里斯
14977,,14977,千山落樱之辉-夜樱
14978,,14978,荷风引水色-瑠璃
14979,,14979,大汉天子-汉武帝刘彻
14980,,14980,月魄孤影-神武月
14981,,14981,头号玩家-夜樱
14987,,14987,神炎日冕-战无炎
14994,,14994,至圣神王裁决-奥丁大帝
14995,,14995,源星之归引-上古星龙
14996,,14996,深渊穿梭者-律
14997,,14997,沙漠之心-阿努比斯
14999,,14999,救世的执妄愚人-公爵
15000,,15000,星穹庇世之翼-赫耳墨斯
15001,,15001,守护众生之愿-瓦尔基里
15007,,15007,永劫破灭混沌至尊-卡奥斯
15008,,15008,一代天骄-成吉思汗铁木真
15009,,15009,枯骨之花-莉莉丝
15010,,15010,曲音落花间-貂蝉的幻影
15019,,15019,创灵众生-通灵王
15020,,15020,白灵之尊-狼王
15021,,15021,万世独霸龙族至尊-帝皇龙
15022,,15022,荒宇独霸-帝皇龙
15023,,15023,倾世之寒-始祖冰龙
15025,,15025,星轨圣裁之回响-羲和
15026,,15026,雅克守护者-神罗麦提
15030,,15030,破虚空衍群龙-龙母
15031,,15031,破碎虚实之境-虚空龙灵
15033,,15033,龙族新歌-玲玲珑
15038,,15038,斐灵之心-皮塔
15042,,15042,圣树临辉光暗双耀-奇灵王
15043,,15043,慧心渊识之智-密涅瓦
15044,,15044,大妖血脉-妖王冽
15050,,15050,春晖神女-可兰
15052,,15052,湍流激越-橙李
15053,,15053,戮器仁心-帝刃
15054,,15054,希望永存世间-潘多拉
15055,,15055,天国守护者-白天使王
15056,,15056,黑暗之翼-黑天使王
15064,,15064,沧海遗珠-沫夏
15065,,15065,明道至德-宋太祖赵匡胤
15066,,15066,神兵护佑-圣盾
15074,,15074,女帝第一分身
15075,,15075,至高启示-真理之后
15076,,15076,冰封之心-伊莎女王
15082,,15082,深渊之契-绮美拉
15083,,15083,绝影蚀月-黑翼王
15087,,15087,武绝凌天-貘
15093,,15093,棋临无间-无冕之王
15095,,15095,逐愿淬光之明-阿格蕾亚
15096,,15096,冥骸蚀暗-阿修罗
15097,,15097,辅助型极乐卫兵
15104,,15104,王者加冕-圣天伊
15105,,15105,王者加冕-黄金圣天伊
15106,,15106,辉煌旅程-至臻圣天伊
15111,,15111,无垠-愚者
15112,,15112,陨灭-世界
15113,,15113,甜蜜信使-愚者
15114,,15114,博物馆奇妙夜-梁龙
15118,,15118,邃古凌苍-日月战武神
15121,,15121,混沌恩赐-厄瑞玻斯
15122,,15122,万象始源之刻-赫耳墨斯
15123,,15123,武周承世-千古女帝武则天
15124,,15124,鸣劫制裁-雷霆青龙
15130,,15130,漆夜破空之刃-使者
15131,,15131,漆漆-使者
15132,,15132,荒炎焚天-飓焰朱雀
15133,,15133,幕后之人-至臻使者
15136,,15136,万王天谕-圣王麒麟
15137,,15137,天地惊弦-六龙圣王
15138,,15138,孤注一掷-骰子大王
15142,,15142,圣魂觉醒-伊撒尔
15143,,15143,时序之光-洛羲
15144,,15144,逐罪之剑-辉刃艾恩
15146,,15146,倚剑走天涯-洛羲
15147,,15147,绝天穿梭之界-时空王
15148,,15148,贵妃游园-杨玉环
15150,,15150,鹤揽芳华-时空王
15152,,15152,极乐欲界天魔主-波旬
15153,,15153,神威重壁-玄武
15154,,15154,圣铃妙音众识浮沉-阿赖耶识
15156,,15156,光武中兴-光武帝刘秀
15162,,15162,真炎神君-菲尔
15163,,15163,傲凡尘启仙灵-女娲
15164,,15164,妙笔创生绘世-女娲
15165,,15165,午夜大冒险-黑夜童心
15166,,15166,庇天之白翼-修罗
15171,,15171,伊甸园的余晖-亚当
15174,,15174,超越纪元的新生-海蒂拉玛
15175,,15175,无言的祈愿-海蒂拉玛
15176,,15176,拘演周易-周文王姬昌
15178,,15178,玄墨藏锋-龙宵
15179,,15179,黑暗秩序-嬴政
15182,,15182,源水风暴-梅卡
15183,,15183,在水一方-西施
15185,,15185,驱灵神捕-琳琅
15187,,15187,星宇之隙穹宙之辉-银河
15188,,15188,万神之王-宙斯
15189,,15189,极冰之拳-冰拳艾司
15193,,15193,黄泉归引-孟婆
15194,,15194,森境漫游-魔法咩咩
15196,,15196,造自然耀万物-盖亚
15197,,15197,荒秽堕墟-阿波菲斯
15198,,15198,蜀汉霸业-汉昭烈帝刘备
15199,,15199,自然恩赐-薇薇安
15203,,15203,恶魔之主-撒旦
15206,,15206,始祖大天使-尼斯洛克
15207,,15207,地狱天使-纳菲利姆
15208,,15208,夜与月的蔷薇-夜兰
15211,,15211,乐园守护者-星光角斗士
15214,,15214,绝望噬影-尼德霍格
15215,,15215,童话小屋-可爱猫咪
15217,,15217,神兽尊主-苍穹圣龙
15219,,15219,破天之黑刃-凯撒
15220,,15220,鼎立九州-夏帝大禹
15225,,15225,异界史诗-渡
15226,,15226,异界史诗-渡（不朽者）
15227,,15227,征战之旅-神都王
15228,,15228,讨伐之旅-勇者
15229,,15229,求索之旅-终焉魔女
15230,,15230,狂肆之旅-邪神
15231,,15231,葬魂曲-死神弥尔
15235,,15235,瞰世之棘-亘古树灵
15236,,15236,余烬初王-洛兰
15240,,15240,霜寒冰域-上古龙女
15241,,15241,炽天炎境-上古龙女
15242,,15242,统御兵戈-大皇帝孙权
15243,,15243,缘分一线牵-小狐仙
15247,,15247,天道秩序诸界主宰-乾坤
15248,,15248,花醉风清-洛洛离
15253,,15253,爱与美的赞歌-维纳斯
15254,,15254,大道无名-天命王
15257,,15257,天穹苍翼-圣修暗凯帝
15258,,15258,魔神再临-以撒
15259,,15259,赤月刀姬-曰
15262,,15262,冰与火之舞-炽寒天凤
15263,,15263,逆律之触-伊西斯
15264,,15264,龙年纪念-贝贝龙
15265,,15265,永恒炽阳-神阿波罗
15272,,15272,创世织梦之眷-赫耳墨斯
15275,,15275,如星永伴长夜-梦
15280,,15280,冰龙之子-冰罗皇
15281,,15281,九霄帝姬-巫山神女
15282,,15282,霸世枭雄-魏武帝曹操
15283,,15283,炎刃燎原-赤霄
15284,,15284,御风神行-蓝羽灵者
15289,,15289,破晓圣光-白羽公主
15290,,15290,惊雷烁光-幻雷
15291,,15291,原初骑士-洛兰
15293,,15293,横扫三界-孙悟空
15294,,15294,恶魔的私语-路西法
15295,,15295,永夜之主-夜王
15299,,15299,幻世镜梦-谴
15300,,15300,翼龙之子-凌风
15301,,15301,长夜墟渊-烛龙
15302,,15302,剑逐山河-轩辕夏禹
15303,,15303,赤帝-祝融
15304,,15304,超界奇迹-龙星诺
15307,,15307,浮士德-归零者
15309,,15309,水神-共工
15310,,15310,幻海奇迹-水星诺
15314,,15314,青山沐日天地无疆-盘古
15315,,15315,后土玄黄-岁岁祈
15316,,15316,梵星音律-乾达婆
15317,,15317,日曜奇迹-太阳星诺
15318,,15318,月辉奇迹-月亮星诺（攻）
15324,,15324,星启万象-智慧王
15325,,15325,翼龙之子-银风
15326,,15326,苍森奇迹-木星诺
15327,,15327,次元守护-伊撒尔
15328,,15328,沙都守护者-曼珠沙华
15329,,15329,烈焰奇迹-火星诺
15330,,15330,诺言之神-星诺玛
15331,,15331,炎龙之子-炎王
15332,,15332,金翅神羽-迦楼罗
15333,,15333,星光奇迹-圣灵星诺
15336,,15336,群星守护寰宇光辉-神银河
15337,,15337,暗宇之质万物之初-提亚玛特
15339,,15339,魂之缚-奇诺
15344,,15344,创世罪裁龙神-撒迦利亚
15345,,15345,晨光樱语-欧若拉
15346,,15346,凰权天下-帝女夙
15347,,15347,审判命运之战-奥丁大帝
15348,,15348,影龙之子-帝卡
15349,,15349,末裔之歌-海伦娜
15351,,15351,神国圣赐之羽-弗丽嘉
15352,,15352,万物之美繁荣之源-芙蕾雅
15353,,15353,诸天神通-帝释天
15358,,15358,王权断罪之章-吉尔伽美什
15359,,15359,极寒怒涛-噬星白虎
15360,,15360,混沌寂烬-厄瑞玻斯
15361,,15361,苍松剑意-干将
15364,,15364,混沌始源万物终湮-卡奥斯
15365,,15365,生于哀骨之花-莉莉丝
15366,,15366,巨龙之子-明王
15370,,15370,尼伯龙根之主-法芙娜
15371,,15371,深渊缠绕者-利维坦
15376,,15376,晖光轮回女神-梅比乌斯
15377,,15377,冰霜亡域-巫妖王
15379,,15379,吾即深渊-拉莱耶
15380,,15380,吾即深渊-拉莱耶（支配者）
15381,,15381,吾即深渊-拉莱耶（真神）
15382,,15382,绝望轮回女神-梅比乌斯
15383,,15383,炎魂永燃-魔焰吉拉
15384,,15384,潮汐庇护-古渊露龙
15391,,15391,寰宇皆臣-女帝
15392,,15392,明月剑心-莫邪
15393,,15393,龙魂之矢-龙吟守
15394,,15394,苍翠守望-终结兔
15397,,15397,终末的残响-奈亚
15398,,15398,鸿雁知音-王昭君
15400,,15400,审神律理-无冕之王
15401,,15401,星月交辉-一生一世
15402,,15402,断海沧澜-龙太子
15413,,15413,逐光深坠-克希拉
15414,,15414,白魔法师-真言诺亚
15416,,15416,随便起来不是人-小果战宝
15418,,15418,不是一条咸鱼-香橙战宝
15422,,15422,无始无明之境-阿赖耶识
15423,,15423,冰凝之魂-雪无寒灵
15427,,15427,寒夜破晓之刃-使者
15428,,15428,千里踏燕-鱼肠
15431,,15431,九柱神临缔世碑火-阿蒙王
15432,,15432,逐星遥旅-艾蕾
15433,,15433,神威地龙-摩罗迦
15438,,15438,墟尽神临之噬-赫耳墨斯
15439,,15439,噬界傀人-赫耳墨斯
15443,,15443,星芒圣佑-创世星灵
15444,,15444,孤影剑界-苏铁
15446,,15446,圣火炽天使-塞勒芙
15447,,15447,幽星荒主-天元夜神
15450,,15450,圣裁座天使-奥菲妮
15451,,15451,剑影迷踪-承影
15452,,15452,永恒圣穹焚罪终裁-阿卜苏
15453,,15453,孤胆英雄-赵云
15457,,15457,吾即永恒-阿卜苏
15458,,15458,圣律智天使-姬露比
15464,,15464,万序之启-源
15467,,15467,灵骸烬染之潮-夜樱
15468,,15468,月影映夜斓-夜樱
15469,,15469,阴阳山大祭师-东皇极
15471,,15471,乘清气御阴阳-东皇太一
15474,,15474,浮游天地乘风去-逍遥
15475,,15475,瑶琴迷阵-诸葛亮
15476,,15476,风摇清荷影-瑠璃
15482,,15482,坐忘无我化生万象-天道无极
15483,,15483,日月映海晨曦微露-羲和
15484,,15484,天人共铸-纯钧
15488,,15488,黑翎之妄朽界之暗-梵天
15489,,15489,武道至尊-龙皇辉斗
15491,,15491,幻相至尊-白皇星焰
15492,,15492,涅槃至尊-雀皇紫辰
15493,,15493,天启纪元缔世圣冕-梵天
15494,,15494,横戟破军-吕布
15495,,15495,天使的守候-米迦勒
15502,,15502,神行至尊-玄皇耀凌
15504,,15504,原初灵械-SR原型机
15505,,15505,复生者-帕克
15506,,15506,无畏重铠-达鲁
15509,,15509,诡影噬夜-黑翼王
15510,,15510,巡航迅影-利飞
15512,,15512,全维衍化之钥-阿比斯
15513,,15513,血月之引-露易丝
15514,,15514,异度刀姬-尤尼梅特
15515,,15515,灵智终端-黛拉
15523,,15523,建构终端-格莉娅
15524,,15524,幻游终端-妮娜
15525,,15525,防御终端-芙
15526,,15526,圣仪临世-烈焰凤凰
15527,,15527,一剑封魂-白夜叉
15528,,15528,剑指天下-太阿
15529,,15529,泡沫回忆-梦想精灵
15532,,15532,穹星创迹苍宇生辉-银河
15533,,15533,幽冥奇迹-黑星诺
15539,,15539,空寂无尘万法唯心-阿赖耶识
15540,,15540,统界神权王者-帝皇龙
15541,,15541,寒霜利刃-烈魄
15544,,15544,绯龙之契源晶之辉-阿卜苏
15545,,15545,蛇影魔瞳-美杜莎
15546,,15546,蛇年纪念-小星诺
15552,,15552,星冕-愚者
15553,,15553,无祸-女皇
15556,,15556,凝尘造界之星神-星尘
15561,,15561,龙吟瑞雪-圣王麒麟
15562,,15562,悟道成佛-孙悟空
15564,,15564,一桥一诺一相逢-梦
15566,,15566,重击雷霆-铁拳袋鼠
15572,,15572,忘川送魂-孟婆
15573,,15573,三生花缘-知世
15574,,15574,幽泉使者-孟婆
15576,,15576,吞天黑潮-凯撒
15577,,15577,飞剑游云-湛卢
15578,,15578,神霆点苍-奇灵王
15579,,15579,纵马引弓巾帼志-孙尚香
15580,,15580,全知与曦光-密涅瓦x潘多拉
15581,,15581,全知与曦光-密涅瓦x潘多拉
15588,,15588,曙天煌翼-修罗
15590,,15590,时序永前万境永在-时空王
15591,,15591,极魇凝望-夜一
15592,,15592,时渊裂缝-时间之神
15594,,15594,砂海栖心-洛羲
15595,,15595,玄潭游龙-七星龙渊
15597,,15597,日辉月影之扉-羲和
15598,,15598,虚堕之君王-贝利亚尔
15599,,15599,大河龙女-海纳百川
15601,,15601,天澜绮纱-云织
15607,,15607,荒原苍焰-狼王
15610,,15610,怒焰裁世-狂龙
15611,,15611,暗境孤影-幻冥
15614,,15614,不朽龙主-巴哈姆特
15615,,15615,东方秘毒-鹤顶红
15616,,15616,欲金之君王-撒共姆
15620,,15620,百草药圣-至臻伊撒尔
15622,,15622,创界悯世之颂祷-龙母
15623,,15623,七罪圣裁-伊撒尔
15627,,15627,棋谕万象之冠-真理之后
15632,,15632,魅魇之惑-始祖影龙
15634,,15634,天律共鸣-莱特x若希
15635,,15635,天律共鸣-莱特x若希
15636,,15636,神怒戮天使-戮
15637,,15637,圣咏御天使-银
15640,,15640,万理炽天使-K
15641,,15641,东方秘毒-情花毒
15643,,15643,月渊万相-艾琳
15644,,15644,光穹永耀之辉-天使王
15645,,15645,预命之君王-瓦沙克
15652,,15652,星誓交响之律-星诺玛
15654,,15654,终极王者-王牌战队
15655,,15655,生命牧歌-辉月战骑
15656,,15656,东方秘毒-夹竹桃
15657,,15657,纪元初光之回响-圣天伊
15658,,15658,黑渊黯翼-混沌巨龙
15659,,15659,雪域圣主-冰雪女皇
15662,,15662,雪域圣佑-冰雪女皇
15663,,15663,诡匿之君王-巴拉姆
15664,,15664,蝶梦幽庭-夜兰
15671,,15671,东方秘毒-绝情丹
15672,,15672,宙域终律-上古星龙
15673,,15673,宙域终律-上古星龙（星神之躯）
15680,,15680,天地之始祖-盘古
15682,,15682,造化之祖神-女娲
15685,,15685,日月时境御主-羲和
15686,,15686,山河息壤-岁岁祈
15687,,15687,穹庐离歌-王昭君
15689,,15689,纪元弈主-无冕之王
15691,,15691,灾变之君王-拜恩
15693,,15693,世外录-天女
15694,,15694,星芒蜕蝶-时舞
15705,,15705,解离森罗之瞳-赫耳墨斯
15709,,15709,迷情狐妃-妲己
15712,,15712,咒世怨石-石矶
15713,,15713,无尽轮回此间永恒-梅比乌斯
15715,,15715,东方秘毒-牵机药
15717,,15717,暗潮星漩创界之渊-提亚玛特
15718,,15718,深空之眼-小宇宙
15719,,15719,白翼破晓-自由之神
15723,,15723,纪元至高之引-海蒂拉玛
15724,,15724,渊秘之君王-派蒙
15725,,15725,穹光之拥-姬露比
15731,,15731,绯鳞审判永恒龙辉-阿卜苏
15732,,15732,苍蓝之断-奥菲妮
15736,,15736,逆神意志-GOD无冕之王
15737,,15737,GOD
15738,,15738,东方秘毒-断肠草
15742,,15742,永茂不凋之王庭-森林女皇
15745,,15745,衰朽秽主-阿波菲斯
15746,,15746,镌刻永恒-伊
15748,,15748,自然之母神-盖亚
15749,,15749,诱火之君王-阿斯摩太
15755,,15755,无竭命核-渡（不朽者）
15756,,15756,铃兰曳影-薇薇安
15757,,15757,渡魂引-死神弥尔
15762,,15762,虚环-愚者
15763,,15763,东方秘毒-金蟾蛊
15764,,15764,大荒共主-天帝昊天
15765,,15765,九幽业火-魔君夜渊
15769,,15769,启界骑士-洛兰
15772,,15772,愿光守夜之华-阿格蕾亚
15773,,15773,隐序之君王-普尔森
15774,,15774,寂光破暗之剑-使者
15779,,15779,深渊的回音-奈亚
15783,,15783,深渊的约定-克希拉
15784,,15784,东方秘毒-生死符
15788,,15788,瞳中幽墟-绮美拉
15789,,15789,迷宫冒险王-黑小问
15791,,15791,深渊星阶-律
15792,,15792,腐殖之君王-贝雷特
15793,,15793,畸色之渊-星之彩
15798,,15798,众神之尊-宙斯
15799,,15799,异星堕骸-别西卜
15801,,15801,苍雪之源霜-上古龙女
15803,,15803,东方秘毒-七星海棠
15805,,15805,灼天​燎宇-上古龙女
15806,,15806,冥霆之君王-巴尔
15807,,15807,苍星奇迹-奇诺
15810,,15810,永夜苍焰-冥夜君狼王
15811,,15811,终始之茎-亘古树灵
15812,,15812,爱与美的恩泽-维纳斯
15813,,15813,煌焰圣冠-梅芙
15814,,15814,欢嬉之欲-​愉
15824,,15824,天垣龙谕-龍
15826,,15826,原初创生之翼-龙母
15828,,15828,空焰魔法师-焰语娜娜
15830,,15830,星涡归溯隙间守望-银河
15831,,15831,黑暗丰穰-莎布
15832,,15832,不朽碑铭-巴哈姆特
15839,,15839,万灵溯生之御-盖亚
15840,,15840,无量境主-末那
15846,,15846,万识莲台​浮音渡世-阿赖耶识
15851,,15851,万有重构之羽-赫耳墨斯
15852,,15852,穹宇枢星​-仙王座
15853,,15853,冥鸦之镰-幽冥影刃
15856,,15856,绣缔朝暮花诏寄心-梦
15858,,15858,太古永生-乌姆尔
15859,,15859,马年纪念-厄瑞玻斯
15866,,15866,诸因起源诸界归墟-卡奥斯
15867,,15867,骨夜绽蔷-莉莉丝
15870,,15870,山海化育仙籁启灵-女娲
15871,,15871,山海神机-须须罗
15879,,15879,冰羽焰翎霜火凤鸣-炽寒天凤
15880,,15880,冰羽焰翎霜火凤鸣-炽焰·天凤
15881,,15881,冰羽焰翎霜火凤鸣-寒霜·天凤
15886,,15886,国韵音灵-清笛
15889,,15889,瑞昭万象-圣王麒麟
15890,,15890,亵渎双子-纳格x耶布
15891,,15891,星律咏叹-海蒂拉玛
15898,,15898,万魂映月之主-夜樱
15899,,15899,极光垂芒-仙后座
15902,,15902,万象纪-天女
15908,,15908,奇迹绘旅-初心未来
15912,,15912,审判之眼-格赫罗斯
15913,,15913,轮回守望-梅比乌斯
15920,,15920,晓谕众生之辉-真理之后
15921,,15921,时轮天衡-时空巨龙
15926,,15926,万境与时同归-朝夕
15932,,15932,诸我破妄登阶-须臾
15933,,15933,天地同鸣辟命斩因-帝俊
15934,,15934,焚天灭地-黑炎龙
16000,,16000,万欲之源众望终响-祈
17093,,17093,木面侠
17418,,17418,山脉之魂
17475,,17475,浮云尊者
17884,,17884,猪猪超人
20001,,20001,兔小子
20003,,20003,大师兔
20004,,20004,吉拉
20006,,20006,爆焰吉拉
20007,,20007,滴滴
20009,,20009,露西亚
20010,,20010,朵朵兔
20011,,20011,雪咪兔
20012,,20012,寒冰玉兔
20016,,20016,闪光河豚
20019,,20019,半沙之子
20020,,20020,半沙拳手
20021,,20021,半沙斗士
20028,,20028,变色蜥蜴
20030,,20030,变色角龙
20039,,20039,伊莎女王
20040,,20040,小角虫
20041,,20041,木角虫
20042,,20042,独角仙
20046,,20046,火丁
20054,,20054,白古丁
20057,,20057,黑蝠王
20061,,20061,库多兽
20062,,20062,库多
20063,,20063,库斯特
20070,,20070,斯多鼠
20071,,20071,斯多恩
20072,,20072,斯多王
20077,,20077,铁甲盼盼
20087,,20087,冰拳艾司
20090,,20090,沙麒麟
20093,,20093,木面侠
20096,,20096,金刚库巴
20099,,20099,火花龙
20102,,20102,合金猛将
20103,,20103,赤月
20105,,20105,神武月
20108,,20108,利刺大黄蜂
20109,,20109,炎风
20111,,20111,战无炎
20112,,20112,时间之神
20123,,20123,机甲勇士
20124,,20124,圆尾蝎
20129,,20129,彩羽贝拉
20132,,20132,暗夜卡伦
20144,,20144,雪雾怪
20147,,20147,芭比鹿
20153,,20153,雷云狮
20156,,20156,霹雳星
20162,,20162,法拉帝
20175,,20175,七彩小丑
20180,,20180,夜一
20195,,20195,影刃
20198,,20198,卡布罗格
20210,,20210,圣甲虫
20213,,20213,石像守卫
20215,,20215,迷雾龙
20216,,20216,兵蚁
20217,,20217,工蚁
20222,,20222,贝德威尓
20223,,20223,兰斯罗特
20224,,20224,哥拉海德
20225,,20225,保斯
20226,,20226,蚁将军
20241,,20241,毒菇球
20244,,20244,牛角滴滴
20268,,20268,南瓜小怪
20269,,20269,威尔斯
20270,,20270,木人桩
20272,,20272,曼珠沙华
20278,,20278,烈焰鸟
20290,,20290,七星神龙
20301,,20301,达鲁
20304,,20304,帕克
20305,,20305,龙族大法师
20307,,20307,利飞
20311,,20311,电击八爪鱼
20317,,20317,天使莱特
20319,,20319,科克
20320,,20320,雷帝神
20322,,20322,达达
20323,,20323,梅卡
20324,,20324,钢铁达鲁
20326,,20326,炎魔
20327,,20327,月魔
20328,,20328,SR战士
20333,,20333,钢铁科克
20334,,20334,组合机器人
20340,,20340,机械木乃伊
20372,,20372,幻影功夫伊尼
20374,,20374,科学伊尼复制品
20388,,20388,黄金玄武
20400,,20400,迅猛龙
20401,,20401,梁龙
20402,,20402,翼龙
20403,,20403,鱼龙
20404,,20404,霸王龙
20405,,20405,星辰毁灭者
20408,,20408,青翼绿龙
20414,,20414,火云牛斗士
20415,,20415,埃黑多夫
20418,,20418,山脉之魂
20421,,20421,冰沙斗士
20424,,20424,鸟族武士
20427,,20427,星光角斗士
20436,,20436,黑暗守卫
20446,,20446,土拨鼠
20448,,20448,冰火巨人
20461,,20461,黑化念
20466,,20466,冰摩格
20469,,20469,雷纳瑞
20472,,20472,魂斗鱼
20475,,20475,浮云尊者
20493,,20493,年兽
20495,,20495,粽子卫兵
20496,,20496,蒙面大侠粽
20499,,20499,黄金粽总兵
20500,,20500,终结兔
20501,,20501,魔焰吉拉
20502,,20502,古渊露龙
20503,,20503,SR战士
20504,,20504,先锋SR
20506,,20506,烈焰凤凰
20509,,20509,星云大圣
20512,,20512,小宇宙
20514,,20514,猪阿饼
20516,,20516,猪阿酱
20522,,20522,麦斗司令
20523,,20523,终极麦斗王
20530,,20530,暗黑角龙
20531,,20531,绿翼鸟
20534,,20534,小石妖
20554,,20554,紫云长尾猫
20560,,20560,扭扭暗黑王
20604,,20604,念
20605,,20605,邪念
20622,,20622,冰蝠侠
20624,,20624,白虎灵兽
20644,,20644,巨斧鬼王
20652,,20652,多多
20659,,20659,电击拳怪
20668,,20668,暗影夜蝠
20682,,20682,黑夜童心
20697,,20697,魔术小呆
20699,,20699,魔幻摩卡
20707,,20707,大力海豆
20710,,20710,紫晶海兽
20711,,20711,达黑黑
20715,,20715,远古灵龟
20728,,20728,凯撒
20731,,20731,修罗
20736,,20736,赤羽修行者
20737,,20737,赤羽武士
20738,,20738,赤羽阴阳师
20741,,20741,朱雀灵兽
20743,,20743,小海妖
20744,,20744,海之妖将
20754,,20754,游游
20757,,20757,暴雪山神
20771,,20771,赤影飞狐
20778,,20778,红莲
20786,,20786,六芒小宝
20787,,20787,六芒守卫
20794,,20794,奇灵王
20796,,20796,赤魔导士
20807,,20807,苍蓝
20816,,20816,丸将军
20819,,20819,天女若希
20822,,20822,天使丘比特
20826,,20826,族长侍卫
20827,,20827,小炎灵
20828,,20828,炎之魔将
20840,,20840,神罗麦提
20845,,20845,TT兔
20846,,20846,小白吐
20852,,20852,碎风
20860,,20860,暴雷之关羽
20865,,20865,超T兔
20869,,20869,通灵巫师
20875,,20875,丁灵
20884,,20884,猪猪超人
20891,,20891,刀锋
20895,,20895,利克亚伦
20897,,20897,百变贝琪
20901,,20901,星宇侠
20906,,20906,小闹钟
20917,,20917,咕噜猫
20919,,20919,奇奇古
20922,,20922,寒霜
20931,,20931,赵云
20943,,20943,小风灵
20944,,20944,风之灵将
20946,,20946,紫渊
20948,,20948,刑风
20955,,20955,雷鸣张飞
20973,,20973,红魔
20976,,20976,诸葛亮
20991,,20991,粽小原
20995,,20995,翡冷翠
21076,,21076,忍者神猫
21081,,21081,奇奇
21084,,21084,战武巨神
21086,,21086,绿焰
21093,,21093,斗神
21103,,21103,蓝小魔
21118,,21118,幻影
21120,,21120,冰刃侠
21122,,21122,狼王迪洛斯
21124,,21124,夜王狄米特
21142,,21142,幻灵
21159,,21159,极冰海牙
21170,,21170,夜兰
21177,,21177,百万巨拳猫
21181,,21181,焚浪
21183,,21183,捣蛋黑皮
21184,,21184,飞灵
21185,,21185,飞蓬
21190,,21190,鬼王
21193,,21193,零宇
21200,,21200,魔剑守卫
21202,,21202,闪电列卡
21210,,21210,巨斧卡索
21213,,21213,岩波斗魂者
21225,,21225,刘备
21227,,21227,茜点
21230,,21230,雷泽
21232,,21232,鲁曼
21234,,21234,拉诺斯
21240,,21240,乐天
21250,,21250,纳兹
21254,,21254,小草头
21259,,21259,友人契约书
21263,,21263,疯狂的88号南瓜车车
21267,,21267,多古拉伯爵
21272,,21272,地裂
21274,,21274,岩战
21282,,21282,施瓦辛格
21286,,21286,波波嘟
21291,,21291,塞娅
21296,,21296,幻炎
21298,,21298,幻流
21300,,21300,幻雷
21305,,21305,剑士猫
21307,,21307,幻光
21309,,21309,幻冥
21310,,21310,玩偶
21320,,21320,伊泽
21322,,21322,迦娜
21328,,21328,幻极
21336,,21336,波塞冬
21350,,21350,赤翼魔龙王
21356,,21356,飞羽龙
21362,,21362,阿波罗
21365,,21365,托尔
21394,,21394,蓝羽灵者
21403,,21403,暗影兽
21414,,21414,六尾冰狐
21423,,21423,噬月武神
21424,,21424,幻之小黑龙
21426,,21426,黑炎龙幻影
21429,,21429,洛基
21432,,21432,超级悟天
21434,,21434,超级悟焰
21438,,21438,蓝地斯
21440,,21440,金翼佐罗门
21442,,21442,卡卡修
21450,,21450,千年瑞兽
21461,,21461,苍炎战神
21464,,21464,欧比
21467,,21467,火星诺
21469,,21469,水星诺
21475,,21475,冒险家凯文
21479,,21479,苍穹圣龙
21481,,21481,木星诺
21483,,21483,机械星诺
21496,,21496,震天金刚
21499,,21499,维达尔
21503,,21503,月亮星诺
21514,,21514,战魂猛犸
21520,,21520,唯塔斯
21526,,21526,觉醒·雷钢侠
21528,,21528,觉醒·疾影侠
21530,,21530,觉醒·啸天侠
21532,,21532,巨帽稻草人
21538,,21538,炼狱战狮
21541,,21541,魔戒邪灵
21544,,21544,玛尔斯
21556,,21556,斑比
21561,,21561,战武罗德
21567,,21567,鹰眼
21573,,21573,钢炮奥斯卡
21575,,21575,泰利船长
21586,,21586,旋风桑吉
21590,,21590,阿尔法
21597,,21597,伊格斯
21600,,21600,小屈屈
21605,,21605,曹操
21616,,21616,剑圣太白
21619,,21619,巨角剑龙
21630,,21630,霍尔德
21639,,21639,圣光修罗
21644,,21644,小盾
21645,,21645,圣盾
21648,,21648,菲尔
21649,,21649,可兰
21660,,21660,巴尔德
21664,,21664,锐角战士
21680,,21680,帝刃
21697,,21697,猎空
21705,,21705,疾风终结者
21706,,21706,暗影凯撒
21714,,21714,霸羽灵者
21716,,21716,奥天
21719,,21719,瑞里格
21722,,21722,新德拉
21726,,21726,利威尔
21728,,21728,厉轰王
21730,,21730,幻月兔
21736,,21736,幻象格杀者
21744,,21744,斩雷
21746,,21746,凌月战神
21748,,21748,卷卷
21749,,21749,雷霆青龙
21751,,21751,断浪
21752,,21752,惊涛玄武
21753,,21753,炎·阳
21754,,21754,炎王·火龙态
21756,,21756,阿尔萨斯
21759,,21759,费尔顿
21767,,21767,二阶霜炎法神
21769,,21769,嘭哒星望
21775,,21775,克洛托斯
21776,,21776,卡皮特
21777,,21777,帝卡·影龙态
21792,,21792,天怒
21797,,21797,艾思诺
21799,,21799,科达尔
21801,,21801,介末君
21806,,21806,冥焰夜王
21812,,21812,疾星
21815,,21815,苏恩克
21824,,21824,吃饱的明王
21825,,21825,明王·巨龙态
21826,,21826,加比
21830,,21830,雷霆
21832,,21832,万钧
21834,,21834,火跃鸟
21837,,21837,使者加比
21839,,21839,皮克西斯
21842,,21842,光·加比
21843,,21843,翼·加比
21845,,21845,暗之弑神
21848,,21848,冰波波
21849,,21849,冰波斯
21852,,21852,赫提
21854,,21854,诺伊特
21858,,21858,训练师加比
21861,,21861,龙刃
21867,,21867,F13
21869,,21869,圣王麒麟
21871,,21871,天冲
21872,,21872,多多罗
21873,,21873,冰罗皇冰龙态
21876,,21876,炼金师加比
21880,,21880,D14
21881,,21881,幻·D14
21883,,21883,阿姆斯特
21884,,21884,伊乐
21885,,21885,防御冰晶
21886,,21886,特防冰晶
21893,,21893,擎空
21896,,21896,圣·天伊
21899,,21899,智慧加比
21902,,21902,炽天
21904,,21904,法尼尔
21905,,21905,君焰狼王
21908,,21908,勇气加比
21911,,21911,炽燎天
21912,,21912,擎霸空
21914,,21914,加斯特
21917,,21917,真·烈焰凤凰
21924,,21924,精英银魂
21925,,21925,龙·炎王
21926,,21926,帝王奇灵
21930,,21930,源
21931,,21931,巨龙魂力
21935,,21935,冰龙图腾
21937,,21937,梦想加比
21938,,21938,冰晶凤凰
21946,,21946,坠星
21948,,21948,精英破军
21950,,21950,擎战
21958,,21958,旋刃
21961,,21961,凌风
21962,,21962,凌风·翼龙态
21963,,21963,噬星白虎
21965,,21965,圣马天冲
21966,,21966,影豹银魂
21972,,21972,夜羽银风
21974,,21974,战豪雄霸
21975,,21975,飓焰朱雀
21977,,21977,源
21978,,21978,生命之源
21981,,21981,幽幻
21985,,21985,断空翼皇
21988,,21988,芒斩
21990,,21990,苍耀光圣
21993,,21993,术士加比
21994,,21994,天苍霜龙
21999,,21999,创世星灵
22001,,22001,克劳斯
22010,,22010,皇极兔
22011,,22011,圣渊露龙
22015,,22015,夜辰
22016,,22016,黑化的奇纳
22020,,22020,无念
22023,,22023,龙·帝卡
22026,,22026,菲洛
22027,,22027,裂空菲洛
22033,,22033,风暴龙
22034,,22034,小暗影
22035,,22035,暗影魔将
22036,,22036,暗焰天龙
22037,,22037,天辉侠X
22049,,22049,艾恩
22050,,22050,煌炎战神
22051,,22051,星云斗战神
22052,,22052,麦斗元帅
22054,,22054,虎跃
22061,,22061,魔小兵
22062,,22062,魔大将
22064,,22064,斗士豪达
22066,,22066,盼达博士
22076,,22076,天极鲸
22080,,22080,龙·冰罗皇
22082,,22082,剑帝修纳
22085,,22085,烈魄
22087,,22087,魏国士兵乙
22088,,22088,云空战骑
22090,,22090,圣域·幻雷
22093,,22093,魔多
22101,,22101,狂狮
22105,,22105,小黑
22113,,22113,影武王
22114,,22114,龙·斗罗明王
22116,,22116,神盾巨人
22119,,22119,狂战巨人
22124,,22124,神盾巨人
22125,,22125,狂战巨人
22128,,22128,骇客小黑
22130,,22130,数码巨人
22137,,22137,大数码巨人
22139,,22139,灵王白泽
22140,,22140,上古分身
22144,,22144,时空巨龙
22148,,22148,炫光辛巴
22149,,22149,圣辉狼王
22150,,22150,万王圣麒麟
22156,,22156,贪狼元魂
22160,,22160,神照修罗王
22161,,22161,神照修罗王
22165,,22165,创圣天奇灵
22166,,22166,创圣天奇灵
22173,,22173,巨门
22179,,22179,魂王天使雷米
22180,,22180,魂王天使雷米
22184,,22184,禄存之灵
22189,,22189,神焰天使乌利
22190,,22190,神焰天使乌利
22191,,22191,极·赤色梦魇
22193,,22193,圣龙·天伊
22194,,22194,圣龙·天伊
22200,,22200,黯天凯撒皇
22201,,22201,黯天凯撒皇
22202,,22202,小星焰
22203,,22203,白皇星焰
22204,,22204,白皇星焰
22205,,22205,炽魂帝吉拉
22206,,22206,炽魂帝吉拉
22209,,22209,金刚龙王
22210,,22210,极·金刚龙神
22213,,22213,文曲之灵
22215,,22215,幻尊星瞬
22216,,22216,幻尊星瞬
22217,,22217,极武兔皇
22218,,22218,极武兔皇
22219,,22219,冰魄灵白虎
22220,,22220,冰魄灵白虎
22222,,22222,卡洛纳
22223,,22223,小辉斗
22224,,22224,龙皇辉斗
22225,,22225,龙皇辉斗
22227,,22227,暗行罗刹
22228,,22228,神谕阿波罗
22229,,22229,神谕阿波罗
22233,,22233,凌天霸青龙
22234,,22234,凌天霸青龙
22236,,22236,廉贞之灵
22238,,22238,索贝克
22239,,22239,天天
22243,,22243,雷焰凤凰
22244,,22244,雷焰凤凰
22246,,22246,水蓝角
22249,,22249,极·雪暴
22253,,22253,魄月武皇
22254,,22254,魄月武皇
22255,,22255,辉月巨灵
22256,,22256,红莲羽朱雀
22257,,22257,红莲羽朱雀
22260,,22260,雀皇紫辰
22262,,22262,武曲之灵
22270,,22270,圣灵系起源
22273,,22273,玄皇耀凌
22274,,22274,玄皇耀凌
22276,,22276,断海流玄武
22278,,22278,瑶光之灵
22280,,22280,真炎战皇
22283,,22283,极·斗刃战龙
22285,,22285,天尊圣龙
22286,,22286,天尊圣龙
22288,,22288,猫执事
22295,,22295,天启英灵
22303,,22303,光明梵天
22306,,22306,幽冥影刃
22311,,22311,极·九尾天狐
22318,,22318,魂之化身
22321,,22321,NO.11
22325,,22325,太古炎王
22327,,22327,夜灵
22328,,22328,夜灵
22330,,22330,贝光精灵
22333,,22333,骑士杰洛
22335,,22335,零夜战骑
22339,,22339,混沌巨龙
22340,,22340,极·混沌巨龙
22344,,22344,小笛子
22346,,22346,蓝小逗
22349,,22349,太古帝卡
22351,,22351,御圣·天麟
22352,,22352,御圣·天麟
22353,,22353,白犽
22354,,22354,皇犽
22357,,22357,太古明王
22360,,22360,骑士奇克
22362,,22362,杰诺斯
22364,,22364,满月族长老
22366,,22366,绿瞳兽
22367,,22367,赤霄狼王
22378,,22378,超水精灵
22379,,22379,超火精灵
22380,,22380,超木精灵
22382,,22382,辉月战骑
22383,,22383,辉月战骑
22385,,22385,龙星诺
22387,,22387,上古星龙
22389,,22389,炎辉
22391,,22391,超龙星诺
22395,,22395,虎烈张飞
22396,,22396,虎烈张飞
22401,,22401,超巨岩
22402,,22402,超圣光
22412,,22412,噬心黑龙
22414,,22414,伍德
22418,,22418,钢铁先锋
22422,,22422,天焰菲尔
22427,,22427,月神
22428,,22428,炎帝
22433,,22433,奥金
22436,,22436,暮光伯爵
22439,,22439,弑神者兰斯洛
22440,,22440,星魔
22443,,22443,轩辕奇灵
22444,,22444,圣·帝伊
22449,,22449,雷怒青龙
22455,,22455,滔天白虎
22459,,22459,多米纳特
22461,,22461,卖萌羊
22462,,22462,超米纳特
22464,,22464,大白
22466,,22466,捣蛋羊
22467,,22467,亚诺
22468,,22468,鬼杀布莱克
22470,,22470,百变愚人盒
22472,,22472,愚人羊
22474,,22474,史昂
22486,,22486,Zeta
22493,,22493,东皇天
22495,,22495,疾天喵
22498,,22498,樱花小怪
22499,,22499,樱花大怪
22501,,22501,东皇道
22503,,22503,影道喵
22506,,22506,焚炙朱雀
22507,,22507,小阴
22508,,22508,小阳
22509,,22509,太二
22511,,22511,东皇无
22513,,22513,怪盗喵
22515,,22515,防御幻影
22517,,22517,东皇极
22521,,22521,阿鲁迪
22522,,22522,天宇圣龙
22524,,22524,灼格
22526,,22526,阿牧牧
22528,,22528,艾玛
22531,,22531,烈阳火凤
22534,,22534,妖刀斩日
22536,,22536,星大将
22538,,22538,杰士
22543,,22543,冥剑断月
22545,,22545,逍遥
22547,,22547,陆一
22548,,22548,亚历超大
22549,,22549,游乐百变盒
22551,,22551,撒加
22555,,22555,烈焰先锋
22557,,22557,幽隐夜刃
22559,,22559,战场幽灵
22561,,22561,孙悟空
22562,,22562,幻·破炎
22563,,22563,幻·御流
22564,,22564,幻·绝雷
22566,,22566,破宇暴龙
22569,,22569,冰玉翡翠龙
22571,,22571,龙太郎
22576,,22576,数码呱呱
22577,,22577,暗煞魔龙王
22580,,22580,烈焰波鲁
22583,,22583,神影米奥
22586,,22586,莎莎公主
22587,,22587,圣天使莱特
22590,,22590,乾坤修罗神
22591,,22591,东皇太一
22593,,22593,疾地
22595,,22595,阴之影
22597,,22597,大力神将
22603,,22603,超念分身
22608,,22608,青鸾
22611,,22611,骁勇天帝龙皇
22618,,22618,堕天凯撒帝
22619,,22619,圣天女若希
22622,,22622,遁海金刚库巴
22623,,22623,阳
22627,,22627,战神瑞斯
22631,,22631,昭烈帝·刘备
22632,,22632,战武雄·曹操
22635,,22635,神帝尊·孙权
22636,,22636,天道无极
22637,,22637,天道无极
22645,,22645,混沌凶兽
22646,,22646,八荒混沌
22648,,22648,暗影龙翼
22650,,22650,龙焰波鲁
22651,,22651,幻刃米奥
22652,,22652,莎莎女王
22655,,22655,和平使者
22657,,22657,普利森
22660,,22660,冰雪女皇
22662,,22662,噬炎月战神
22664,,22664,神威吕布
22669,,22669,圣耀阿波罗
22670,,22670,神·幻尊星瞬
22671,,22671,神·白皇星焰
22675,,22675,炽尊狼王
22679,,22679,维托尔
22681,,22681,天鹰雨果
22687,,22687,南瓜阿呆
22689,,22689,神·雀皇紫辰
22693,,22693,炽狱吉拉
22694,,22694,武魂兔皇
22695,,22695,灵渊露龙
22696,,22696,神·玄皇耀凌
22700,,22700,威虎但丁
22701,,22701,神·龙皇阳魂
22707,,22707,尤里
22710,,22710,神·梵天
22711,,22711,幻舞貂婵
22713,,22713,魏国小兵乙
22714,,22714,超源·木
22717,,22717,蓝羽剑圣
22719,,22719,玛斯特
22721,,22721,格雷夫
22724,,22724,歌德
22725,,22725,狂鲨歌德
22726,,22726,鲨刃
22729,,22729,暗夜幽兰
22730,,22730,魔君夜王
22735,,22735,魏国小兵甲
22740,,22740,圣诞迷猴
22741,,22741,神羽奥天
22744,,22744,德力斯
22750,,22750,盘古
22753,,22753,神农
22755,,22755,兽神
22758,,22758,奈瑟斯
22760,,22760,审判者·拜伦
22764,,22764,森罗可兰
22767,,22767,神迹圣天伊
22771,,22771,神迹圣天伊
22774,,22774,愤怒的小丑
22781,,22781,神迹冰罗皇
22782,,22782,神迹帝卡
22786,,22786,神迹帝卡
22791,,22791,自由之神
22792,,22792,自由之神
22794,,22794,圣冕麒麟
22801,,22801,龙太子
22806,,22806,神迹凌风
22811,,22811,神迹炎王
22814,,22814,炽寒天凤
22815,,22815,元宵兔
22820,,22820,神迹明王
22823,,22823,天煞穷奇
22825,,22825,英雄迪加
22828,,22828,祥瑞圣兽
22835,,22835,守山怪
22838,,22838,神迹辛格
22845,,22845,哉
22850,,22850,鬼冥冴
22854,,22854,妖王冽
22859,,22859,白无冴
22865,,22865,日月战武神
22867,,22867,女娲
22868,,22868,神峰山脉之魂
22887,,22887,萨智丁
22889,,22889,宙斯
22890,,22890,宙斯
22897,,22897,创世星神
22899,,22899,摄魂幽灵
22901,,22901,麦迪文
22903,,22903,密室巨人
22910,,22910,龙王敖兴
22924,,22924,真言诺亚
22925,,22925,辰辰
22926,,22926,暗夜辰星
22931,,22931,神迹波塞冬
22932,,22932,圣堂伯爵
22934,,22934,魔花花
22935,,22935,麟儿
22936,,22936,浮云大圣
22937,,22937,三界弑神
22939,,22939,魔犬阿达
22941,,22941,帝女夙
22961,,22961,天神白·御
22963,,22963,天神劫
22964,,22964,帝天麟
22965,,22965,帝天麟
22966,,22966,乐天童心
22970,,22970,哈迪斯
22980,,22980,魔域星君
22987,,22987,防御撒旦火焰
22991,,22991,兰陵王
22994,,22994,冥夜君狼王
22997,,22997,青羽戮
22998,,22998,白翼御天使银
23001,,23001,六翼堕天使戮
23006,,23006,神迹魂王天使
23011,,23011,神迹神焰天使
23015,,23015,轩辕
23016,,23016,金翼炽天使K
23022,,23022,小天使王
23027,,23027,天使王
23028,,23028,天使王·完全体
23029,,23029,巫妖王·完全体
23030,,23030,乾坤修罗神·完全体
23034,,23034,九天炎魄
23035,,23035,神迹圣天伊·完全体
23036,,23036,轩辕奇灵·完全体
23039,,23039,浩天·完全体
23040,,23040,东皇太一·完全体
23042,,23042,八尾
23046,,23046,战火之王
23047,,23047,神农·完全体
23048,,23048,女娲·完全体
23049,,23049,轩辕·完全体
23051,,23051,盘古·完全体
23058,,23058,神獠月
23064,,23064,白夜叉·完全体
23065,,23065,堕天凯撒帝·完全体
23068,,23068,归零者·完全体
23069,,23069,小黑翼王
23074,,23074,黑翼王
23075,,23075,黑翼王·完全体
23077,,23077,灵仙碧瑶·完全体
23079,,23079,貘·完全体
23080,,23080,神迹炎王·完全体
23083,,23083,旱魃·语尘分身
23084,,23084,天焰菲尔·完全体
23085,,23085,宙斯·完全体
23087,,23087,战火之王·完全体
23090,,23090,无冕之王·完全体
23092,,23092,幻象梦魇
23093,,23093,雷怒青龙·完全体
23094,,23094,滔天白虎·完全体
23095,,23095,焚炙朱雀·完全体
23096,,23096,泰岳玄武·完全体
23097,,23097,炎天·完全体
23099,,23099,猩猩队长
23100,,23100,日月战武神·完全体
23101,,23101,天宇圣龙·完全体
23102,,23102,芭比神鹿
23103,,23103,神羽奥天·完全体
23104,,23104,神迹帝卡·完全体
23106,,23106,幻星狼神
23107,,23107,韩福
23109,,23109,疾风长牙狮
23110,,23110,Zeta·完全体
23112,,23112,御星痕
23114,,23114,天帝龙皇·完全体
23115,,23115,上古星龙·完全体
23125,,23125,超源·完全体
23126,,23126,金甲卫士
23127,,23127,无忧
23129,,23129,千墨灵狐
23131,,23131,鬼墨小怪
23138,,23138,鬼墨无虑
23144,,23144,圣修暗凯帝
23145,,23145,圣修暗凯帝·完全体
23152,,23152,暗翼女神
23155,,23155,鬼墨无忧
23156,,23156,鬼墨无忧·完全体
23157,,23157,千机变
23160,,23160,阿修罗·完全体
23162,,23162,天吟降龙
23164,,23164,龙猫武士
23165,,23165,森罗可兰·完全体
23167,,23167,神迹冰罗皇·完全体
23168,,23168,冥夜君狼王•完全体
23172,,23172,龙吟守·完全体
23173,,23173,八岐大蛇·完全体
23174,,23174,龙吟真
23175,,23175,盘龙魂
23176,,23176,传奇圣天伊
23177,,23177,黄金传奇圣天伊
23178,,23178,传奇神龙
23180,,23180,传奇阿波罗
23184,,23184,镇星女神
23185,,23185,寒灵
23186,,23186,兵神韩信
23187,,23187,传奇Zeta
23188,,23188,传奇哈迪斯
23190,,23190,雪无冰姬
23191,,23191,传奇冰雪女皇
23192,,23192,雪无寒灵
23193,,23193,传奇阴
23194,,23194,传奇阳
23195,,23195,逆水寒
23196,,23196,传奇天道无极
23198,,23198,烛龙
23200,,23200,乾坤
23201,,23201,传奇波鲁
23202,,23202,传奇莎莎
23203,,23203,传奇米奥
23205,,23205,天元夜神
23207,,23207,传奇月神
23208,,23208,神锋王骑
23210,,23210,御星璃
23211,,23211,煌
23213,,23213,木星女神
23214,,23214,洪荒王
23215,,23215,传奇烈焰凤凰
23216,,23216,传奇奇灵王
23217,,23217,传奇圣冕麒麟
23218,,23218,传奇龙太子
23220,,23220,传奇梅卡
23222,,23222,传奇雷帝神
23223,,23223,传奇奥天
23224,,23224,传奇炎帝
23225,,23225,传奇张飞
23226,,23226,天命
23227,,23227,传奇黑炎龙
23229,,23229,宿命分身
23230,,23230,命运之神
23232,,23232,帝姬白浅
23234,,23234,传奇黑翼王
23235,,23235,塔罗
23237,,23237,影月
23238,,23238,传奇星魔
23239,,23239,审判之神
23241,,23241,嬴政
23242,,23242,传奇星龙
23244,,23244,界
23245,,23245,传奇宙斯
23248,,23248,镜
23249,,23249,传奇东皇太一
23251,,23251,诅咒之神
23254,,23254,传奇归零者
23256,,23256,智慧王
23257,,23257,传奇自由之神
23258,,23258,枪神赵子龙
23259,,23259,传奇凯撒帝
23260,,23260,御神护
23261,,23261,传奇孙悟空
23263,,23263,二郎神杨戬
23264,,23264,毁灭之神
23265,,23265,传奇妖王冽
23266,,23266,传奇源
23267,,23267,传奇修罗神
23270,,23270,永生·毁灭之神
23271,,23271,传奇刘备
23272,,23272,传奇曹操
23273,,23273,传奇孙权
23274,,23274,传奇夜王
23275,,23275,天神·帝天麟
23276,,23276,帝魔·帝天麟
23277,,23277,锋
23280,,23280,力量·轮回之神
23281,,23281,轮回之神
23282,,23282,传奇炽天使K
23284,,23284,传奇冰晶凤凰
23285,,23285,传奇炽寒天凤
23287,,23287,阎罗
23288,,23288,传奇天使王
23289,,23289,传奇无冕之王
23290,,23290,木桩
23293,,23293,NO.520
23294,,23294,小浣
23295,,23295,传奇终结兔
23298,,23298,力量王
23300,,23300,传奇古渊露龙
23302,,23302,枪神王
23304,,23304,传奇日月战武神
23309,,23309,传奇念
23310,,23310,传奇魔焰吉拉
23311,,23311,暗黑传奇圣天伊
23313,,23313,传奇八岐龙吟之影
23317,,23317,传奇龙吟真
23318,,23318,传奇可兰
23320,,23320,传奇白虎
23321,,23321,吞天饕餮
23322,,23322,传奇明王
23324,,23324,始祖巨龙
23326,,23326,传奇朱雀
23327,,23327,魔神吕布
23328,,23328,洪荒无极
23331,,23331,万灵王
23333,,23333,传奇青龙
23334,,23334,传奇玄武
23335,,23335,传奇苍穹圣龙
23337,,23337,红心K·莫格莱尼
23339,,23339,传奇鬼墨无忧
23341,,23341,传奇冥夜君狼王
23343,,23343,传奇帝卡
23344,,23344,始祖影龙
23346,,23346,人鱼姬·迦夜
23347,,23347,传奇盘古
23351,,23351,九霄
23352,,23352,传奇帝皇龙
23353,,23353,传奇关羽
23354,,23354,传奇菲尔
23357,,23357,方块K·托尔贝恩
23359,,23359,传奇炎王
23360,,23360,传奇幻无极
23363,,23363,梅花K·纳兹戈林
23365,,23365,传奇战火之王
23366,,23366,始祖炎龙
23368,,23368,始祖冰龙
23371,,23371,传奇圣修暗凯帝
23372,,23372,祖龙血躯
23373,,23373,始祖光龙
23374,,23374,传奇凌风
23375,,23375,龍
23377,,23377,六龙圣王之影
23378,,23378,传奇貘
23380,,23380,[王者羁绊]圣天伊
23381,,23381,[远古精灵王]伊撒尔
23384,,23384,斗转星移[智慧王]之影
23385,,23385,[神之九尾]玉藻皇
23387,,23387,[太阴]幽荧
23388,,23388,[远古大妖]大天狗
23390,,23390,[太阳]烛照之影
23392,,23392,[火神]祝融之影
23396,,23396,[诸神之父]奥丁大帝
23398,,23398,[始祖巨人]伊米尔
23399,,23399,[逢魔之约]阴阳
23401,,23401,[四海龙王]敖兴
23402,,23402,[雷霆主宰]风暴龙
23403,,23403,[天罪弑神者]兰斯洛
23404,,23404,[鬼族之王]酒吞龙泉
23405,,23405,[天启堕神王]梵天
23406,,23406,[未来精灵王]梵天
23407,,23407,[万神之后]弗丽嘉
23408,,23408,[亘古鸿蒙]力量王
23409,,23409,[天道守护]东皇太一之影
23411,,23411,[偷心女王]亚森罗宾
23412,,23412,[黄帝]轩辕
23413,,23413,[扶桑大神]伊邪那岐
23414,,23414,[黄泉大神]伊邪那美
23416,,23416,[阴阳总帅]晴明
23417,,23417,[破坏神]须佐之男
23423,,23423,[金翅神]迦楼罗
23424,,23424,[万王加冕]圣王麒麟
23425,,23425,[上古月神]神武月
23427,,23427,[太阳神]阿波罗
23428,,23428,[上古炎帝]战无炎
23429,,23429,[一代宗师]奇灵王
23430,,23430,[火之精灵王]菲尔
23431,,23431,[青莲剑仙]李白
23433,,23433,[永夜君主]夜王之影
23434,,23434,[永夜公主]夜兰
23435,,23435,[白灵圣君]狼王
23436,,23436,[沙影谍王]阿里巴巴
23437,,23437,[神之使者]阿努比斯
23438,,23438,[宇宙秩序]毗湿奴
23439,,23439,[人品帝]Lucky
23441,,23441,[狗界大佬]柴哥
23443,,23443,[神机妙算]诸葛亮
23446,,23446,[七十二柱]所罗门王之影
23453,,23453,[众灵初始]通灵王
23454,,23454,[星界霸主]上古星龙
23456,,23456,[星神十三宫]星魔
23458,,23458,[逢魔之约]阴阳（圣灵）
23461,,23461,[宇宙秩序]毗湿奴（圣灵）
23462,,23462,[冥主]哈迪斯
23463,,23463,[神王]宙斯
23465,,23465,[浴火重生]烈焰凤凰
23466,,23466,[希望之神]奥天之影
23468,,23468,[冰火涅槃]炽寒天凤
23469,,23469,[龙族至尊]帝皇龙
23470,,23470,[白垩传说]青翼龙王
23472,,23472,[水元素]修罗
23474,,23474,[圣堂祭祀]夕颜
23476,,23476,[齐天大圣]孙悟空
23479,,23479,[圣堂刺客]半夏
23480,,23480,[恶魔之子]凯撒
23481,,23481,[绝界剑主]苏铁
23482,,23482,[圣堂之主]舜华
23483,,23483,[傲慢与偏见]归零者
23486,,23486,[战争与和平]自由之神
23487,,23487,[永灵至尊]冥夜君狼王
23490,,23490,[炼金斗者]乱舞
23491,,23491,[神行谍影]黑翼王
23493,,23493,[光暗传说]圣修暗凯帝
23495,,23495,[无尽神兵]银
23496,,23496,[无限魔枪]黑
23497,,23497,[梦想为王]猪苗苗之影
23498,,23498,[灭世魔焰]黑炎龙
23503,,23503,[智慧女神]雅典娜
23504,,23504,[万物之始]源
23506,,23506,[星际女警]安娜
23507,,23507,[世界蛇]耶梦加得
23508,,23508,[最初的梦想]古渊露龙
23509,,23509,[地龙神]摩罗迦
23510,,23510,[应汝之愿]天使王
23511,,23511,[应汝之愿]天使王
23515,,23515,[最初的梦想]古渊露龙
23517,,23517,[黑客帝国]诺亚
23521,,23521,[神兵]帝刃
23523,,23523,[绝地求生]枪神王
23524,,23524,[腾云驾雾]七星神龙
23526,,23526,[纵横捭阖]无冕之王
23527,,23527,[武绝苍穹]貘
23529,,23529,[水无止境]小8主
23534,,23534,[最初的希望]终结兔
23535,,23535,[最初的希望]终结兔
23537,,23537,{天道阳极]阳
23538,,23538,[纵横捭阖]无冕之王
23541,,23541,[开天辟地]盘古
23542,,23542,[开天辟地]盘古
23543,,23543,[洪荒王]御星煌
23546,,23546,[天使之恋]莱特&若希之影
23547,,23547,[救赎之音]亚伯
23548,,23548,[天道阴极]阴
23550,,23550,[造化阴阳]天道无极
23551,,23551,[天道阳极]阳
23552,,23552,[天道阴极]阴
23553,,23553,[睡美人]夏娃
23554,,23554,[最初的热血]魔焰吉拉
23555,,23555,[最初的热血]魔焰吉拉
23557,,23557,[木之精灵王]可兰
23558,,23558,[寒冰王座]白虎
23559,,23559,[悬顶之剑]该隐
23560,,23560,[悬顶之剑]该隐
23561,,23561,[天选之王]亚当
23562,,23562,[天选之王]亚当
23563,,23563,[雷霆之怒]青龙
23564,,23564,[灵兽宫主]苍穹圣龙
23565,,23565,[不动如山]玄武
23566,,23566,[四象归一]万灵王
23567,,23567,[雷霆之怒]青龙（灵兽）
23568,,23568,[寒冰王座]白虎（灵兽）
23569,,23569,[烈焰红莲]朱雀（灵兽）
23570,,23570,[不动如山]玄武（灵兽）
23571,,23571,[烈焰红莲]朱雀
23572,,23572,苍穹之王者天刃
23573,,23573,苍穹之王者圣符
23574,,23574,苍穹之王者龙盾
23575,,23575,苍穹之王者神翼
23576,,23576,[天下第一龙]龍
23577,,23577,[玄音神]乾达婆
23579,,23579,[冰封的思念]尤莱亚
23580,,23580,[水之精灵王]梅卡
23581,,23581,[天地复初]乾坤
23582,,23582,[天地复初]乾坤
23584,,23584,[天道主宰]乾坤
23587,,23587,[克敌机先]天枢影
23588,,23588,[天地玄黄]洪荒无极
23589,,23589,[洪荒王]御星煌
23590,,23590,[洪荒之主]御星璃
23592,,23592,[伍心开阳]姬如意
23593,,23593,[伍心开阳]姬如意
23594,,23594,[神鹤凤翎]天神白
23595,,23595,[帝魔凰权]帝女夙
23596,,23596,[神魔之子]帝天麟（个体）
23597,,23597,[气吞山河]圣体力量王
23598,,23598,[气吞山河]圣体力量王
23599,,23599,[冥夜千机]鬼墨无忧
23601,,23601,[荧惑魅灵]后卿
23602,,23602,灵天释
23603,,23603,灵天释
23604,,23604,[玉衡金仙]灵天释
23605,,23605,[玉衡金仙]灵天释
23606,,23606,[纯血妖王]冽
23608,,23608,[星现万物]王者智慧王
23609,,23609,[九重天主]东华帝君
23610,,23610,[剑化阴阳]钧天
23613,,23613,[天之骄女]九天玄女
23615,,23615,[破灭洪荒]八岐大蛇
23617,,23617,[执掌天权]御渊
23618,,23618,[执掌天权]御渊
23619,,23619,[御天龙魂]龙吟守
23620,,23620,[时间法则]王者伊撒尔
23623,,23623,[无畏兵神]韩信
23624,,23624,[无畏兵神]韩信
23625,,23625,[无敌斗尊]龙皇辉斗
23629,,23629,[万界天枢]紫璇
23630,,23630,[万界天枢]紫璇
23631,,23631,[圣剑传说]龙神
23632,,23632,[王者圣剑]龙天伊
23633,,23633,[王者羁绊]圣天伊
23634,,23634,[圣剑传说]龙神
23636,,23636,[天玑天璇]重楼
23637,,23637,[元素审判]玄皇耀凌
23641,,23641,[御日月缔时光]羲和
23646,,23646,[天启之光]通灵梵天
23648,,23648,[无敌斗尊]龙皇辉斗（四皇）
23651,,23651,[魔法少女]爱丽丝
23652,,23652,[魔法少女]爱丽丝
23653,,23653,[幻灵灭杀]幻无极
23654,,23654,[五虎蛇吞海]张飞
23655,,23655,[八部天龙]龙太子
23656,,23656,[天命七星]神兵圣王
23662,,23662,[登峰造极]巅峰塔王（个体）
23663,,23663,罗睺
23664,,23664,[神爱世人]王者天使王
23665,,23665,[冰雪奇缘]绝界欧若拉
23666,,23666,[昔影残光]九曜
23668,,23668,[王启诸灵]王者通灵王
23670,,23670,[大道至臻]天命王
23671,,23671,[大道至臻]天命王
23672,,23672,[王之冕]英雄圣王麒麟
23673,,23673,[王之冕]英雄圣王麒麟
23674,,23674,[神谕之光]绝界阿波罗
23675,,23675,[破轮回斩因果]帝俊
23678,,23678,[五虎鹏偃月]关羽
23679,,23679,[圣武月神]圣体神武月
23680,,23680,[圣武月神]圣体神武月
23683,,23683,[天焰至尊]王者菲尔
23684,,23684,[天蓬元帅]猪八戒
23688,,23688,[圣战炎帝]圣体战无炎
23689,,23689,[圣战炎帝]圣体战无炎
23690,,23690,[神帝]圣体日月战武神
23691,,23691,[神帝]圣体日月战武神
23692,,23692,[梦回太古]姜子牙
23693,,23693,[五虎龙震天]王者赵云
23694,,23694,[五虎凤燎原]马超
23695,,23695,[五虎凤燎原]马超
23697,,23697,[月亮女神]阿尔忒弥斯
23698,,23698,[月桂女神]达芙妮
23699,,23699,[月桂女神]达芙妮
23701,,23701,[永恒之影]伊
23706,,23706,[贪婪之罪]神秘战无炎
23708,,23708,[圣域曙光]圣体奥天
23709,,23709,[圣域曙光]圣体奥天
23710,,23710,[五虎鹰击空]黄忠
23712,,23712,[逆星神]绝界星魔
23713,,23713,[幽翼灵喵]夜一
23716,,23716,[星神主]绝界上古星龙
23717,,23717,[大小姐]孙尚香
23718,,23718,[大小姐]孙尚香
23719,,23719,[蜀汉天尊]刘备
23720,,23720,[五虎鹏偃月]关羽（五虎）
23722,,23722,[五虎龙震天]王者赵云（五虎）
23728,,23728,[星空梦想]心
23729,,23729,[扶桑至高神]伊邪那氏
23730,,23730,[扶桑大神]伊邪那岐
23731,,23731,[黄泉大神]伊邪那美
23739,,23739,[空间羁绊]超维圣天伊
23740,,23740,[空间法则]超维伊撒尔
23743,,23743,[唯我独尊]超维帝皇龙
23746,,23746,[龙族起源]龙母
23754,,23754,[万物生辉]王者可兰
23757,,23757,[乐园意志]笑
23758,,23758,[东风不破]超维诸葛亮
23763,,23763,[御龙诀]超维孙悟空
23767,,23767,[堕怠之罪]大妖神武月
23768,,23768,[绝世之音]高渐离
23769,,23769,[八荒战神]英雄东皇太一
23770,,23770,[八荒战神]英雄东皇太一
23776,,23776,[天地起源]超维盘古
23777,,23777,[人族起源]女娲
23781,,23781,[亚特兰蒂斯]通灵亚当
23787,,23787,[傲慢之罪]嗜血狼王
23788,,23788,[傲慢之罪]嗜血狼王
23789,,23789,[冰雪王族]女皇大帝
23790,,23790,[众神天罚]超维宙斯
23791,,23791,[万冥天罪]王者哈迪斯
23792,,23792,[暴食之罪]噬魂夜王
23793,,23793,[暴食之罪]噬魂夜王
23794,,23794,[天地道无极]双生乾坤
23795,,23795,[天道主宰]乾坤
23796,,23796,[天地复初]乾坤
23800,,23800,[无界无序无限]时空王
23804,,23804,[轮回法则]灵魂伊撒尔
23807,,23807,[轮回羁绊]灵魂圣天伊
23809,,23809,空
23810,,23810,[黑白相生]灵魂奇灵王
23811,,23811,[色欲之罪]暴君凯撒
23812,,23812,[嫉妒之罪]黯帝修罗
23815,,23815,[远古意志]智慧力量王
23818,,23818,[一发入魂]灵魂枪神王
23821,,23821,[深藏功与名]通灵无冕之王
23825,,23825,[武霸天下]灵魂貘
23827,,23827,[萌妹小编]车厘子
23831,,23831,[暗影之夜]绝界黑翼王
23832,,23832,[黑暗星光]灵魂洛羲
23838,,23838,[愤怒之罪]命运伊撒尔
23839,,23839,[愤怒羁绊]命运圣天伊
23845,,23845,[天国咏唱]命运天使王
23847,,23847,[地狱孤影]命运念
23849,,23849,[浩海之主]王者梅卡
23853,,23853,[斩魔妖刀]曰
23855,,23855,[魔神王]以撒
23856,,23856,[七宗罪]通灵伊撒尔
23868,,23868,[傲世之灵]灵魂万灵王
23870,,23870,[三位一体]至尊精灵王
23871,,23871,[未来王座]超维梵天
23875,,23875,[傲睨万物]超维源
23876,,23876,[豆蔻年华]绝界弗丽嘉
23877,,23877,[秩序起源]神启·乾坤
23878,,23878,[秩序神女]洛洛离（神启者）
23880,,23880,[秩序神女]洛洛离
23883,,23883,[圣女]贞德
23884,,23884,[圣女]贞德
23885,,23885,[全知全能]命运奥丁大帝
23886,,23886,[至高神权]通灵奥丁大帝
23895,,23895,[创始元灵]圣体通灵王
23896,,23896,[创始元灵]圣体通灵王
23897,,23897,[阴阳百鬼主]灵魂晴明（个体）
23898,,23898,[欲望与苦难]命运所罗门王
23903,,23903,[自然起源]神启·盖亚
23904,,23904,[自然灵女]薇薇安（神启者）
23907,,23907,[绝望龙神]尼德霍格
23909,,23909,{不朽星神]超维智慧王
23914,,23914,[终极合体]王牌战队
23917,,23917,[大道轮回]灵魂天命王
23918,,23918,混沌精灵
23919,,23919,[混沌魔女]莉莉丝
23920,,23920,[始祖龙尊]命运龍
23921,,23921,[混沌起源]神启·卡奥斯
23922,,23922,[混沌魔女]莉莉丝（神启者）
23923,,23923,星辉时代·圣天伊
23924,,23924,星辉时代·黄金圣天伊
23925,,23925,星辉少女·小熊座
23926,,23926,辉煌城主·天龙座
23928,,23928,救世天幕·时空王
23930,,23930,绯红女王·大熊座
23932,,23932,天穹之君·仙王座
23933,,23933,星宇之姬·仙后座
23936,,23936,自由女王·拜伦
23937,,23937,千夏之影
23941,,23941,宇之终始星之诞灭·银河
23942,,23942,光翼缔造者·创世星灵
23943,,23943,撒旦之子·魔域星君
23946,,23946,神之战鳞·枪魂应龙
23947,,23947,神之皇鳞·剑魂白泽
23948,,23948,神之帝鳞·扇魂毕方
23949,,23949,神之圣鳞·镜魂青鸾
23950,,23950,无双剑意·剑帝修纳
23951,,23951,芳绯初樱·欧若拉
23952,,23952,天灾统领·巫妖王
23953,,23953,末世红镰闪·希尔瓦娜斯
23954,,23954,春晖神女·可兰
23957,,23957,小鲜肉
23958,,23958,神之审判·白天使王
23959,,23959,魔之禁锢·黑天使王
23960,,23960,花晨月夕·洛羲
23963,,23963,魔王·撒旦
23966,,23966,万王天谕·圣王麒麟
23967,,23967,万事如意·锦毛鼠
23968,,23968,星轨圣裁之回响·羲和
23975,,23975,万世龙尊·帝皇龙
23976,,23976,仁者无敌·湛卢
23979,,23979,真炎神君·菲尔
23980,,23980,四灵之主·苍穹圣龙
23981,,23981,东方灵兽·青龙
23982,,23982,南方灵兽·朱雀
23983,,23983,开天地创净土·盘古
23984,,23984,西方灵兽·白虎
23985,,23985,北方灵兽·玄武
23987,,23987,浮光般若·炽寒天凤
23988,,23988,皆归四象·万灵王
23989,,23989,大暗黑·天
23990,,23990,无烬噩梦·伊撒尔
23991,,23991,圣光守护·超时空王
23992,,23992,威震天下·太阿
23995,,23995,伊邪那氏·那美x那岐
23996,,23996,伊邪那氏·那美x那岐
23997,,23997,森林之息·花冠公主的幻影
23999,,23999,第一真祖·黑翼王
24000,,24000,覆天之影·黑翼王
24003,,24003,百花绽·春分的幻影
24004,,24004,万神之王·宙斯的幻影
24005,,24005,万冥之主·哈迪斯
24006,,24006,雨纷纷·清明的幻影
24008,,24008,主天道御天下·乾坤
24009,,24009,四界共主·乾坤
24010,,24010,醉红颜·洛洛离（神启者）
24011,,24011,醉红颜·洛洛离
24017,,24017,知时节·雨水的幻影
24018,,24018,剑越九霄·逍遥
24020,,24020,大道独行·天命王的幻影
24021,,24021,春光晓·谷雨的幻影
24024,,24024,龙诫诸天·阿修罗
24025,,24025,轮回溯梦·伊撒尔
24026,,24026,天启神君·梵天
24027,,24027,春晖暖·立春
24029,,24029,神国之主·奥丁大帝
24030,,24030,太极生两仪·东皇太一
24031,,24031,荒宇生无极·东皇太一
24033,,24033,菩提本无树·瑠璃
24034,,24034,圣道御天·轩辕夏禹
24036,,24036,未来计划·黯帝修罗
24037,,24037,未来计划·暴君凯撒
24041,,24041,源水风暴·梅卡
24042,,24042,星尊裁决·上古星龙
24043,,24043,未来计划·嗜血狼王
24044,,24044,正当时·小满的幻影
24046,,24046,龙魂永曜·龍
24047,,24047,须弥天帝·帝释天
24048,,24048,未来计划·噬魂夜王
24050,,24050,破虚空衍群龙·龙母
24051,,24051,万龙之上·至高龙尊
24052,,24052,尊贵无双·纯钧的幻影
24053,,24053,惊鸿逐月·李白的幻影
24055,,24055,万龙之上·至高龙尊
24056,,24056,命运交响·亚当
24057,,24057,未来计划·神秘战无炎
24058,,24058,谷满尖·芒种的幻影
24060,,24060,星辰造世·奇灵王
24061,,24061,混元合一·奇灵王
24062,,24062,智慧希望·密涅瓦x潘多拉
24063,,24063,智慧希望·密涅瓦x潘多拉
24064,,24064,空间魂梦·伊撒尔
24066,,24066,未来计划·大妖神武月
24067,,24067,荷满塘·夏至
24070,,24070,造自然耀万物·盖亚
24071,,24071,万灵永恒·盖亚的幻影
24073,,24073,花间序·薇薇安的幻影
24075,,24075,光明之神·阿波罗的幻影
24076,,24076,统御四海·敖兴
24078,,24078,绝对时空法则·王者时空王
24079,,24079,无限星空·智慧王的幻影
24083,,24083,[治愈者]天使王
24084,,24084,无限神力·力量王
24088,,24088,时间故梦·王者伊撒尔
24089,,24089,超感猎手·枪神王的幻影
24090,,24090,嗔之魔
24092,,24092,真理之门·无冕之王
24093,,24093,武绝凌天·貘
24095,,24095,相伴十载·初心未来的幻影
24102,,24102,傲凡尘启仙灵·女娲
24107,,24107,仙官相·哪吒
24109,,24109,十年の热血·魔焰吉拉的幻影
24113,,24113,未来计划·日月战武神
24114,,24114,未来计划·日月战武神
24115,,24115,通天神威·王者孙悟空
24116,,24116,万刀伏魔·曰
24117,,24117,十年の梦想·古渊露龙
24119,,24119,扉之光时之晖·王者羲和
24121,,24121,十年の希望·终结兔的幻影
24122,,24122,榴满枝·处暑的幻影
24127,,24127,GOD·无冕之王
24128,,24128,深渊之主·拉莱耶
24129,,24129,英霸之气·诸葛亮
24132,,24132,深渊の凝视·奈亚
24133,,24133,斗篷人·奈亚
24134,,24134,远古精灵王·伊撒尔
24135,,24135,曙色幽·白露
24138,,24138,星河御月之流辉·望舒
24141,,24141,驭灵度众生·SP通灵王
24145,,24145,鸿蒙初启·洪荒王的幻影
24147,,24147,桂盈梢·秋分的幻影
24151,,24151,诸神至高王座·王者奥丁大帝
24152,,24152,审判
24153,,24153,女皇
24154,,24154,创世·神·撒迦利亚
24155,,24155,灭世·龙·撒迦利亚
24156,,24156,妖相百斩·洪荒无极
24157,,24157,未来计划·圣修暗凯帝
24158,,24158,未来计划·圣修暗凯帝
24165,,24165,九黎兵主·蚩尤
24166,,24166,伐天堕神·刑天
24167,,24167,鹿鸣仙风·姜子牙
24168,,24168,晓霜重·寒露的幻影
24170,,24170,贪之鬼
24171,,24171,贪之鬼
24173,,24173,金蕊繁·霜降的幻影
24174,,24174,死神
24175,,24175,第二真祖·SP露易丝
24176,,24176,飘渺绝尘·七星龙渊的幻影
24179,,24179,众神の意志·王者宙斯
24182,,24182,雍州战神
24183,,24183,君临沧海·圣王麒麟
24184,,24184,游龙回雪·金步摇（神启者）
24186,,24186,游龙回雪·金步摇
24191,,24191,终极未来计划·王牌战队
24193,,24193,彼岸永望·孟婆
24196,,24196,菩提本无树·SP瑠璃
24197,,24197,踏阙飞影·鱼肠的幻影
24198,,24198,琴语轻·小雪的幻影
24199,,24199,乱世英豪·吕布
24200,,24200,一曲相思意·貂蝉
24201,,24201,烈焰天辉·菲尔
24204,,24204,帝刹穹天·至高龙尊
24206,,24206,吾即太阳·阿波罗的幻影
24207,,24207,月冕之曜·阿尔忒弥斯
24210,,24210,辉耀万世之光·阿波罗
24211,,24211,幽径拾光·达芙妮（神启者）
24212,,24212,恋人
24215,,24215,神枪镇山河·韩信
24216,,24216,照世之澜·梅卡
24217,,24217,虚数重构·黛依
24218,,24218,盼佳节·冬至
24219,,24219,黑暗未来计划·念
24226,,24226,不羁如风·奥列弗x纳希
24227,,24227,不羁如风·奥列弗x纳希
24228,,24228,天启新篇·梵天
24229,,24229,生命礼赞·可兰的幻影
24232,,24232,穷穷
24233,,24233,零阶·愚者
24236,,24236,逆理·世界
24238,,24238,无畏·战车
24241,,24241,寄芳思·小寒的幻影
24245,,24245,裂穹之斩·龙刃的幻影
24246,,24246,魔神·以撒
24247,,24247,无烬噩梦·传说伊撒尔
24248,,24248,星轨圣裁之回响·传说羲和
24249,,24249,花晨月夕·传说洛羲
24254,,24254,天使恶魔·SP米迦勒x路西法
24255,,24255,天使恶魔·SP米迦勒x路西法
24256,,24256,崩坏·天使王
24258,,24258,禁锢审判·传说天使王
24259,,24259,青州战神
24260,,24260,主天道御天下·传说乾坤
24264,,24264,灰烬熔芯·胜遇
24266,,24266,地隐微澜·小锦鲤的幻影
24267,,24267,牛气冲天·牛魔王的幻影
24276,,24276,天与海的誓言·梦
24278,,24278,阴阳主百鬼王·晴明
24279,,24279,鸾歌凤鸣·烈焰凤凰
24280,,24280,玄鹤游方·翎（神启者）
24281,,24281,玄鹤游方·翎
24282,,24282,凰诏天赦·烈焰凤凰
24288,,24288,智慧希望·SP密涅瓦x潘多拉
24289,,24289,智慧希望·SP密涅瓦x潘多拉
24290,,24290,枭影暗香来·孙尚香
24292,,24292,绝望·尼德霍格
24293,,24293,圣剑之佑·白羽公主
24294,,24294,徐州战神
24295,,24295,逆天·孙悟空
24296,,24296,斗战胜佛·传说孙悟空
24297,,24297,罔相仪形·蜃龙
24305,,24305,华夏始祖·轩辕
24306,,24306,救世天幕·传说时空王
24307,,24307,百药先祖·神农
24308,,24308,育灵天地间·王者女娲
24310,,24310,云墨苍生·玄霄
24313,,24313,日月曜重光·盘古
24314,,24314,后土圣女·岁岁祈（神启者）
24315,,24315,后土圣女·岁岁祈
24316,,24316,开天启明之圣·盘古的幻影
24317,,24317,圣降·元初之天
24322,,24322,轮回溯梦·传说伊撒尔
24327,,24327,大道独行·SP天命王
24329,,24329,全知·律
24335,,24335,权御万界·天帝昊天
24337,,24337,恶业轮回·魔君夜渊
24342,,24342,梵音净心·乾达婆
24343,,24343,掌混沌终因果·卡奥斯
24344,,24344,黑蔷薇·莉莉丝
24351,,24351,黑蔷薇·莉莉丝（神启者）
24352,,24352,妖相百斩·SP洪荒无极
24353,,24353,应天·源
24355,,24355,星神誓约·星魔
24356,,24356,群星之怒·上古星龙
24357,,24357,瀚空碧海之辰·上古星龙
24358,,24358,星神誓约·星魔（神启者）
24359,,24359,遨游星辰间·龙母
24363,,24363,希望龙神·厄尔庇斯
24364,,24364,苍雷怒涛·风暴龙
24366,,24366,末世幽火悯·赫菲斯托斯
24367,,24367,神域初晓之刻·王者龙母
24368,,24368,无界·隐者
24374,,24374,绝对水域·王者梅卡
24376,,24376,传世经典·景泰蓝
24383,,24383,潜龙在渊·帝皇龙
24384,,24384,神龙佑世·帝皇龙
24385,,24385,苍龙御天·帝皇龙的幻影
24387,,24387,传世经典·景泰蓝（神启者）
24391,,24391,冥夜瞬影·王者黑翼王
24396,,24396,武绝凌天·传说貘
24398,,24398,巨神撼世·骸
24400,,24400,一念无明·藏灵一
24403,,24403,雾山火行·闻人翊悬
24406,,24406,地龙天威·摩罗迦
24411,,24411,解构·王者世界
24412,,24412,尔等为臣·女帝
24418,,24418,旧约断罪书·撒迦利亚
24419,,24419,血色神灾·暗黑雷帝神
24420,,24420,苦具憎恚·嗔兽孔雀的幻影
24424,,24424,清辉朗月·王者望舒
24427,,24427,破晓棋局·无冕之王
24428,,24428,泰坦巨神王·普罗米修斯
24431,,24431,至高冠冕之谕·真理之后
24432,,24432,携手同行·一心一意的幻影
24442,,24442,赤焰星芒·王者菲尔
24443,,24443,深潜者·克拉肯
24446,,24446,梦幻云端之忆·梦
24447,,24447,特别邀约·梦
24452,,24452,未来计划·传说日月战武神
24453,,24453,神诫·宙斯
24454,,24454,缠绕者·利维坦
24456,,24456,混沌之子·厄瑞玻斯
24457,,24457,深渊意志·拉莱耶
24458,,24458,致命魔眼·美杜莎
24463,,24463,轮回の终焉·奈亚
24464,,24464,深渊の呼唤·克希拉
24465,,24465,心机兔·克希拉
24466,,24466,星辉羁绊·圣天伊
24470,,24470,空间魂梦·传说伊撒尔
24471,,24471,时光如汐·洛羲
24474,,24474,至圣不朽之勋·奥丁大帝
24475,,24475,神权规诫准则·吉尔伽美什
24476,,24476,浅樱铃音·欧若拉
24480,,24480,未来计划·传说圣修暗凯帝
24481,,24481,碧水柔波·西施
24482,,24482,繁星流转宇宙生灭·银河
24483,,24483,无邪·节制
24484,,24484,暗物质创世母神·提亚玛特
24485,,24485,黎明神后·弗丽嘉
24486,,24486,星宇之噬·银河
24495,,24495,命运福音·亚当
24496,,24496,天国恩光·天使王
24497,,24497,逆转未来·光明英雄
24503,,24503,绿野扉光·王者可兰
24504,,24504,未来计划·传说冥夜君狼王
24507,,24507,圣祷安魂曲·露易丝
24508,,24508,白袍御无双·赵云
24509,,24509,娑罗幻灭·念空
24514,,24514,夺命魔弹·枪神王
24516,,24516,苍月之剑·月下绯
24517,,24517,众生自然之灵·盖亚
24519,,24519,自然庇护·盖亚
24520,,24520,花之絮语·薇薇安
24521,,24521,长恨歌·杨玉环
24525,,24525,无垢幻境·白皇星焰
24526,,24526,残月烬灭·幻尊星瞬
24527,,24527,终极神威·王牌战队
24528,,24528,魔神之影·束缚
24530,,24530,燃愿之念·温妮
24537,,24537,诸邪无我·八岐龙吟
24538,,24538,龙啸奥义·龙皇辉斗
24541,,24541,咏春意千秋魂·奇灵王
24542,,24542,金·虚境领主
24543,,24543,千秋武魂·咏春
24545,,24545,至诚之心·卡亚
24552,,24552,万古龙魂·龍
24553,,24553,朱染雀羽·雀皇紫辰
24566,,24566,引万意掌器界·阿赖耶识
24567,,24567,阴阳合一·天道无极
24575,,24575,无量乐土·末那
24577,,24577,宿命之尘·尘纱
24582,,24582,横扫沧海·龙太子
24583,,24583,梅落神穹·乾坤
24584,,24584,天道秩序之尊·乾坤
24591,,24591,我欲齐天·孙悟空
24592,,24592,深渊の凝视·SP奈亚
24593,,24593,醉心梅开·洛洛离
24596,,24596,流云碧落日月之辉·羲和
24597,,24597,魔神之影·征服
24611,,24611,熵寂·愚者
24616,,24616,星穹溯光苍生为棋·银河
24624,,24624,天与海的誓言·SP梦
24626,,24626,最强人类·无限
24627,,24627,青锋飒沓·鱼肠
24632,,24632,帝临山河·圣王麒麟
24633,,24633,瑞兽赐福·圣王麒麟
24634,,24634,噬神者·柏拉图
24639,,24639,英雄之火·菲尔
24640,,24640,海蒂拉玛
24641,,24641,海蒂
24643,,24643,虚空权能之神·格劳孔
24644,,24644,纯白之灾厄·海蒂拉玛
24648,,24648,灾厄救世主·海蒂拉玛
24654,,24654,天地开辟诸界降诞·盘古
24655,,24655,鏖战尘世·盘古
24659,,24659,轻云敝月众生随·女娲
24660,,24660,众生怒·阿赖耶识
24664,,24664,山海立万物生·女娲
24665,,24665,山海玄女·须须罗（神启者）
24667,,24667,山海玄女·须须罗
24668,,24668,冥道蚀骨·阿修罗
24674,,24674,剑挽沧溟·梅卡
24679,,24679,太阳神的庇护·阿波罗
24680,,24680,神光普照·阿波罗
24681,,24681,倾心月桂·达芙妮
24686,,24686,永远的精灵王·伊撒尔
24689,,24689,万界混沌之主·卡奥斯
24690,,24690,缱绻花吻·莉莉丝
24691,,24691,天道帝威·帝释天
24699,,24699,幽夜蝶舞·夜兰
24702,,24702,裂斩沧澜·帝皇龙
24703,,24703,荒宇独霸·帝皇龙
24709,,24709,纯白之羽·米迦勒
24710,,24710,漆黑之翼·路西法
24713,,24713,生命初始之章·龙母
24714,,24714,龙族龙女·玲玲珑（神启者）
24717,,24717,龙族龙女·玲玲珑
24724,,24724,大道无形·天命王
24727,,24727,灼世辉光·烈焰凤凰
24728,,24728,凤鸣岐山·烈焰凤凰
24729,,24729,水墨行·翎
24734,,24734,泰坦神铠·骸
24736,,24736,不染尘·瑠璃
24737,,24737,古韵花舫·阿赖耶识
24741,,24741,太极化万象·东皇太一
24744,,24744,太极之源·太初
24752,,24752,臣服于我·女帝
24760,,24760,晞光的祈唤·王者羲和
24761,,24761,天神启示之光·天使王
24764,,24764,武霸寰宇·貘
24767,,24767,轮回誓约·无冕之王
24768,,24768,轮回女神·梅比乌斯
24771,,24771,不变的梦想·古渊露龙
24782,,24782,漫天樱落·欧若拉
24787,,24787,星辰无尽瀚星辉光·银河
24790,,24790,异星诡影·别西卜
24796,,24796,邃古凌苍·日月战武神
24799,,24799,秩序之子·昆仑
24800,,24800,秩序万界之柱·乾坤
24807,,24807,贤者的悲歌·L
24808,,24808,最后的贤者·艾蕾
24809,,24809,墩墩·艾蕾
24814,,24814,永恒裁决之枪·奥丁大帝
24816,,24816,断罪神灵之刻·吉尔伽美什
24818,,24818,极寒冰域·冰罗皇
24822,,24822,罪域裁决龙神·撒迦利亚
24823,,24823,乐海无忧·海忘忧
24826,,24826,万物新生的呼唤·可兰
24831,,24831,多元·愚者
24833,,24833,陨尘造物星神主·星尘
24840,,24840,重构·世界
24842,,24842,星神宫之主·上古星龙
24849,,24849,希望虹光·厄尔庇斯
24852,,24852,自然造物之柱·王者盖亚
24853,,24853,烽火赤壁·周瑜
24854,,24854,破灭龙音·龙族大法师
24858,,24858,邪心幻刃·念
24860,,24860,万界归一·天帝昊天
24861,,24861,终极辉光·王牌战队
24865,,24865,万龙之主·至高龙尊
24866,,24866,光启精灵王-伊撒尔
24867,,24867,木之精灵王-可兰
24868,,24868,净化之光-拉克丝
24869,,24869,梦幻之光-罗塔纱
24870,,24870,水之精灵王-梅卡
24871,,24871,光启时代-圣天伊
24872,,24872,火之精灵王-菲尔
24874,,24874,暗月千面-艾琳
24875,,24875,守护之光-米垭
24879,,24879,神羽曙光-奥天
24880,,24880,重枪风暴-合金猛将
24881,,24881,圣窗余晖-米迦勒
24882,,24882,繁星余迹-路西法
24883,,24883,绝代兵神-韩信
24884,,24884,神峰圣护-山脉之魂
24890,,24890,幽冥主宰-哈迪斯
24891,,24891,怒海狂潮-金刚库巴
24892,,24892,猩红序曲-露易丝
24893,,24893,绿叶咆哮-棕叶战熊
24898,,24898,永恒源晶裁决之龙-阿卜苏
24899,,24899,生命使徒-瓦利
24900,,24900,灵魂使徒-卡莉
24901,,24901,力量使徒-烁厉
24902,,24902,时间使徒-诺栗
24904,,24904,天使圣音-姬露比
24909,,24909,寰宇鎏金星河入怀-银河
24910,,24910,千古一帝-秦始皇嬴政
24911,,24911,无我之境-力量王
24916,,24916,陨星-愚者
24917,,24917,福瑞降人间-圣王麒麟
24920,,24920,灯笼精灵-羲和
24921,,24921,GOD-无冕之王
24922,,24922,GOD-无冕之王
24923,,24923,解构万物之眼-赫耳墨斯
24924,,24924,解构万物之眼-赫耳墨斯
24925,,24925,灯笼精灵-帝俊
24926,,24926,瑞兔赐福-卯小兔
24927,,24927,浮生浮灭万意恒常-阿赖耶识
24928,,24928,天地与我竞自由-逍遥
24939,,24939,旃檀功德-唐三藏
24940,,24940,齐天大圣-孙悟空
24941,,24941,灯笼精灵-唐太宗李世民
24942,,24942,天蓬元帅-猪八戒
24945,,24945,众里寻他千百度-梦
24946,,24946,众生乐土万灵随行-末那
24947,,24947,海枯之心-白京京
24952,,24952,谪仙剑无双-李白
24953,,24953,暗能涌动星海创生-提亚玛特
24955,,24955,凛冬之意-瓦格纳
24957,,24957,剑影抚落忆-孙尚香
24958,,24958,清辉映星河-望舒
24959,,24959,三位一体-至尊精灵王
24960,,24960,卷帘大将-沙悟净
24964,,24964,深渊安魂曲-奈亚
24965,,24965,天道暗御-阴
24967,,24967,踏阴阳定荒宇-东皇太一
24968,,24968,引尘造万物-星尘
24969,,24969,天道曜护-阳
24971,,24971,阴阳割昏晓-天道无极
24973,,24973,霜佑北境-帕里斯
24977,,24977,千山落樱之辉-夜樱
24978,,24978,荷风引水色-瑠璃
24979,,24979,大汉天子-汉武帝刘彻
24980,,24980,月魄孤影-神武月
24981,,24981,头号玩家-夜樱
24987,,24987,神炎日冕-战无炎
24994,,24994,至圣神王裁决-奥丁大帝
24995,,24995,源星之归引-上古星龙
24996,,24996,深渊穿梭者-律
24997,,24997,沙漠之心-阿努比斯
24999,,24999,救世的执妄愚人-公爵
25000,,25000,星穹庇世之翼-赫耳墨斯
25001,,25001,守护众生之愿-瓦尔基里
25007,,25007,永劫破灭混沌至尊-卡奥斯（虚拟态）
25008,,25008,一代天骄-成吉思汗铁木真
25009,,25009,枯骨之花-莉莉丝的幻影
25010,,25010,曲音落花间-貂蝉
25019,,25019,创灵众生-通灵王
25020,,25020,白灵之尊-狼王
25021,,25021,万世独霸龙族至尊-帝皇龙
25022,,25022,荒宇独霸-帝皇龙
25023,,25023,倾世之寒-始祖冰龙
25025,,25025,星轨圣裁之回响-羲和
25026,,25026,雅克守护者-神罗麦提
25030,,25030,破虚空衍群龙-龙母
25031,,25031,破碎虚实之境-虚空龙灵
25033,,25033,龙族新歌-玲玲珑
25038,,25038,斐灵之心-皮塔
25042,,25042,圣树临辉光暗双耀-奇灵王
25043,,25043,慧心渊识之智-密涅瓦
25044,,25044,大妖血脉-妖王冽
25050,,25050,春晖神女-可兰
25052,,25052,湍流激越-橙李
25053,,25053,戮器仁心-帝刃
25054,,25054,希望永存世间-潘多拉
25055,,25055,天国守护者-白天使王
25056,,25056,黑暗之翼-黑天使王
25064,,25064,沧海遗珠-沫夏
25066,,25066,神兵护佑-圣盾
25074,,25074,女帝第二分身
25075,,25075,至高启示-真理之后
25076,,25076,冰封之心-伊莎女王
25082,,25082,深渊之契-绮美拉
25083,,25083,绝影蚀月-黑翼王
25084,,25084,幽冥千炼-鬼墨无忧
25087,,25087,武绝凌天-貘
25095,,25095,逐愿淬光之明-阿格蕾亚
25096,,25096,冥骸蚀暗-阿修罗
25097,,25097,逐梦追光-布灵灵
25104,,25104,王者加冕-圣天伊
25105,,25105,王者加冕-黄金圣天伊
25106,,25106,辉煌旅程-至臻圣天伊
25111,,25111,无垠-愚者
25112,,25112,陨灭-世界
25113,,25113,甜蜜信使-愚者
25114,,25114,博物馆奇妙夜-梁龙
25118,,25118,邃古凌苍-日月战武神
25121,,25121,混沌恩赐-厄瑞玻斯
25122,,25122,万象始源之刻-赫耳墨斯
25124,,25124,鸣劫制裁-雷霆青龙
25130,,25130,漆夜破空之刃-使者
25131,,25131,漆漆-使者
25132,,25132,荒炎焚天-飓焰朱雀
25133,,25133,幕后之人-至臻使者
25136,,25136,万王天谕-圣王麒麟
25137,,25137,天地惊弦-六龙圣王
25138,,25138,孤注一掷-骰子大王
25142,,25142,圣魂觉醒-伊撒尔
25143,,25143,时序之光-洛羲
25146,,25146,倚剑走天涯-洛羲
25147,,25147,绝天穿梭之界-时空王
25148,,25148,贵妃游园-杨玉环
25150,,25150,鹤揽芳华-时空王
25152,,25152,极乐欲界天魔主-波旬
25153,,25153,神威重壁-惊涛玄武
25154,,25154,圣铃妙音众识浮沉-阿赖耶识
25156,,25156,光武中兴-光武帝刘秀
25162,,25162,真炎神君-菲尔
25163,,25163,傲凡尘启仙灵-女娲
25164,,25164,妙笔创生绘世-女娲
25165,,25165,午夜大冒险-黑夜童心
25166,,25166,庇天之白翼-修罗
25171,,25171,伊甸园的余晖-亚当
25174,,25174,超越纪元的新生-海蒂拉玛
25175,,25175,无言的祈愿-海蒂拉玛
25176,,25176,拘演周易-周文王姬昌
25178,,25178,玄墨藏锋-龙宵
25179,,25179,黑暗秩序-嬴政
25182,,25182,源水风暴-梅卡
25183,,25183,在水一方-西施
25185,,25185,驱灵神捕-琳琅
25187,,25187,星宇之隙穹宙之辉-银河
25188,,25188,万神之王-宙斯
25189,,25189,极冰之拳-冰拳艾司
25193,,25193,黄泉归引-孟婆
25194,,25194,森境漫游-魔法咩咩
25196,,25196,造自然耀万物-盖亚
25197,,25197,荒秽堕墟-阿波菲斯
25198,,25198,蜀汉霸业-汉昭烈帝刘备
25199,,25199,自然恩赐-薇薇安
25203,,25203,恶魔之主-撒旦
25206,,25206,始祖大天使-尼斯洛克
25207,,25207,地狱天使-纳菲利姆
25208,,25208,夜与月的蔷薇-夜兰
25214,,25214,绝望噬影-尼德霍格
25215,,25215,童话小屋-可爱猫咪
25217,,25217,神兽尊主-苍穹圣龙
25219,,25219,破天之黑刃-凯撒
25220,,25220,鼎立九州-夏帝大禹
25225,,25225,异界史诗-渡
25226,,25226,异界史诗-渡（不朽者）
25227,,25227,征战之旅-神都王
25228,,25228,讨伐之旅-勇者
25229,,25229,求索之旅-终焉魔女
25230,,25230,狂肆之旅-邪神
25231,,25231,葬魂曲-死神弥尔
25235,,25235,瞰世之棘-亘古树灵
25236,,25236,余烬初王-洛兰
25240,,25240,霜寒冰域-上古龙女
25241,,25241,炽天炎境-上古龙女
25242,,25242,统御兵戈-大皇帝孙权
25243,,25243,缘分一线牵-小狐仙
25247,,25247,天道秩序诸界主宰-乾坤
25248,,25248,花醉风清-洛洛离
25253,,25253,爱与美的赞歌-维纳斯
25254,,25254,大道无名-天命王
25257,,25257,天穹苍翼-圣修暗凯帝
25258,,25258,魔神再临-以撒
25259,,25259,赤月刀姬-曰
25262,,25262,冰与火之舞-炽寒天凤
25263,,25263,逆律之触-伊西斯
25264,,25264,龙年纪念-贝贝龙
25265,,25265,永恒炽阳-神阿波罗
25272,,25272,创世织梦之眷-赫耳墨斯
25275,,25275,如星永伴长夜-梦
25280,,25280,冰龙之子-冰罗皇
25281,,25281,九霄帝姬-巫山神女
25282,,25282,霸世枭雄-魏武帝曹操
25283,,25283,炎刃燎原-赤霄
25284,,25284,御风神行-蓝羽灵者
25289,,25289,破晓圣光-白羽公主
25290,,25290,惊雷烁光-幻雷
25291,,25291,原初骑士-洛兰（梦境化身）
25293,,25293,横扫三界-孙悟空
25294,,25294,恶魔的私语-路西法
25295,,25295,永夜之主-夜王
25299,,25299,幻世镜梦-谴
25300,,25300,翼龙之子-凌风
25301,,25301,长夜墟渊-烛龙
25302,,25302,剑逐山河-轩辕夏禹
25303,,25303,赤帝-祝融
25304,,25304,超界奇迹-龙星诺
25307,,25307,浮士德-归零者
25309,,25309,水神-共工
25310,,25310,幻海奇迹-水星诺
25314,,25314,青山沐日天地无疆-盘古
25315,,25315,后土玄黄-岁岁祈
25316,,25316,梵星音律-乾达婆
25317,,25317,日曜奇迹-太阳星诺
25318,,25318,月辉奇迹-月亮星诺（防）
25324,,25324,星启万象-智慧王
25326,,25326,苍森奇迹-木星诺
25327,,25327,次元守护-伊撒尔
25328,,25328,沙都守护者-曼珠沙华
25329,,25329,烈焰奇迹-火星诺
25330,,25330,诺言之神-星诺玛
25331,,25331,炎龙之子-炎王
25332,,25332,金翅神羽-迦楼罗
25333,,25333,圣灵之心
25336,,25336,群星守护寰宇光辉-神银河
25337,,25337,暗宇之质万物之初-提亚玛特
25339,,25339,魂之缚-奇诺
25344,,25344,创世罪裁龙神-撒迦利亚
25345,,25345,晨光樱语-欧若拉
25346,,25346,凰权天下-帝女夙
25347,,25347,审判命运之战-奥丁大帝
25348,,25348,影龙之子-帝卡
25349,,25349,末裔之歌-海伦娜
25351,,25351,神国圣赐之羽-弗丽嘉
25352,,25352,万物之美繁荣之源-芙蕾雅
25353,,25353,诸天神通-帝释天
25358,,25358,王权断罪之章-吉尔伽美什
25360,,25360,混沌寂烬-厄瑞玻斯
25361,,25361,苍松剑意-干将
25364,,25364,混沌始源万物终湮-卡奥斯
25365,,25365,生于哀骨之花-莉莉丝
25366,,25366,巨龙之子-明王
25370,,25370,尼伯龙根之主-法芙娜1号
25371,,25371,深渊缠绕者-利维坦
25376,,25376,晖光轮回女神-梅比乌斯
25377,,25377,冰霜亡域-巫妖王
25379,,25379,吾即深渊-拉莱耶
25380,,25380,吾即深渊-拉莱耶（支配者）
25381,,25381,吾即深渊-拉莱耶（真神）
25382,,25382,绝望轮回女神-梅比乌斯
25383,,25383,炎魂永燃-魔焰吉拉
25384,,25384,潮汐庇护-古渊露龙
25391,,25391,寰宇皆臣-女帝
25392,,25392,明月剑心-莫邪
25394,,25394,苍翠守望-终结兔
25397,,25397,终末的残响-奈亚
25398,,25398,鸿雁知音-王昭君
25400,,25400,审神律理-无冕之王
25401,,25401,星月交辉-一生一世
25402,,25402,断海沧澜-龙太子
25413,,25413,逐光深坠-克希拉
25414,,25414,白魔法师-真言诺亚
25416,,25416,随便起来不是人-小果战宝
25422,,25422,无始无明之境-阿赖耶识（虚影）
25423,,25423,冰凝之魂-雪无寒灵
25427,,25427,寒夜破晓之刃-使者
25428,,25428,千里踏燕-鱼肠
25431,,25431,九柱神临缔世碑火-阿蒙王
25432,,25432,逐星遥旅-艾蕾
25433,,25433,神威地龙-摩罗迦
25438,,25438,墟尽神临之噬-赫耳墨斯
25439,,25439,噬界傀人-赫耳墨斯
25443,,25443,星芒圣佑-创世星灵
25444,,25444,孤影剑界-苏铁
25446,,25446,圣火炽天使-塞勒芙
25447,,25447,幽星荒主-天元夜神
25450,,25450,圣裁座天使-奥菲妮
25451,,25451,剑影迷踪-承影
25452,,25452,永恒圣穹焚罪终裁-阿卜苏
25453,,25453,孤胆英雄-赵云
25457,,25457,吾即永恒-阿卜苏
25458,,25458,圣律智天使-姬露比
25464,,25464,万序之启-源
25467,,25467,灵骸烬染之潮-夜樱
25468,,25468,月影映夜斓-夜樱
25469,,25469,阴阳山大祭师-东皇极
25471,,25471,乘清气御阴阳-东皇太一
25474,,25474,浮游天地乘风去-逍遥
25475,,25475,瑶琴迷阵-诸葛亮
25476,,25476,风摇清荷影-瑠璃
25482,,25482,坐忘无我化生万象-天道无极
25483,,25483,日月映海晨曦微露-羲和
25484,,25484,天人共铸-纯钧
25488,,25488,黑翎之妄朽界之暗-梵天
25489,,25489,武道至尊-龙皇辉斗
25491,,25491,幻相至尊-白皇星焰
25492,,25492,涅槃至尊-雀皇紫辰
25493,,25493,天启纪元缔世圣冕-梵天
25494,,25494,横戟破军-吕布
25495,,25495,天使精灵
25502,,25502,神行至尊-玄皇耀凌
25504,,25504,原初灵械-SR原型机
25505,,25505,复生者-帕克
25506,,25506,无畏重铠-达鲁
25509,,25509,诡影噬夜-黑翼王
25510,,25510,巡航迅影-利飞
25512,,25512,全维衍化之钥-阿比斯
25513,,25513,血月之引-露易丝
25514,,25514,异度刀姬-尤尼梅特
25515,,25515,灵智终端-黛拉
25523,,25523,建构终端-格莉娅
25524,,25524,幻游终端-妮娜
25525,,25525,防御终端-芙
25526,,25526,圣仪临世-烈焰凤凰
25527,,25527,一剑封魂-白夜叉
25528,,25528,剑指天下-太阿
25529,,25529,泡沫回忆-梦想精灵
25532,,25532,穹星创迹苍宇生辉-银河
25533,,25533,幽冥奇迹-黑星诺
25539,,25539,空寂无尘万法唯心-阿赖耶识
25540,,25540,统界神权王者-帝皇龙
25541,,25541,寒霜利刃-烈魄
25544,,25544,绯龙之契源晶之辉-阿卜苏
25545,,25545,蛇影魔瞳-美杜莎
25546,,25546,蛇年纪念-小星诺
25552,,25552,星冕-愚者
25553,,25553,无祸-女皇
25556,,25556,凝尘造界之星神-星尘
25561,,25561,龙吟瑞雪-圣王麒麟
25562,,25562,悟道成佛-孙悟空
25564,,25564,一桥一诺一相逢-梦
25566,,25566,重击雷霆-铁拳袋鼠
25572,,25572,忘川送魂-孟婆
25573,,25573,三生花缘-知世
25574,,25574,幽泉使者-孟婆
25576,,25576,吞天黑潮-凯撒
25577,,25577,飞剑游云-湛卢
25578,,25578,神霆点苍-奇灵王
25579,,25579,纵马引弓巾帼志-孙尚香
25588,,25588,曙天煌翼-修罗
25590,,25590,时序永前万境永在-时空王
25592,,25592,时渊裂缝-时间之神
25594,,25594,砂海栖心-洛羲
25595,,25595,玄潭游龙-七星龙渊
25597,,25597,日辉月影之扉-羲和
25598,,25598,虚堕之君王-贝利亚尔
25599,,25599,大河龙女-海纳百川
25601,,25601,天澜绮纱-云织
25607,,25607,荒原苍焰-狼王
25610,,25610,怒焰裁世-狂龙
25611,,25611,暗境孤影-幻冥
25614,,25614,不朽龙主-巴哈姆特
25615,,25615,东方秘毒-鹤顶红
25616,,25616,欲金之君王-撒共姆
25622,,25622,创界悯世之颂祷-龙母
25623,,25623,七罪圣裁-伊撒尔
25627,,25627,棋谕万象之冠-真理之后
25632,,25632,魅魇之惑-始祖影龙
25636,,25636,神怒戮天使-戮
25637,,25637,圣咏御天使-银
25640,,25640,万理炽天使-K
25643,,25643,月渊万相-艾琳
25644,,25644,光穹永耀之辉-天使王
25645,,25645,预命之君王-瓦沙克
25652,,25652,星誓交响之律-星诺玛
25654,,25654,终极王者-王牌战队
25655,,25655,生命牧歌-辉月战骑
25657,,25657,纪元初光之回响-圣天伊
25658,,25658,黑渊黯翼-混沌巨龙
25659,,25659,雪域圣主-冰雪女皇
25663,,25663,诡匿之君王-巴拉姆
25671,,25671,东方秘毒-绝情丹
25672,,25672,宙域终律-上古星龙
25673,,25673,宙域终律-上古星龙（星神之躯）
25680,,25680,天地之始祖-盘古
25682,,25682,造化之祖神-女娲
25685,,25685,日月时境御主-羲和
25686,,25686,山河息壤-岁岁祈
25687,,25687,穹庐离歌-王昭君
25689,,25689,纪元弈主-无冕之王
25691,,25691,灾变之君王-拜恩
25693,,25693,世外录-天女
25694,,25694,星芒蜕蝶-时舞
25705,,25705,解离森罗之瞳-赫耳墨斯
25709,,25709,迷情狐妃-妲己
25712,,25712,咒世怨石-石矶
25713,,25713,无尽轮回此间永恒-梅比乌斯
25715,,25715,东方秘毒-牵机药
25717,,25717,暗潮星漩创界之渊-提亚玛特
25718,,25718,深空之眼-小宇宙
25719,,25719,白翼破晓-自由之神
25723,,25723,纪元至高之引-海蒂拉玛
25724,,25724,渊秘之君王-派蒙
25725,,25725,穹光之拥-姬露比
25731,,25731,绯鳞审判永恒龙辉-阿卜苏
25736,,25736,逆神意志-GOD无冕之王
25737,,25737,GOD
25738,,25738,东方秘毒-断肠草
25742,,25742,永茂不凋之王庭-森林女皇
25748,,25748,自然之母神-盖亚
25749,,25749,诱火之君王-阿斯摩太
25755,,25755,无竭命核-渡（不朽者）
25756,,25756,铃兰曳影-薇薇安
25757,,25757,渡魂引-死神弥尔
25762,,25762,虚环-愚者
25763,,25763,东方秘毒-金蟾蛊
25764,,25764,大荒共主-天帝昊天
25765,,25765,九幽业火-魔君夜渊
25769,,25769,启界骑士-洛兰
25772,,25772,愿光守夜之华-阿格蕾亚
25773,,25773,隐序之君王-普尔森
25774,,25774,寂光破暗之剑-使者
25779,,25779,深渊的回音-奈亚
25783,,25783,深渊的约定-克希拉
25784,,25784,东方秘毒-生死符
25788,,25788,瞳中幽墟-绮美拉
25789,,25789,迷宫冒险王-黑小问
25791,,25791,深渊星阶-律
25792,,25792,腐殖之君王-贝雷特
25793,,25793,畸色之渊-星之彩
25798,,25798,众神之尊-宙斯
25799,,25799,异星堕骸-别西卜
25801,,25801,苍雪之源霜-上古龙女
25805,,25805,灼天​燎宇-上古龙女
25806,,25806,冥霆之君王-巴尔
25810,,25810,永夜苍焰-冥夜君狼王
25811,,25811,终始之茎-亘古树灵
25812,,25812,爱与美的恩泽-维纳斯
25814,,25814,欢嬉之欲-​愉
25824,,25824,天垣龙谕-龍
25826,,25826,原初创生之翼-龙母
25830,,25830,星涡归溯隙间守望-银河
25831,,25831,黑暗丰穰-莎布
25832,,25832,不朽碑铭-巴哈姆特
25839,,25839,万灵溯生之御-盖亚
25840,,25840,无量境主-末那
25846,,25846,万识莲台​浮音渡世-阿赖耶识
25851,,25851,万有重构之羽-赫耳墨斯
25852,,25852,穹宇枢星​-仙王座
25856,,25856,绣缔朝暮花诏寄心-梦
25858,,25858,太古永生-乌姆尔
25866,,25866,诸因起源诸界归墟-卡奥斯
25870,,25870,山海化育仙籁启灵-女娲
25871,,25871,山海神机-须须罗
25879,,25879,冰羽焰翎霜火凤鸣-炽寒天凤
25880,,25880,冰羽焰翎霜火凤鸣-炽焰·天凤
25881,,25881,冰羽焰翎霜火凤鸣-寒霜·天凤
25889,,25889,瑞昭万象-圣王麒麟
25890,,25890,亵渎双子-纳格x耶布
25891,,25891,星律咏叹-海蒂拉玛
25898,,25898,万魂映月之主-夜樱
25902,,25902,万象纪-天女
25912,,25912,审判之眼-格赫罗斯
25921,,25921,时轮天衡-时空巨龙
25926,,25926,万境与时同归-朝夕
25934,,25934,焚天灭地-黑炎龙
26000,,26000,万欲之源众望终响-祈
30001,,30001,兔小子
30003,,30003,大师兔
30004,,30004,吉拉
30006,,30006,爆焰吉拉
30007,,30007,滴滴
30009,,30009,露西亚
30011,,30011,雪咪兔
30012,,30012,寒冰玉兔
30015,,30015,埃拉多夫
30016,,30016,闪光河豚
30017,,30017,电击河豚
30018,,30018,霹雳河豚
30020,,30020,半沙拳手
30021,,30021,半沙斗士
30023,,30023,小花蝶
30024,,30024,花冠狮
30027,,30027,依诗
30030,,30030,变色角龙
30031,,30031,大嘴鲨
30032,,30032,巨齿鲨
30033,,30033,鲨鱼王
30035,,30035,隆咚石
30036,,30036,震天石人
30039,,30039,伊莎女王
30041,,30041,木角虫
30042,,30042,独角仙
30044,,30044,冰角犬
30045,,30045,飞天犬
30048,,30048,火巨人
30051,,30051,奥特克林
30054,,30054,白古丁
30057,,30057,黑蝠王
30059,,30059,扭扭蛇
30060,,30060,扭扭大王
30062,,30062,库多
30063,,30063,库斯特
30066,,30066,摩格
30067,,30067,乌拉
30068,,30068,乌可拉
30069,,30069,乌歌拉
30071,,30071,斯多恩
30072,,30072,斯多王
30075,,30075,歌拉迪
30078,,30078,铁甲卫士
30081,,30081,夜眼风魔
30084,,30084,蓝鹰斗士
30087,,30087,冰拳艾司
30090,,30090,沙麒麟
30093,,30093,木面侠
30096,,30096,金刚库巴
30099,,30099,火花龙
30102,,30102,合金猛将
30103,,30103,赤月
30105,,30105,神武月
30108,,30108,利刺大黄蜂
30109,,30109,炎风
30111,,30111,战无炎
30123,,30123,机甲勇士
30126,,30126,蝎子王
30129,,30129,彩羽贝拉
30132,,30132,暗夜卡伦
30135,,30135,魅影魔
30138,,30138,小翼鸟
30141,,30141,音速先锋
30144,,30144,雪雾怪
30147,,30147,芭比鹿
30150,,30150,冲锋魔方
30153,,30153,雷云狮
30156,,30156,霹雳星
30159,,30159,电击拳仔
30162,,30162,法拉帝
30165,,30165,雷鸣托尔索
30168,,30168,神杖执事
30171,,30171,雅夫人
30175,,30175,七彩小丑
30180,,30180,夜一
30183,,30183,海马剑士
30195,,30195,影刃
30198,,30198,卡布罗格
30201,,30201,轰天雷
30215,,30215,青龙灵兽
30216,,30216,兵蚁
30218,,30218,守护力士
30219,,30219,守护法师
30220,,30220,蚁族圣斗士
30221,,30221,蚁族魔斗士
30222,,30222,贝德威尓
30223,,30223,兰斯罗特
30224,,30224,哥拉海德
30225,,30225,保斯
30227,,30227,变异蚁将军
30240,,30240,法老王
30241,,30241,毒菇球
30242,,30242,金刚蛤蟆
30243,,30243,下水猛鳄
30249,,30249,尤莱亚
30265,,30265,红火兔
30266,,30266,绿叶熊
30267,,30267,黄金朵朵兔
30268,,30268,南瓜小怪
30269,,30269,威尔斯
30270,,30270,木人桩
30272,,30272,曼珠沙华
30278,,30278,烈焰鸟
30290,,30290,七星神龙
30301,,30301,达鲁
30304,,30304,帕克
30305,,30305,龙族大法师
30311,,30311,电击八爪鱼
30317,,30317,天使莱特
30319,,30319,科克
30320,,30320,雷帝神
30322,,30322,达达
30323,,30323,梅卡
30324,,30324,钢铁达鲁
30325,,30325,巨人守卫
30326,,30326,炎魔
30327,,30327,月魔
30328,,30328,SR战士
30329,,30329,强袭SR
30340,,30340,机械木乃伊
30388,,30388,地煞玄武
30400,,30400,迅猛龙
30401,,30401,梁龙
30402,,30402,翼龙
30403,,30403,鱼龙
30404,,30404,霸王龙
30405,,30405,星辰毁灭者
30408,,30408,青翼绿龙
30414,,30414,火云牛斗士
30418,,30418,黑化之魂
30424,,30424,鸟族武士
30436,,30436,黑暗守卫
30461,,30461,黑化念
30487,,30487,尖钻虎王
30493,,30493,年兽
30499,,30499,黄金粽总兵
30500,,30500,终结兔
30503,,30503,SR勇士
30504,,30504,先锋SR
30506,,30506,烈焰凤凰
30509,,30509,星云大圣
30530,,30530,暗黑角龙
30531,,30531,绿翼鸟
30604,,30604,念
30605,,30605,邪念
30624,,30624,白虎灵兽
30659,,30659,电击拳怪
30668,,30668,暗影夜蝠
30682,,30682,黑夜童心
30697,,30697,魔术小呆
30710,,30710,紫晶海兽
30715,,30715,远古灵龟
30728,,30728,凯撒
30731,,30731,修罗
30738,,30738,赤羽阴阳师
30741,,30741,朱雀灵兽
30743,,30743,小海妖
30744,,30744,海之妖将
30757,,30757,暴雪山神
30771,,30771,赤影飞狐
30787,,30787,六芒守卫
30794,,30794,奇灵王
30796,,30796,赤魔导士
30816,,30816,丸将军
30819,,30819,天女若希
30827,,30827,小炎灵
30828,,30828,炎之魔将
30840,,30840,神罗麦提
30852,,30852,碎风
30860,,30860,怒火之关羽
30865,,30865,暗黑超T兔
30869,,30869,通灵巫师
30884,,30884,猪猪超人
30895,,30895,利克亚伦
30901,,30901,星宇侠
30922,,30922,寒霜
30943,,30943,小风灵
30944,,30944,风之灵将
30946,,30946,紫渊
30948,,30948,刑风
30973,,30973,红魔
30976,,30976,诸葛亮
30995,,30995,翡冷翠
31000,,31000,阿努比斯
31001,,31001,变异库斯特
31122,,31122,狼王迪洛斯
31124,,31124,夜王狄米特
31159,,31159,极冰海牙
31170,,31170,夜兰
31181,,31181,焚浪
31190,,31190,鬼王
31210,,31210,巨斧卡索
31213,,31213,岩波斗魂者
31230,,31230,雷泽
31232,,31232,鲁曼
31234,,31234,拉诺斯
31246,,31246,牛角火刺
31250,,31250,纳兹
31255,,31255,叶子怪
31259,,31259,友人契约书
31263,,31263,南瓜车车
31267,,31267,多古拉伯爵
31272,,31272,地裂
31274,,31274,岩战
31280,,31280,左左泥
31282,,31282,施瓦辛格
31291,,31291,塞娅
31296,,31296,幻炎
31298,,31298,幻流
31300,,31300,幻雷
31310,,31310,玩偶
31322,,31322,迦娜
31336,,31336,波塞冬
31350,,31350,赤翼魔龙王
31356,,31356,飞羽龙
31362,,31362,阿波罗
31394,,31394,蓝羽灵者
31403,,31403,暗影兽
31414,,31414,三尾冰狐
31423,,31423,噬月武神
31426,,31426,黑炎龙
31429,,31429,洛基
31440,,31440,佐罗门
31442,,31442,卡卡修
31450,,31450,千年瑞兽
31461,,31461,苍炎战神
31464,,31464,欧比
31469,,31469,水星诺
31479,,31479,苍穹圣龙
31481,,31481,木星诺
31483,,31483,机械星诺
31496,,31496,震天金刚
31499,,31499,维达尔
31526,,31526,雷钢侠
31528,,31528,疾影侠
31530,,31530,啸天侠
31538,,31538,黑化炼狱战狮
31541,,31541,魔戒邪灵
31544,,31544,玛尔斯
31561,,31561,战武罗德
31573,,31573,钢炮奥斯卡
31575,,31575,泰利船长
31590,,31590,阿尔法
31597,,31597,伊格斯
31605,,31605,曹操
31616,,31616,剑圣太白
31619,,31619,巨角剑龙
31630,,31630,霍尔德
31639,,31639,圣光修罗
31645,,31645,圣盾
31648,,31648,菲尔
31649,,31649,可兰
31660,,31660,巴尔德
31664,,31664,锐角战士
31680,,31680,帝刃
31684,,31684,战战龙
31697,,31697,猎空
31705,,31705,疾风终结者
31706,,31706,暗影凯撒
31716,,31716,奥天
31719,,31719,瑞里格
31726,,31726,利威尔
31736,,31736,幻象格杀者
31744,,31744,斩雷
31746,,31746,凌月战神
31748,,31748,卷卷
31749,,31749,雷霆青龙
31751,,31751,断浪
31752,,31752,惊涛玄武
31753,,31753,炎·阳
31754,,31754,炎王
31767,,31767,三阶霜炎法神
31769,,31769,嘭哒星望
31776,,31776,光影卡皮特
31777,,31777,帝卡
31792,,31792,天怒
31799,,31799,科达尔
31801,,31801,介末君
31812,,31812,疾星
31815,,31815,苏恩克
31824,,31824,明王
31825,,31825,斗罗明王
31826,,31826,加比
31830,,31830,雷霆
31832,,31832,万钧
31834,,31834,火跃鸟
31837,,31837,使者加比
31842,,31842,光·加比
31843,,31843,翼·加比
31845,,31845,光暗弑神
31852,,31852,赫提
31854,,31854,诺伊特
31858,,31858,训练师加比
31861,,31861,龙刃
31867,,31867,F13
31869,,31869,圣王麒麟
31871,,31871,天冲
31872,,31872,多多罗
31873,,31873,冰罗皇
31876,,31876,炼金师加比
31881,,31881,幻·D14
31883,,31883,阿姆斯特
31884,,31884,伊乐
31893,,31893,擎空
31896,,31896,圣·天伊
31899,,31899,智慧加比
31902,,31902,炽天
31904,,31904,法尼尔
31908,,31908,勇气加比
31911,,31911,炽燎天
31912,,31912,擎霸空
31924,,31924,王者银魂
31925,,31925,龙·炎王
31926,,31926,帝王奇灵
31931,,31931,巨龙图腾
31937,,31937,梦想加比
31946,,31946,坠星
31948,,31948,王者破军
31950,,31950,擎战
31958,,31958,旋刃
31962,,31962,圣羽凌风
31963,,31963,噬星白虎
31965,,31965,圣马天冲
31972,,31972,夜羽银风
31974,,31974,战豪雄霸
31975,,31975,飓焰朱雀
31977,,31977,源
31978,,31978,防御水晶
31981,,31981,幽幻
31985,,31985,断空翼皇
31988,,31988,芒斩
31990,,31990,光分身
31993,,31993,术士加比
31999,,31999,创世星灵
32010,,32010,皇极兔
32016,,32016,奇纳
32020,,32020,无念
32023,,32023,龙·帝卡
32026,,32026,菲洛
32027,,32027,裂空菲洛
32033,,32033,风暴龙
32035,,32035,未来分身
32049,,32049,艾恩
32050,,32050,煌炎战神
32054,,32054,虎跃
32061,,32061,魔小兵
32062,,32062,魔大将
32064,,32064,斗士豪达
32066,,32066,盼达博士
32076,,32076,天极鲸
32080,,32080,龙·冰罗皇
32082,,32082,剑帝修纳
32085,,32085,烈魄
32090,,32090,圣域·幻雷
32093,,32093,魔多
32101,,32101,狂狮
32114,,32114,龙·斗罗明王
32124,,32124,神盾巨人
32125,,32125,狂战巨人
32128,,32128,骇客小黑
32137,,32137,数码巨人
32140,,32140,暗黑分身
32150,,32150,万王圣麒麟
32156,,32156,贪狼之魂
32160,,32160,神照修罗王
32161,,32161,神照修罗王
32173,,32173,巨门之灵
32179,,32179,魂王天使雷米
32180,,32180,魂王天使雷米
32184,,32184,禄存之魂
32189,,32189,神焰天使乌利
32190,,32190,神焰天使乌利
32193,,32193,圣龙·天伊
32194,,32194,圣龙·天伊
32200,,32200,黯天凯撒皇
32201,,32201,黯天凯撒皇
32203,,32203,白皇星焰
32204,,32204,白皇星焰
32205,,32205,炽魂帝吉拉
32206,,32206,炽魂帝吉拉
32213,,32213,文曲
32215,,32215,幻尊星瞬
32216,,32216,幻尊星瞬
32217,,32217,极武兔皇
32218,,32218,极武兔皇
32219,,32219,冰魄灵白虎
32220,,32220,冰魄灵白虎
32224,,32224,龙皇辉斗
32225,,32225,龙皇辉斗
32227,,32227,暗行罗刹
32228,,32228,神谕阿波罗
32229,,32229,神谕阿波罗
32233,,32233,凌天霸青龙
32234,,32234,凌天霸青龙
32236,,32236,廉贞
32239,,32239,天天
32244,,32244,雷焰凤凰
32254,,32254,魄月武皇
32256,,32256,红莲羽朱雀
32257,,32257,红莲羽朱雀
32260,,32260,雀皇紫辰
32262,,32262,武曲之魂
32270,,32270,起源
32278,,32278,瑶光
32285,,32285,天尊圣龙
32286,,32286,天尊圣龙
32295,,32295,天启英灵
32303,,32303,梵天
32306,,32306,幽冥影刃
32318,,32318,幽之化身
32328,,32328,夜灵
32330,,32330,贝光精灵
32333,,32333,骑士杰洛
32349,,32349,数码太古帝卡
32351,,32351,御圣·天麟
32354,,32354,皇犽
32360,,32360,骑士奇克
32362,,32362,杰诺斯
32364,,32364,满月族长老
32366,,32366,绿瞳兽
32367,,32367,赤霄狼王
32368,,32368,赤霄狼王
32378,,32378,超水精灵
32379,,32379,超火精灵
32380,,32380,超木精灵
32387,,32387,上古星龙
32390,,32390,超数码精灵
32391,,32391,超龙星诺
32401,,32401,超巨岩
32402,,32402,超圣光
32405,,32405,超电精灵
32407,,32407,超土精灵
32412,,32412,噬心黑龙
32414,,32414,伍德
32418,,32418,钢铁先锋
32422,,32422,天焰菲尔
32427,,32427,月神
32428,,32428,炎帝
32433,,32433,奥金
32439,,32439,弑神者兰斯洛
32440,,32440,星魔
32443,,32443,轩辕奇灵
32444,,32444,圣·帝伊
32449,,32449,雷怒青龙
32455,,32455,滔天白虎
32459,,32459,多米纳特
32461,,32461,卖萌羊
32464,,32464,大白
32468,,32468,鬼杀布莱克
32470,,32470,百变愚人盒
32474,,32474,史昂
32486,,32486,Zeta
32493,,32493,东皇天
32499,,32499,樱花大怪
32501,,32501,东皇道
32503,,32503,影道喵
32506,,32506,焚炙朱雀
32507,,32507,小阴
32508,,32508,小阳
32509,,32509,太二
32511,,32511,东皇无分身
32515,,32515,特防幻影
32517,,32517,东皇极
32522,,32522,天宇圣龙
32524,,32524,灼格
32526,,32526,阿牧牧
32528,,32528,艾玛
32531,,32531,烈阳火凤
32534,,32534,妖刀斩日
32536,,32536,星大将
32538,,32538,杰士
32543,,32543,冥剑断月
32545,,32545,逍遥
32549,,32549,游乐百变盒
32557,,32557,幽隐夜刃
32559,,32559,战场幽灵
32561,,32561,孙悟空
32562,,32562,幻·破炎
32563,,32563,幻·御流
32564,,32564,幻·绝雷
32566,,32566,破宇暴龙
32571,,32571,龙太郎
32577,,32577,暗煞魔龙王
32587,,32587,圣天使莱特
32590,,32590,乾坤修罗神
32591,,32591,东皇太一
32593,,32593,疾地
32595,,32595,阴
32597,,32597,大力神将
32603,,32603,超念
32608,,32608,青鸾
32611,,32611,坚韧天帝龙皇
32618,,32618,堕天凯撒帝
32623,,32623,阳
32627,,32627,战神瑞斯
32632,,32632,战武雄·曹操
32636,,32636,天道无极
32637,,32637,天道无极
32645,,32645,混沌凶兽
32646,,32646,八荒混沌
32651,,32651,幻刃米奥
32652,,32652,莎莎女王
32655,,32655,和平使者
32657,,32657,普利森
32662,,32662,噬炎月战神
32664,,32664,神威吕布
32669,,32669,圣耀阿波罗
32670,,32670,神·幻尊星瞬
32671,,32671,神·白皇星焰
32675,,32675,炽尊狼王
32679,,32679,维托尔
32681,,32681,天鹰雨果
32689,,32689,神·雀皇紫辰
32693,,32693,炽狱吉拉
32694,,32694,武魂兔皇
32696,,32696,神冰·玄皇
32700,,32700,威虎但丁
32701,,32701,神·龙皇升魂
32707,,32707,尤里
32710,,32710,神·梵天
32711,,32711,幻舞貂婵
32714,,32714,超源·水
32721,,32721,格雷夫
32724,,32724,歌德
32725,,32725,狂鲨歌德
32729,,32729,暗夜幽兰
32730,,32730,魔君夜王
32741,,32741,神羽奥天
32744,,32744,德力斯
32758,,32758,奈瑟斯
32760,,32760,拜伦
32764,,32764,森罗可兰
32771,,32771,神迹圣天伊
32774,,32774,笑面的小丑
32777,,32777,神迹冰罗皇
32778,,32778,神迹冰罗皇
32779,,32779,神迹冰罗皇
32780,,32780,神迹冰罗皇
32781,,32781,神迹冰罗皇
32786,,32786,神迹帝卡
32791,,32791,自由之神
32792,,32792,自由之神
32794,,32794,圣冕麒麟
32801,,32801,龙太子
32807,,32807,神迹炎王
32811,,32811,神迹炎王
32814,,32814,炽寒天凤
32820,,32820,神迹明王
32823,,32823,天煞穷奇
32835,,32835,守山怪
32845,,32845,哉
32850,,32850,鬼冥冴
32854,,32854,妖王冽
32859,,32859,白无冴
32865,,32865,日月战武神
32867,,32867,女娲
32897,,32897,创世星神
32899,,32899,摄魂幽灵
32901,,32901,麦迪文
32910,,32910,龙王敖兴
32924,,32924,真言诺亚
32925,,32925,辰辰
32926,,32926,暗夜辰星
32931,,32931,神迹波塞冬
32932,,32932,圣堂伯爵
32935,,32935,麟儿
32936,,32936,浮云大圣
32937,,32937,三界弑神
32941,,32941,帝女夙
32961,,32961,天神白·蓬
32963,,32963,天神劫
32964,,32964,帝天麟
32965,,32965,帝天麟
32966,,32966,乐天童心
32970,,32970,哈迪斯
32980,,32980,魔域星君
32991,,32991,兰陵王
32994,,32994,冥夜君狼王
32997,,32997,蓝羽戮
32998,,32998,白翼御天使银
33001,,33001,六翼堕天使戮
33015,,33015,轩辕
33016,,33016,金翼炽天使K
33028,,33028,天使王·完全体
33030,,33030,乾坤修罗神·完全体
33034,,33034,孔秀
33035,,33035,神迹圣天伊·完全体
33036,,33036,轩辕奇灵·完全体
33040,,33040,东皇太一·完全体
33042,,33042,八尾
33046,,33046,战火之王
33047,,33047,神农·完全体
33048,,33048,女娲·完全体
33049,,33049,轩辕·完全体
33051,,33051,盘古·完全体
33058,,33058,神獠月
33065,,33065,堕天凯撒帝·完全体
33068,,33068,归零者·完全体
33069,,33069,小黑翼王
33074,,33074,黑翼王
33075,,33075,黑翼王·完全体
33079,,33079,貘·完全体
33080,,33080,神迹炎王·完全体
33083,,33083,旱魃·语尘分身
33084,,33084,天焰菲尔·完全体
33085,,33085,宙斯·完全体
33087,,33087,战火之王·完全体
33089,,33089,无冕之王·潜
33090,,33090,无冕之王·完全体
33092,,33092,幻象梦魇
33093,,33093,雷怒青龙·完全体
33094,,33094,滔天白虎·完全体
33095,,33095,焚炙朱雀·完全体
33097,,33097,炎天·完全体
33099,,33099,猩猩队长
33100,,33100,日月战武神·完全体
33101,,33101,天宇圣龙·完全体
33103,,33103,神羽奥天·完全体
33104,,33104,神迹帝卡·完全体
33106,,33106,幻星狼神
33110,,33110,Zeta·完全体
33112,,33112,御星痕
33114,,33114,天帝龙皇·完全体
33115,,33115,上古星龙·完全体
33124,,33124,伏羲·完全体
33125,,33125,超源·完全体
33127,,33127,无忧
33131,,33131,鬼墨小怪
33138,,33138,鬼墨无虑
33144,,33144,圣修暗凯帝
33145,,33145,圣修暗凯帝·完全体
33156,,33156,鬼墨无忧·完全体
33157,,33157,千机变
33160,,33160,阿修罗·完全体
33162,,33162,天吟降龙
33165,,33165,森罗可兰·完全体
33166,,33166,守
33167,,33167,神迹冰罗皇·完全体
33168,,33168,冥夜君狼王•完全体
33172,,33172,龙吟守·完全体
33173,,33173,龙吟守·完全体
33176,,33176,传奇圣天伊
33177,,33177,黄金传奇圣天伊
33178,,33178,传奇神龙
33180,,33180,传奇阿波罗
33184,,33184,镇星女神
33186,,33186,兵神韩信
33187,,33187,传奇Zeta
33188,,33188,传奇哈迪斯
33190,,33190,雪无冰姬
33191,,33191,传奇冰雪女皇
33192,,33192,雪无寒灵
33193,,33193,传奇阴
33194,,33194,传奇阳
33196,,33196,传奇天道无极
33198,,33198,烛龙
33200,,33200,黯天凯撒皇
33201,,33201,传奇波鲁
33202,,33202,传奇莎莎
33203,,33203,传奇米奥
33205,,33205,天元夜神
33207,,33207,传奇月神
33210,,33210,御星璃
33211,,33211,煌
33214,,33214,洪荒王之影
33215,,33215,传奇烈焰凤凰
33216,,33216,传奇奇灵王
33217,,33217,传奇圣冕麒麟
33218,,33218,传奇龙太子
33220,,33220,传奇梅卡
33222,,33222,传奇雷帝神
33223,,33223,传奇奥天
33224,,33224,传奇炎帝
33225,,33225,传奇张飞
33226,,33226,天命
33227,,33227,传奇黑炎龙
33229,,33229,宿命
33230,,33230,命运之神
33232,,33232,帝姬白浅
33234,,33234,传奇黑翼王
33235,,33235,塔罗
33237,,33237,影月
33238,,33238,传奇星魔
33239,,33239,审判之神
33241,,33241,嬴政
33242,,33242,传奇星龙
33244,,33244,界
33245,,33245,传奇宙斯
33248,,33248,镜
33249,,33249,传奇东皇太一
33251,,33251,诅咒之神
33254,,33254,传奇归零者
33256,,33256,智慧王
33257,,33257,传奇自由之神
33258,,33258,枪神赵子龙
33259,,33259,传奇凯撒帝
33261,,33261,传奇孙悟空
33263,,33263,二郎神杨戬
33264,,33264,毁灭之神
33265,,33265,传奇妖王冽
33266,,33266,传奇源
33267,,33267,传奇修罗神
33270,,33270,永生·毁灭之神
33271,,33271,传奇刘备
33272,,33272,传奇曹操
33273,,33273,传奇孙权
33274,,33274,传奇夜王
33277,,33277,怒·分身
33280,,33280,力量·轮回之神
33282,,33282,传奇炽天使K
33284,,33284,传奇冰晶凤凰
33285,,33285,传奇炽寒天凤
33287,,33287,阎罗
33288,,33288,传奇天使王
33289,,33289,传奇无冕之王
33290,,33290,木桩
33293,,33293,NO.520
33294,,33294,小浣
33295,,33295,传奇终结兔
33298,,33298,力量王
33300,,33300,传奇古渊露龙
33302,,33302,枪神王
33304,,33304,传奇日月战武神
33309,,33309,传奇念
33311,,33311,暗黑传奇圣天伊
33313,,33313,传奇八岐龙吟
33318,,33318,传奇可兰
33320,,33320,传奇白虎
33321,,33321,吞天饕餮
33322,,33322,传奇明王
33324,,33324,始祖巨龙
33326,,33326,传奇朱雀
33327,,33327,魔神吕布
33328,,33328,洪荒无极
33331,,33331,万灵王
33333,,33333,传奇青龙
33334,,33334,传奇玄武
33339,,33339,传奇鬼墨无忧
33341,,33341,传奇冥夜君狼王之影
33344,,33344,始祖影龙
33347,,33347,传奇盘古
33352,,33352,传奇帝皇龙
33353,,33353,传奇关羽
33354,,33354,传奇菲尔
33357,,33357,方块K·托尔贝恩
33359,,33359,传奇炎王
33363,,33363,梅花K·纳兹戈林
33365,,33365,传奇战火之王
33366,,33366,始祖炎龙
33368,,33368,始祖冰龙
33371,,33371,传奇圣修暗凯帝之影
33372,,33372,始祖翼龙
33373,,33373,始祖光龙
33375,,33375,龍
33377,,33377,六龙圣王
33378,,33378,传奇貘
33380,,33380,[王者羁绊]圣天伊
33381,,33381,[远古精灵王]伊撒尔
33384,,33384,[斗转星移]智慧王
33385,,33385,[神之九尾]玉藻皇
33387,,33387,[太阴]幽荧
33388,,33388,[远古大妖]大天狗
33390,,33390,[太阳]烛照
33392,,33392,[火神]祝融之影
33396,,33396,[诸神之父]奥丁大帝
33399,,33399,[逢魔之约]阴阳
33402,,33402,[雷霆主宰]风暴龙
33403,,33403,[天罪弑神者]兰斯洛
33404,,33404,[鬼族之王]酒吞龙泉
33405,,33405,[天启堕神王]梵天
33406,,33406,[未来精灵王]梵天
33408,,33408,[亘古鸿蒙]力量王之影
33409,,33409,[天道守护]东皇太一
33412,,33412,[黄帝]轩辕
33414,,33414,[黄泉大神]伊邪那美之影
33416,,33416,[阴阳总帅]晴明
33417,,33417,[破坏神]须佐之男
33423,,33423,[金翅神]迦楼罗
33424,,33424,[万王加冕]圣王麒麟
33425,,33425,[上古月神]神武月
33427,,33427,[太阳神]阿波罗
33428,,33428,[上古炎帝]战无炎
33429,,33429,[一代宗师]奇灵王
33430,,33430,[火之精灵王]菲尔
33431,,33431,[青莲剑仙]李白
33433,,33433,[永夜君主]夜王
33434,,33434,[永夜公主]夜兰
33435,,33435,[白灵圣君]狼王
33436,,33436,[沙影谍王]阿里巴巴
33437,,33437,[神之使者]阿努比斯
33438,,33438,[宇宙秩序]毗湿奴
33441,,33441,[狗界大佬]柴哥
33443,,33443,[神机妙算]诸葛亮
33446,,33446,[七十二柱]所罗门王
33453,,33453,[众灵初始]通灵王
33454,,33454,[星界霸主]上古星龙
33456,,33456,[星神十三宫]星魔
33458,,33458,[逢魔之约]阴阳（圣灵）
33462,,33462,[冥主]哈迪斯
33463,,33463,[神王]宙斯
33465,,33465,[浴火重生]烈焰凤凰
33466,,33466,[希望之神]奥天
33468,,33468,[冰火涅槃]炽寒天凤
33469,,33469,[龙族至尊]帝皇龙
33470,,33470,[白垩传说]青翼龙王
33472,,33472,[火元素]修罗
33474,,33474,[圣堂祭祀]夕颜
33476,,33476,[齐天大圣]孙悟空
33479,,33479,[圣堂刺客]半夏
33480,,33480,[恶魔之子]凯撒
33481,,33481,[绝界剑主]苏铁
33482,,33482,[圣堂之主]舜华
33483,,33483,[傲慢与偏见]归零者
33486,,33486,[战争与和平]自由之神
33491,,33491,[神行谍影]黑翼王
33492,,33492,[海洋女神]忒提丝
33493,,33493,[光暗传说]圣修暗凯帝
33495,,33495,[无尽神兵]银
33496,,33496,[无限魔枪]黑
33497,,33497,[梦想为王]猪苗苗
33498,,33498,[灭世魔焰]黑炎龙
33503,,33503,[智慧女神]雅典娜
33504,,33504,[万物之始]源
33506,,33506,[星际女警]安娜
33507,,33507,[世界蛇]耶梦加得之影
33508,,33508,[最初的梦想]古渊露龙
33510,,33510,[应汝之愿]天使王
33511,,33511,[应汝之愿]天使王
33515,,33515,[最初的梦想]古渊露龙
33517,,33517,[黑客帝国]诺亚
33521,,33521,[神兵]帝刃
33523,,33523,[绝地求生]枪神王
33526,,33526,[纵横捭阖]无冕之王
33527,,33527,[武绝苍穹]貘幻影
33534,,33534,[最初的希望]终结兔
33535,,33535,[最初的希望]终结兔
33537,,33537,{天道阳极]阳
33538,,33538,[纵横捭阖]无冕之王
33541,,33541,[开天辟地]盘古
33542,,33542,[开天辟地]盘古
33543,,33543,[洪荒王]御星煌
33546,,33546,[天使之恋]莱特&若希
33548,,33548,{天道阴极]阴
33553,,33553,[睡美人]夏娃
33554,,33554,[最初的热血]魔焰吉拉
33555,,33555,[最初的热血]魔焰吉拉
33557,,33557,[木之精灵王]可兰
33558,,33558,[寒冰王座]白虎
33559,,33559,[悬顶之剑]该隐
33560,,33560,[悬顶之剑]该隐
33561,,33561,[天选之王]亚当
33562,,33562,[天选之王]亚当
33563,,33563,[雷霆之怒]青龙
33564,,33564,[灵兽宫主]苍穹圣龙
33565,,33565,[不动如山]玄武
33566,,33566,[四象归一]万灵王
33571,,33571,[烈焰红莲]朱雀
33572,,33572,苍穹之王者天刃
33573,,33573,苍穹之王者圣符
33574,,33574,苍穹之王者龙盾
33575,,33575,苍穹之王者神翼
33576,,33576,[天下第一龙]龍
33577,,33577,[玄音神]乾达婆
33579,,33579,[冰封的思念]尤莱亚
33580,,33580,[水之精灵王]梅卡
33581,,33581,[天地复初]乾坤
33582,,33582,[天地复初]乾坤
33583,,33583,[天道主宰]乾坤
33584,,33584,[天道主宰]乾坤
33587,,33587,[克敌机先]天枢影
33588,,33588,[天地玄黄]洪荒无极
33589,,33589,[洪荒王]御星煌
33590,,33590,[洪荒之主]御星璃
33592,,33592,[伍心开阳]姬如意
33593,,33593,[伍心开阳]姬如意
33594,,33594,[神鹤凤翎]天神白
33595,,33595,[帝魔凰权]帝女夙
33599,,33599,[冥夜千机]鬼墨无忧
33602,,33602,灵天释
33603,,33603,灵天释
33604,,33604,[玉衡金仙]灵天释
33605,,33605,[玉衡金仙]灵天释
33606,,33606,[纯血妖王]冽
33608,,33608,[星现万物]王者智慧王
33609,,33609,[九重天主]东华帝君
33610,,33610,[剑化阴阳]钧天
33613,,33613,[天之骄女]九天玄女
33617,,33617,[执掌天权]御渊
33618,,33618,[执掌天权]御渊
33620,,33620,[时间法则]王者伊撒尔
33623,,33623,[无畏兵神]韩信
33624,,33624,[无畏兵神]韩信
33625,,33625,[无敌斗尊]龙皇辉斗
33629,,33629,[万界天枢]紫璇
33630,,33630,[万界天枢]紫璇
33633,,33633,[王者羁绊]圣天伊
33636,,33636,[天玑天璇]重楼
33637,,33637,[元素审判]玄皇耀凌
33641,,33641,[御日月缔时光]羲和
33646,,33646,[天启之光]通灵梵天
33653,,33653,[幻灵灭杀]幻无极
33654,,33654,[五虎蛇吞海]张飞
33655,,33655,[八部天龙]龙太子
33656,,33656,[天命七星]神兵圣王
33663,,33663,罗睺
33664,,33664,[神爱世人]王者天使王
33665,,33665,[冰雪奇缘]绝界欧若拉
33666,,33666,[生死予夺]九曜
33668,,33668,[王启诸灵]王者通灵王
33670,,33670,[大道至臻]天命王
33671,,33671,[大道至臻]天命王
33672,,33672,[王之冕]英雄圣王麒麟
33673,,33673,[王之冕]英雄圣王麒麟
33674,,33674,[神谕之光]绝界阿波罗
33678,,33678,[五虎鹏偃月]关羽
33683,,33683,[天焰至尊]王者菲尔
33684,,33684,[天蓬元帅]猪八戒
33690,,33690,[神帝]圣体日月战武神
33691,,33691,[神帝]圣体日月战武神
33692,,33692,[梦回太古]姜子牙
33693,,33693,[五虎龙震天]王者赵云
33694,,33694,[五虎凤燎原]马超
33695,,33695,[五虎凤燎原]马超
33697,,33697,[月亮女神]阿尔忒弥斯
33698,,33698,[月桂女神]达芙妮
33699,,33699,[月桂女神]达芙妮
33706,,33706,[贪婪之罪]神秘战无炎
33708,,33708,[圣域曙光]圣体奥天
33709,,33709,[圣域曙光]圣体奥天
33710,,33710,[五虎鹰击空]黄忠
33716,,33716,[星神主]绝界上古星龙
33719,,33719,[蜀汉天尊]刘备
33720,,33720,[五虎鹏偃月]关羽（五虎）
33729,,33729,[扶桑至高神]伊邪那氏
33730,,33730,[扶桑大神]伊邪那岐
33731,,33731,[黄泉大神]伊邪那美
33739,,33739,[空间羁绊]超维圣天伊
33740,,33740,[空间法则]超维伊撒尔
33743,,33743,[唯我独尊]超维帝皇龙
33746,,33746,[龙族起源]龙母
33754,,33754,[万物生辉]王者可兰
33767,,33767,[堕怠之罪]大妖神武月
33769,,33769,[八荒战神]英雄东皇太一
33770,,33770,[八荒战神]英雄东皇太一
33776,,33776,[天地起源]超维盘古
33777,,33777,[人族起源]女娲
33781,,33781,[亚特兰蒂斯]通灵亚当
33787,,33787,[傲慢之罪]嗜血狼王
33788,,33788,[傲慢之罪]嗜血狼王
33790,,33790,[众神天罚]超维宙斯
33794,,33794,[天地道无极]双生乾坤
33795,,33795,[天道主宰]乾坤
33796,,33796,[天地复初]乾坤
33800,,33800,[无界无序无限]时空王
33804,,33804,[轮回法则]灵魂伊撒尔
33807,,33807,[轮回羁绊]灵魂圣天伊
33810,,33810,[黑白相生]灵魂奇灵王
33811,,33811,[色欲之罪]暴君凯撒
33812,,33812,[嫉妒之罪]黯帝修罗
33815,,33815,[远古意志]智慧力量王（个体）
33818,,33818,[一发入魂]灵魂枪神王
33821,,33821,[深藏功与名]通灵无冕之王
33825,,33825,[武霸天下]灵魂貘
33831,,33831,[暗影之夜]绝界黑翼王
33838,,33838,[愤怒之罪]命运伊撒尔
33845,,33845,[天国咏唱]命运天使王
33847,,33847,[地狱孤影]命运念
33849,,33849,[浩海之主]王者梅卡
33853,,33853,[斩魔妖刀]曰
33855,,33855,[魔神王]以撒
33856,,33856,[七宗罪]通灵伊撒尔
33871,,33871,[未来王座]超维梵天
33875,,33875,[傲睨万物]超维源
33876,,33876,[豆蔻年华]绝界弗丽嘉
33877,,33877,[秩序起源]神启·乾坤
33878,,33878,[秩序神女]洛洛离（神启者）
33880,,33880,[秩序神女]洛洛离
33885,,33885,[全知全能]命运奥丁大帝
33886,,33886,[至高神权]通灵奥丁大帝
33898,,33898,[欲望与苦难]命运所罗门王
33903,,33903,[自然起源]神启·盖亚
33904,,33904,[自然灵女]薇薇安（神启者）
33907,,33907,[绝望龙神]尼德霍格
33909,,33909,{不朽星神]超维智慧王
33914,,33914,[终极合体]王牌战队
33917,,33917,[大道轮回]灵魂天命王
33918,,33918,混沌精灵
33921,,33921,[混沌起源]神启·卡奥斯
33922,,33922,[混沌魔女]莉莉丝（神启者）
33923,,33923,星辉时代·圣天伊
33924,,33924,星辉时代·黄金圣天伊
33925,,33925,星辉少女·小熊座
33926,,33926,辉煌城主·天龙座
33928,,33928,救世天幕·时空王
33930,,33930,绯红女王·大熊座
33932,,33932,天穹之君·仙王座
33933,,33933,星宇之姬·仙后座
33936,,33936,自由女王·拜伦
33937,,33937,末世樱剑舞·千夏
33941,,33941,宇之终始星之诞灭·银河
33942,,33942,光翼缔造者·创世星灵
33946,,33946,神之战鳞·枪魂应龙
33947,,33947,神之皇鳞·剑魂白泽
33948,,33948,神之帝鳞·扇魂毕方
33949,,33949,神之圣鳞·镜魂青鸾
33950,,33950,无双剑意·剑帝修纳
33951,,33951,芳绯初樱·欧若拉
33952,,33952,天灾统领·巫妖王
33953,,33953,末世红镰闪·希尔瓦娜斯
33954,,33954,春晖神女·可兰
33957,,33957,帅徐坤
33958,,33958,神之审判·白天使王
33959,,33959,魔之禁锢·黑天使王
33960,,33960,花晨月夕·洛羲
33963,,33963,魔王·撒旦
33964,,33964,天使恶魔·米迦勒x路西法
33965,,33965,天使恶魔·米迦勒x路西法
33966,,33966,万王天谕·圣王麒麟
33967,,33967,万事如意·锦毛鼠
33975,,33975,万世龙尊·帝皇龙
33976,,33976,仁者无敌·湛卢的幻影
33979,,33979,真炎神君·菲尔
33980,,33980,四灵之主·苍穹圣龙
33981,,33981,东方灵兽·青龙
33982,,33982,南方灵兽·朱雀
33983,,33983,开天地创净土·盘古
33984,,33984,西方灵兽·白虎
33988,,33988,皆归四象·万灵王
33989,,33989,大暗黑·天
33990,,33990,无烬噩梦·伊撒尔
33991,,33991,圣光守护·超时空王
33992,,33992,威震天下·太阿的幻影
33995,,33995,伊邪那氏·那美x那岐
33996,,33996,伊邪那氏·那美x那岐
33997,,33997,森林之息·花冠公主的幻影
33999,,33999,第一真祖·黑翼王
34000,,34000,覆天之影·黑翼王
34003,,34003,百花绽·春分
34004,,34004,万神之王·宙斯
34005,,34005,万冥之主·哈迪斯
34006,,34006,雨纷纷·清明
34008,,34008,主天道御天下·乾坤
34009,,34009,四界共主·乾坤
34010,,34010,醉红颜·洛洛离（神启者）
34011,,34011,醉红颜·洛洛离
34017,,34017,知时节·雨水的幻影
34020,,34020,大道独行·天命王
34021,,34021,春光晓·谷雨
34024,,34024,龙诫诸天·阿修罗
34025,,34025,轮回溯梦·伊撒尔
34026,,34026,天启神君·梵天
34029,,34029,神国之主·奥丁大帝的幻影
34030,,34030,太极生两仪·东皇太一
34031,,34031,[狩猎者]东皇太一
34033,,34033,菩提本无树·瑠璃的幻影
34034,,34034,圣道御天·轩辕夏禹
34036,,34036,未来计划·黯帝修罗
34037,,34037,未来计划·暴君凯撒
34041,,34041,源水风暴·梅卡
34042,,34042,星尊裁决·上古星龙
34043,,34043,未来计划·嗜血狼王
34044,,34044,正当时·小满的幻影
34046,,34046,龙魂永曜·龍
34047,,34047,须弥天帝·帝释天的幻影
34048,,34048,未来计划·噬魂夜王
34050,,34050,破虚空衍群龙·龙母
34051,,34051,万龙之上·至高龙尊
34052,,34052,尊贵无双·纯钧
34053,,34053,惊鸿逐月·李白
34055,,34055,万龙之上·至高龙尊
34056,,34056,命运
34058,,34058,谷满尖·芒种的幻影
34060,,34060,星辰造世·奇灵王
34061,,34061,混元合一·奇灵王
34062,,34062,智慧希望·密涅瓦x潘多拉
34063,,34063,智慧希望·密涅瓦x潘多拉
34064,,34064,空间魂梦·伊撒尔
34066,,34066,未来计划·大妖神武月
34067,,34067,荷满塘·夏至
34070,,34070,造自然耀万物·盖亚
34071,,34071,万灵永恒·盖亚
34072,,34072,花间序·薇薇安（神启者）
34073,,34073,花间序·薇薇安
34075,,34075,光明之神·阿波罗
34076,,34076,统御四海·敖兴
34078,,34078,绝对时空法则·王者时空王
34079,,34079,无限星空·智慧王
34083,,34083,天堂创世之光·王者天使王
34084,,34084,无限神力·力量王
34088,,34088,时间故梦·王者伊撒尔
34089,,34089,超感猎手·枪神王
34090,,34090,血狱魔躯·赤色梦魇
34092,,34092,塔
34093,,34093,武绝凌天·貘
34095,,34095,相伴十载·初心未来的幻影
34102,,34102,傲凡尘启仙灵·女娲
34107,,34107,仙官相·哪吒
34109,,34109,十年の热血·魔焰吉拉的幻影
34113,,34113,未来计划·日月战武神
34114,,34114,未来计划·日月战武神
34115,,34115,通天神威·王者孙悟空
34117,,34117,十年の梦想·古渊露龙
34119,,34119,扉之光时之晖·王者羲和
34121,,34121,十年の希望·终结兔的幻影
34127,,34127,GOD·无冕之王
34128,,34128,节制
34129,,34129,英霸之气·诸葛亮
34132,,34132,恶魔
34133,,34133,斗篷人·奈亚
34134,,34134,远古精灵王·伊撒尔
34135,,34135,曙色幽·白露
34138,,34138,星河御月之流辉·望舒
34139,,34139,忘川临世·鬼墨无忧
34141,,34141,魔术师
34147,,34147,桂盈梢·秋分的幻影
34151,,34151,皇帝
34152,,34152,审判之枪·奥丁大帝
34153,,34153,神国天后·弗丽嘉
34154,,34154,教皇
34155,,34155,教皇
34156,,34156,妖相百斩·洪荒无极
34157,,34157,未来计划·圣修暗凯帝
34158,,34158,未来计划·圣修暗凯帝
34166,,34166,伐天堕神·刑天
34167,,34167,鹿鸣仙风·姜子牙
34168,,34168,晓霜重·寒露
34170,,34170,未来计划·冥夜君狼王
34171,,34171,未来计划·冥夜君狼王
34173,,34173,金蕊繁·霜降的幻影
34174,,34174,十殿阎罗·地藏王
34175,,34175,第二真祖·SP露易丝
34176,,34176,飘渺绝尘·七星龙渊的蜃影
34179,,34179,众神の意志·王者宙斯
34182,,34182,神谕天佑·圣王麒麟
34186,,34186,女祭司
34191,,34191,终极未来计划·王牌战队
34193,,34193,彼岸永望·孟婆
34196,,34196,菩提本无树·SP瑠璃
34197,,34197,踏阙飞影·鱼肠的幻影
34198,,34198,琴语轻·小雪
34199,,34199,乱世英豪·吕布
34200,,34200,一曲相思意·貂蝉
34204,,34204,帝刹穹天·至高龙尊
34206,,34206,吾即太阳·阿波罗
34207,,34207,月冕之曜·阿尔忒弥斯
34210,,34210,辉耀万世之光·阿波罗
34211,,34211,幽径拾光·达芙妮（神启者）
34212,,34212,幽径拾光·达芙妮
34215,,34215,神枪镇山河·韩信
34216,,34216,照世之澜·梅卡
34217,,34217,虚数重构·黛依
34218,,34218,盼佳节·冬至
34228,,34228,天启新篇·梵天的幻影
34229,,34229,生命礼赞·可兰
34233,,34233,零阶·愚者
34236,,34236,逆理·世界
34238,,34238,无畏·战车
34239,,34239,龙海云荒·龙太子
34240,,34240,龙海云荒·龙太子
34241,,34241,寄芳思·小寒
34245,,34245,裂穹之斩·龙刃的幻影
34246,,34246,痴之鬼
34247,,34247,无烬噩梦·传说伊撒尔
34248,,34248,豫州战神
34249,,34249,花晨月夕·传说洛羲
34254,,34254,天使恶魔·SP米迦勒x路西法
34255,,34255,天使恶魔·SP米迦勒x路西法
34256,,34256,崩坏·天使王
34258,,34258,禁锢审判·传说天使王
34259,,34259,群星璀璨穹宇之巅·银河
34260,,34260,冀州战神
34264,,34264,灰烬熔芯·胜遇
34266,,34266,地隐微澜·小锦鲤
34267,,34267,牛气冲天·牛魔王的幻影
34276,,34276,天与海的誓言·梦
34279,,34279,鸾歌凤鸣·烈焰凤凰
34280,,34280,玄鹤游方·翎（神启者）
34281,,34281,玄鹤游方·翎
34282,,34282,荆州战神
34290,,34290,第三识·幻像
34292,,34292,绝望·尼德霍格
34293,,34293,圣剑之佑·白羽公主
34294,,34294,三皇圣祖·伏羲
34295,,34295,逆天·孙悟空
34297,,34297,罔相仪形·蜃龙
34305,,34305,华夏始祖·轩辕
34306,,34306,救世天幕·传说时空王
34307,,34307,百药先祖·神农
34308,,34308,育灵天地间·王者女娲
34310,,34310,云墨苍生·玄霄
34313,,34313,日月曜重光·盘古
34314,,34314,后土圣女·岁岁祈（神启者）
34315,,34315,后土圣女·岁岁祈
34316,,34316,开天启明之圣·盘古
34322,,34322,轮回溯梦·传说伊撒尔
34327,,34327,大道独行·SP天命王
34329,,34329,全知·律
34335,,34335,权御万界·天帝昊天
34337,,34337,恶业轮回·魔君夜渊
34342,,34342,第二识·幻像
34343,,34343,掌混沌终因果·卡奥斯
34351,,34351,黑蔷薇·莉莉丝（神启者）
34352,,34352,妖相百斩·SP洪荒无极
34353,,34353,应天·源
34355,,34355,星神誓约·星魔
34356,,34356,群星之怒·上古星龙
34357,,34357,瀚空碧海之辰·上古星龙
34358,,34358,星神誓约·星魔（神启者）
34363,,34363,希望龙神·厄尔庇斯
34364,,34364,苍雷怒涛·风暴龙
34366,,34366,末世幽火悯·赫菲斯托斯
34367,,34367,神域初晓之刻·王者龙母
34368,,34368,守径者怪物
34374,,34374,绝对水域·王者梅卡
34376,,34376,传世经典·景泰蓝
34383,,34383,潜龙在渊·帝皇龙
34384,,34384,神龙佑世·帝皇龙的幻影
34385,,34385,苍龙御天·帝皇龙
34387,,34387,传世经典·景泰蓝（神启者）
34391,,34391,冥夜瞬影·王者黑翼王
34396,,34396,武绝凌天·传说貘
34398,,34398,巨神撼世·骸
34400,,34400,一念无明·藏灵一
34403,,34403,雾山火行·闻人翊悬
34406,,34406,地龙天威·摩罗迦
34411,,34411,解构·王者世界
34412,,34412,尔等为臣·女帝
34418,,34418,旧约断罪书·撒迦利亚
34419,,34419,血色神灾·暗黑雷帝神
34420,,34420,苦具憎恚·嗔兽孔雀
34424,,34424,清辉朗月·王者望舒
34427,,34427,破晓棋局·无冕之王
34428,,34428,泰坦巨神王·普罗米修斯
34431,,34431,至高冠冕之谕·真理之后
34442,,34442,赤焰星芒·王者菲尔
34443,,34443,深潜者·克拉肯
34446,,34446,梦幻云端之忆·梦
34447,,34447,特别邀约·梦
34452,,34452,未来计划·传说日月战武神
34453,,34453,神诫·宙斯
34454,,34454,缠绕者·利维坦
34456,,34456,混沌之子·厄瑞玻斯
34457,,34457,深渊意志·拉莱耶
34463,,34463,轮回の终焉·奈亚
34464,,34464,深渊の呼唤·克希拉
34466,,34466,星辉羁绊·圣天伊
34470,,34470,空间魂梦·传说伊撒尔
34471,,34471,时光如汐·洛羲
34474,,34474,至圣不朽之勋·奥丁大帝
34475,,34475,神权规诫准则·吉尔伽美什
34476,,34476,浅樱铃音·欧若拉
34480,,34480,未来计划·传说圣修暗凯帝
34482,,34482,繁星流转宇宙生灭·银河
34484,,34484,暗物质创世母神·提亚玛特
34485,,34485,黎明神后·弗丽嘉
34486,,34486,星宇之噬·银河
34495,,34495,命运福音·亚当
34496,,34496,天国恩光·天使王
34497,,34497,逆转未来·光明英雄
34503,,34503,绿野扉光·王者可兰
34504,,34504,未来计划·传说冥夜君狼王
34507,,34507,圣祷安魂曲·露易丝
34508,,34508,白袍御无双·赵云
34514,,34514,夺命魔弹·枪神王
34516,,34516,苍月之剑·月下绯
34517,,34517,众生自然之灵·盖亚
34519,,34519,自然庇护·盖亚
34520,,34520,花之絮语·薇薇安
34521,,34521,长恨歌·杨玉环
34525,,34525,无垢幻境·白皇星焰
34526,,34526,残月烬灭·幻尊星瞬
34527,,34527,终极神威·王牌战队
34528,,34528,红颜傲骨·穆桂英
34530,,34530,燃愿之念·温妮
34537,,34537,诸邪无我·八岐龙吟
34538,,34538,龙啸奥义·龙皇辉斗
34541,,34541,咏春意千秋魂·奇灵王
34543,,34543,千秋武魂·咏春
34545,,34545,至诚之心·卡亚
34552,,34552,万古龙魂·龍
34553,,34553,朱染雀羽·雀皇紫辰
34566,,34566,引万意掌器界·阿赖耶识
34575,,34575,无量乐土·末那
34577,,34577,魔神之影·溃散
34582,,34582,横扫沧海·龙太子
34583,,34583,梅落神穹·乾坤
34584,,34584,魔神之影·异变
34591,,34591,我欲齐天·孙悟空
34592,,34592,魔神之影·割裂
34593,,34593,醉心梅开·洛洛离
34596,,34596,流云碧落日月之辉·羲和
34597,,34597,诸天万世我主浮沉·帝俊
34602,,34602,虎虎生威·寅抚
34611,,34611,熵寂·愚者
34616,,34616,星穹溯光苍生为棋·银河
34624,,34624,天与海的誓言·SP梦
34626,,34626,最强人类·无限
34627,,34627,青锋飒沓·鱼肠
34632,,34632,帝临山河·圣王麒麟
34633,,34633,瑞兽赐福·圣王麒麟
34634,,34634,噬神者·柏拉图
34639,,34639,英雄之火·菲尔
34640,,34640,海蒂拉玛
34643,,34643,虚空权能之神·格劳孔
34644,,34644,纯白之灾厄·海蒂拉玛
34648,,34648,灾厄救世主·海蒂拉玛
34654,,34654,天地开辟诸界降诞·盘古
34655,,34655,土·虚境领主
34659,,34659,轻云敝月众生随·女娲
34660,,34660,众生怒·阿赖耶识
34664,,34664,山海立万物生·女娲
34665,,34665,山海玄女·须须罗（神启者）
34667,,34667,山海玄女·须须罗
34668,,34668,冥道蚀骨·阿修罗
34674,,34674,剑挽沧溟·梅卡
34679,,34679,太阳神的庇护·阿波罗
34681,,34681,倾心月桂·达芙妮
34686,,34686,永远的精灵王·伊撒尔
34689,,34689,万界混沌之主·卡奥斯
34690,,34690,缱绻花吻·莉莉丝
34691,,34691,天道帝威·帝释天
34699,,34699,幽夜蝶舞·夜兰
34702,,34702,裂斩沧澜·帝皇龙
34703,,34703,荒宇独霸·帝皇龙
34709,,34709,纯白之羽·米迦勒
34710,,34710,漆黑之翼·路西法
34713,,34713,生命初始之章·龙母
34724,,34724,大道无形·天命王
34727,,34727,灼世辉光·烈焰凤凰
34728,,34728,火·虚境领主
34729,,34729,水墨行·翎
34734,,34734,泰坦神铠·骸
34736,,34736,不染尘·瑠璃
34741,,34741,太极化万象·东皇太一
34744,,34744,太极之源·太初
34752,,34752,臣服于我·女帝
34760,,34760,晞光的祈唤·王者羲和
34761,,34761,天神启示之光·天使王
34764,,34764,武霸寰宇·貘
34767,,34767,轮回誓约·无冕之王
34787,,34787,星辰无尽瀚星辉光·银河
34790,,34790,异星诡影·别西卜
34796,,34796,邃古凌苍·日月战武神
34799,,34799,秩序之子·昆仑
34800,,34800,秩序万界之柱·乾坤
34807,,34807,贤者的悲歌·L
34808,,34808,最后的贤者·艾蕾
34809,,34809,墩墩·艾蕾
34814,,34814,永恒裁决之枪·奥丁大帝
34816,,34816,断罪神灵之刻·吉尔伽美什
34818,,34818,极寒冰域·冰罗皇
34822,,34822,罪域裁决龙神·撒迦利亚
34823,,34823,乐海无忧·海忘忧
34826,,34826,万物新生的呼唤·可兰
34831,,34831,多元·愚者
34833,,34833,陨尘造物星神主·星尘
34840,,34840,重构·世界
34842,,34842,星神宫之主·上古星龙
34849,,34849,希望虹光·厄尔庇斯
34852,,34852,自然造物之柱·王者盖亚
34854,,34854,破灭龙音·龙族大法师
34858,,34858,邪心幻刃·念
34861,,34861,终极辉光·王牌战队
34865,,34865,万龙之主·至高龙尊
34866,,34866,光启精灵王-伊撒尔
34867,,34867,木之精灵王-可兰
34868,,34868,净化之光-拉克丝
34869,,34869,梦幻之光-罗塔纱
34870,,34870,水之精灵王-梅卡
34871,,34871,光启时代-圣天伊
34872,,34872,火之精灵王-菲尔
34874,,34874,暗月千面-艾琳
34875,,34875,守护之光-米垭
34879,,34879,神羽曙光-奥天
34880,,34880,重枪风暴-合金猛将
34881,,34881,圣窗余晖-米迦勒
34882,,34882,繁星余迹-路西法
34883,,34883,绝代兵神-韩信
34884,,34884,神峰圣护-山脉之魂
34890,,34890,幽冥主宰-哈迪斯
34891,,34891,怒海狂潮-金刚库巴
34892,,34892,猩红序曲-露易丝
34893,,34893,绿叶咆哮-棕叶战熊
34898,,34898,永恒源晶裁决之龙-阿卜苏
34899,,34899,生命使徒-瓦利
34900,,34900,灵魂使徒-卡莉
34901,,34901,力量使徒-烁厉
34902,,34902,时间使徒-诺栗
34904,,34904,天使圣音-姬露比
34909,,34909,寰宇鎏金星河入怀-银河
34910,,34910,灯笼精灵-秦始皇嬴政
34911,,34911,无我之境-力量王
34916,,34916,灯笼精灵-愚者
34917,,34917,福瑞降人间-圣王麒麟
34920,,34920,灯笼精灵-羲和
34921,,34921,GOD-无冕之王
34922,,34922,GOD-无冕之王
34923,,34923,解构万物之眼-赫耳墨斯
34924,,34924,解构万物之眼-赫耳墨斯
34925,,34925,执掌因果万世轮回-帝俊
34926,,34926,瑞兔赐福-卯小兔
34927,,34927,浮生浮灭万意恒常-阿赖耶识
34939,,34939,旃檀功德-唐三藏
34940,,34940,齐天大圣-孙悟空
34941,,34941,德安万世-唐太宗李世民
34942,,34942,天蓬元帅-猪八戒
34945,,34945,灯笼精灵-梦
34946,,34946,众生乐土万灵随行-末那
34947,,34947,海枯之心-白京京
34952,,34952,谪仙剑无双-李白
34953,,34953,暗能涌动星海创生-提亚玛特
34955,,34955,凛冬之意-瓦格纳
34957,,34957,剑影抚落忆-孙尚香
34958,,34958,清辉映星河-望舒
34959,,34959,三位一体-至尊精灵王
34960,,34960,卷帘大将-沙悟净
34964,,34964,深渊安魂曲-奈亚
34965,,34965,天道暗御-阴
34967,,34967,踏阴阳定荒宇-东皇太一
34968,,34968,引尘造万物-星尘
34969,,34969,天道曜护-阳
34971,,34971,阴阳割昏晓-天道无极
34973,,34973,霜佑北境-帕里斯
34977,,34977,千山落樱之辉-夜樱
34978,,34978,荷风引水色-瑠璃
34979,,34979,大汉天子-汉武帝刘彻
34980,,34980,月魄孤影-神武月
34987,,34987,神炎日冕-战无炎
34994,,34994,至圣神王裁决-奥丁大帝
34995,,34995,源星之归引-上古星龙
34996,,34996,深渊穿梭者-律
34997,,34997,沙漠之心-阿努比斯
34999,,34999,救世的执妄愚人-公爵
35000,,35000,星穹庇世之翼-赫耳墨斯
35001,,35001,守护众生之愿-瓦尔基里
35007,,35007,永劫破灭混沌至尊-卡奥斯（实体态）
35008,,35008,一代天骄-成吉思汗铁木真
35009,,35009,枯骨之花-莉莉丝
35010,,35010,曲音落花间-貂蝉
35019,,35019,创灵众生-通灵王
35020,,35020,白灵之尊-狼王
35021,,35021,万世独霸龙族至尊-帝皇龙
35022,,35022,荒宇独霸-帝皇龙
35023,,35023,倾世之寒-始祖冰龙
35025,,35025,星轨圣裁之回响-羲和
35026,,35026,雅克守护者-神罗麦提
35030,,35030,破虚空衍群龙-龙母
35031,,35031,破碎虚实之境-虚空龙灵的幻影
35033,,35033,龙族新歌-玲玲珑
35038,,35038,斐灵之心-皮塔
35042,,35042,圣树临辉光暗双耀-奇灵王
35043,,35043,慧心渊识之智-密涅瓦
35044,,35044,大妖血脉-妖王冽
35050,,35050,春晖神女-可兰
35052,,35052,湍流激越-橙李
35053,,35053,戮器仁心-帝刃
35054,,35054,希望永存世间-潘多拉
35055,,35055,天国守护者-白天使王
35056,,35056,黑暗之翼-黑天使王
35064,,35064,沧海遗珠-沫夏
35066,,35066,神兵护佑-圣盾
35074,,35074,睥睨众臣-女帝
35075,,35075,至高启示-真理之后
35076,,35076,冰封之心-伊莎女王
35082,,35082,深渊之契-绮美拉
35084,,35084,幽冥千炼-鬼墨无忧
35093,,35093,棋临无间-无冕之王
35095,,35095,逐愿淬光之明-阿格蕾亚
35096,,35096,冥骸蚀暗-阿修罗
35097,,35097,逐梦追光-布灵灵
35104,,35104,王者加冕-圣天伊
35105,,35105,王者加冕-黄金圣天伊
35111,,35111,无垠-愚者
35112,,35112,陨灭-世界
35113,,35113,甜蜜信使-愚者
35114,,35114,博物馆奇妙夜-梁龙
35118,,35118,邃古凌苍-日月战武神
35121,,35121,混沌恩赐-厄瑞玻斯
35122,,35122,万象始源之刻-赫耳墨斯
35124,,35124,鸣劫制裁-雷霆青龙
35130,,35130,漆夜破空之刃-使者
35131,,35131,漆漆-使者
35132,,35132,荒炎焚天-飓焰朱雀
35136,,35136,万王天谕-圣王麒麟
35137,,35137,天地惊弦-六龙圣王
35138,,35138,孤注一掷-骰子大王
35142,,35142,圣魂觉醒-伊撒尔
35143,,35143,时序之光-洛羲
35147,,35147,绝天穿梭之界-时空王
35148,,35148,贵妃游园-杨玉环
35152,,35152,极乐欲界天魔主-波旬
35153,,35153,神威重壁-惊涛玄武
35154,,35154,圣铃妙音众识浮沉-阿赖耶识
35156,,35156,光武中兴-光武帝刘秀
35162,,35162,真炎神君-菲尔
35163,,35163,傲凡尘启仙灵-女娲
35164,,35164,妙笔创生绘世-女娲
35165,,35165,午夜大冒险-黑夜童心
35166,,35166,庇天之白翼-修罗
35171,,35171,伊甸园的余晖-亚当
35174,,35174,超越纪元的新生-海蒂拉玛
35175,,35175,无言的祈愿-海蒂拉玛
35178,,35178,玄墨藏锋-龙宵
35183,,35183,在水一方-西施
35185,,35185,驱灵神捕-琳琅
35187,,35187,星宇之隙穹宙之辉-银河
35188,,35188,万神之王-宙斯
35193,,35193,黄泉归引-孟婆
35196,,35196,造自然耀万物-盖亚
35197,,35197,荒秽堕墟-阿波菲斯
35198,,35198,蜀汉霸业-汉昭烈帝刘备
35199,,35199,自然恩赐-薇薇安
35203,,35203,恶魔之主-撒旦
35206,,35206,始祖大天使-尼斯洛克
35207,,35207,地狱天使-纳菲利姆
35208,,35208,夜与月的蔷薇-夜兰
35214,,35214,绝望噬影-尼德霍格
35215,,35215,童话小屋-可爱猫咪
35217,,35217,神兽尊主-苍穹圣龙
35219,,35219,破天之黑刃-凯撒
35220,,35220,鼎立九州-夏帝大禹
35225,,35225,异界史诗-渡
35226,,35226,异界史诗-渡（不朽者）
35227,,35227,征战之旅-神都王
35228,,35228,讨伐之旅-勇者
35229,,35229,求索之旅-终焉魔女
35230,,35230,狂肆之旅-邪神
35231,,35231,葬魂曲-死神弥尔
35235,,35235,瞰世之棘-亘古树灵
35236,,35236,余烬初王-洛兰
35240,,35240,霜寒冰域-上古龙女
35241,,35241,炽天炎境-上古龙女
35242,,35242,统御兵戈-大皇帝孙权
35243,,35243,缘分一线牵-小狐仙
35247,,35247,天道秩序诸界主宰-乾坤（虚拟态）
35248,,35248,花醉风清-洛洛离
35253,,35253,爱与美的赞歌-维纳斯
35254,,35254,大道无名-天命王
35257,,35257,天穹苍翼-圣修暗凯帝
35258,,35258,魔神再临-以撒
35259,,35259,赤月刀姬-曰
35262,,35262,冰与火之舞-炽寒天凤
35263,,35263,逆律之触-伊西斯
35264,,35264,龙年纪念-贝贝龙
35265,,35265,永恒炽阳-神阿波罗
35272,,35272,创世织梦之眷-赫耳墨斯
35275,,35275,如星永伴长夜-梦
35281,,35281,九霄帝姬-巫山神女
35282,,35282,霸世枭雄-魏武帝曹操
35283,,35283,炎刃燎原-赤霄
35289,,35289,破晓圣光-白羽公主
35290,,35290,惊雷烁光-幻雷
35291,,35291,原初骑士-洛兰
35293,,35293,横扫三界-孙悟空
35294,,35294,恶魔的私语-路西法
35295,,35295,永夜之主-夜王
35299,,35299,幻世镜梦-谴
35300,,35300,翼龙之子-凌风
35301,,35301,长夜墟渊-烛龙
35302,,35302,剑逐山河-轩辕夏禹
35303,,35303,赤帝-祝融
35304,,35304,超界奇迹-龙星诺
35307,,35307,浮士德-归零者
35309,,35309,水神-共工
35310,,35310,幻海奇迹-水星诺
35314,,35314,青山沐日天地无疆-盘古
35315,,35315,后土玄黄-岁岁祈
35316,,35316,梵星音律-乾达婆
35317,,35317,日曜奇迹-太阳星诺
35318,,35318,月辉奇迹-月亮星诺
35324,,35324,星启万象-智慧王
35326,,35326,苍森奇迹-木星诺
35327,,35327,次元守护-伊撒尔
35328,,35328,沙都守护者-曼珠沙华
35329,,35329,烈焰奇迹-火星诺
35330,,35330,诺言之神-星诺玛
35331,,35331,炎龙之子-炎王
35332,,35332,金翅神羽-迦楼罗
35333,,35333,星光奇迹-圣灵星诺
35336,,35336,群星守护寰宇光辉-神银河
35337,,35337,暗宇之质万物之初-提亚玛特
35339,,35339,魂之缚-奇诺
35344,,35344,创世罪裁龙神-撒迦利亚
35345,,35345,晨光樱语-欧若拉
35346,,35346,凰权天下-帝女夙
35347,,35347,审判命运之战-奥丁大帝
35348,,35348,影龙之子-帝卡
35349,,35349,末裔之歌-海伦娜
35351,,35351,神国圣赐之羽-弗丽嘉
35352,,35352,万物之美繁荣之源-芙蕾雅
35353,,35353,诸天神通-帝释天
35358,,35358,王权断罪之章-吉尔伽美什
35360,,35360,混沌寂烬-厄瑞玻斯
35361,,35361,苍松剑意-干将
35364,,35364,混沌始源万物终湮-卡奥斯（分身）
35365,,35365,生于哀骨之花-莉莉丝
35366,,35366,巨龙之子-明王
35370,,35370,尼伯龙根之主-法芙娜2号
35371,,35371,深渊缠绕者-利维坦
35376,,35376,晖光轮回女神-梅比乌斯
35377,,35377,冰霜亡域-巫妖王
35379,,35379,选项A
35380,,35380,选项A
35381,,35381,选项A
35382,,35382,绝望轮回女神-梅比乌斯
35383,,35383,炎魂永燃-魔焰吉拉
35384,,35384,潮汐庇护-古渊露龙
35391,,35391,寰宇皆臣-女帝
35392,,35392,明月剑心-莫邪
35394,,35394,苍翠守望-终结兔
35397,,35397,终末的残响-奈亚
35398,,35398,鸿雁知音-王昭君
35400,,35400,审神律理-无冕之王
35401,,35401,星月交辉-一生一世
35402,,35402,断海沧澜-龙太子
35413,,35413,逐光深坠-克希拉
35414,,35414,白魔法师-真言诺亚
35416,,35416,随便起来不是人-小果战宝
35422,,35422,无始无明之境-阿赖耶识
35427,,35427,寒夜破晓之刃-使者
35428,,35428,千里踏燕-鱼肠
35431,,35431,九柱神临缔世碑火-阿蒙王
35432,,35432,逐星遥旅-艾蕾
35433,,35433,神威地龙-摩罗迦
35438,,35438,墟尽神临之噬-赫耳墨斯
35439,,35439,噬界傀人-赫耳墨斯
35443,,35443,星芒圣佑-创世星灵
35444,,35444,孤影剑界-苏铁
35446,,35446,圣火炽天使-塞勒芙
35447,,35447,幽星荒主-天元夜神
35450,,35450,圣裁座天使-奥菲妮
35451,,35451,剑影迷踪-承影
35452,,35452,永恒圣穹焚罪终裁-阿卜苏
35453,,35453,孤胆英雄-赵云
35458,,35458,圣律智天使-姬露比
35464,,35464,万序之启-源
35467,,35467,灵骸烬染之潮-夜樱
35468,,35468,月影映夜斓-夜樱
35469,,35469,阴阳山大祭师-东皇极
35471,,35471,乘清气御阴阳-东皇太一
35474,,35474,浮游天地乘风去-逍遥
35475,,35475,瑶琴迷阵-诸葛亮
35476,,35476,风摇清荷影-瑠璃
35482,,35482,坐忘无我化生万象-天道无极
35483,,35483,日月映海晨曦微露-羲和
35484,,35484,天人共铸-纯钧
35488,,35488,黑翎之妄朽界之暗-梵天
35489,,35489,武道至尊-龙皇辉斗
35491,,35491,幻相至尊-白皇星焰
35492,,35492,涅槃至尊-雀皇紫辰
35493,,35493,天启纪元缔世圣冕-梵天
35494,,35494,横戟破军-吕布
35495,,35495,天使精灵
35502,,35502,神行至尊-玄皇耀凌
35504,,35504,原初灵械-SR原型机
35505,,35505,复生者-帕克
35506,,35506,无畏重铠-达鲁
35509,,35509,诡影噬夜-黑翼王
35512,,35512,全维衍化之钥-阿比斯
35513,,35513,血月之引-露易丝
35514,,35514,异度刀姬-尤尼梅特
35515,,35515,灵智终端-黛拉
35523,,35523,建构终端-格莉娅
35524,,35524,幻游终端-妮娜
35526,,35526,圣仪临世-烈焰凤凰
35527,,35527,一剑封魂-白夜叉
35528,,35528,剑指天下-太阿
35532,,35532,穹星创迹苍宇生辉-银河
35533,,35533,幽冥奇迹-黑星诺
35539,,35539,空寂无尘万法唯心-阿赖耶识
35540,,35540,统界神权王者-帝皇龙
35541,,35541,寒霜利刃-烈魄
35544,,35544,绯龙之契源晶之辉-阿卜苏
35545,,35545,蛇影魔瞳-美杜莎
35546,,35546,蛇年纪念-小星诺
35552,,35552,星冕-愚者
35553,,35553,无祸-女皇
35556,,35556,凝尘造界之星神-星尘
35561,,35561,龙吟瑞雪-圣王麒麟
35562,,35562,悟道成佛-孙悟空
35564,,35564,一桥一诺一相逢-梦
35566,,35566,重击雷霆-铁拳袋鼠
35572,,35572,忘川送魂-孟婆
35573,,35573,三生花缘-知世
35574,,35574,幽泉使者-孟婆
35576,,35576,吞天黑潮-凯撒
35577,,35577,飞剑游云-湛卢
35578,,35578,神霆点苍-奇灵王
35579,,35579,纵马引弓巾帼志-孙尚香
35588,,35588,曙天煌翼-修罗
35590,,35590,时序永前万境永在-时空王
35592,,35592,时渊裂缝-时间之神
35594,,35594,砂海栖心-洛羲
35595,,35595,玄潭游龙-七星龙渊
35597,,35597,日辉月影之扉-羲和
35598,,35598,虚堕之君王-贝利亚尔
35599,,35599,大河龙女-海纳百川
35607,,35607,荒原苍焰-狼王
35610,,35610,怒焰裁世-狂龙
35614,,35614,不朽龙主-巴哈姆特
35615,,35615,东方秘毒-鹤顶红
35616,,35616,欲金之君王-撒共姆
35622,,35622,创界悯世之颂祷-龙母
35623,,35623,七罪圣裁-伊撒尔
35627,,35627,棋谕万象之冠-真理之后
35632,,35632,魅魇之惑-始祖影龙
35637,,35637,圣咏御天使-银
35640,,35640,万理炽天使-K
35643,,35643,月渊万相-艾琳
35644,,35644,光穹永耀之辉-天使王
35645,,35645,预命之君王-瓦沙克
35652,,35652,星誓交响之律-星诺玛
35654,,35654,终极王者-王牌战队
35655,,35655,生命牧歌-辉月战骑
35657,,35657,纪元初光之回响-圣天伊
35658,,35658,黑渊黯翼-混沌巨龙
35659,,35659,雪域圣主-冰雪女皇
35663,,35663,诡匿之君王-巴拉姆
35671,,35671,东方秘毒-绝情丹
35672,,35672,宙域终律-上古星龙
35673,,35673,宙域终律-上古星龙（星神之躯）
35680,,35680,天地之始祖-盘古
35682,,35682,造化之祖神-女娲
35685,,35685,日月时境御主-羲和
35686,,35686,山河息壤-岁岁祈
35689,,35689,纪元弈主-无冕之王
35691,,35691,灾变之君王-拜恩
35693,,35693,世外录-天女
35694,,35694,星芒蜕蝶-时舞
35705,,35705,解离森罗之瞳-赫耳墨斯
35709,,35709,迷情狐妃-妲己
35712,,35712,咒世怨石-石矶
35713,,35713,无尽轮回此间永恒-梅比乌斯
35715,,35715,东方秘毒-牵机药
35717,,35717,暗潮星漩创界之渊-提亚玛特
35718,,35718,深空之眼-小宇宙
35719,,35719,白翼破晓-自由之神
35723,,35723,纪元至高之引-海蒂拉玛
35724,,35724,渊秘之君王-派蒙
35725,,35725,穹光之拥-姬露比
35731,,35731,绯鳞审判永恒龙辉-阿卜苏
35736,,35736,逆神意志-GOD无冕之王
35737,,35737,GOD
35738,,35738,东方秘毒-断肠草
35742,,35742,永茂不凋之王庭-森林女皇
35748,,35748,自然之母神-盖亚
35749,,35749,诱火之君王-阿斯摩太
35755,,35755,无竭命核-渡（不朽者）
35756,,35756,铃兰曳影-薇薇安
35762,,35762,虚环-愚者
35764,,35764,大荒共主-天帝昊天
35765,,35765,九幽业火-魔君夜渊
35769,,35769,启界骑士-洛兰
35772,,35772,愿光守夜之华-阿格蕾亚
35773,,35773,隐序之君王-普尔森
35779,,35779,深渊的回音-奈亚
35783,,35783,深渊的约定-克希拉
35788,,35788,瞳中幽墟-绮美拉
35789,,35789,迷宫冒险王-黑小问
35791,,35791,深渊星阶-律
35792,,35792,腐殖之君王-贝雷特
35798,,35798,众神之尊-宙斯
35801,,35801,苍雪之源霜-上古龙女
35805,,35805,灼天​燎宇-上古龙女
35806,,35806,冥霆之君王-巴尔
35810,,35810,永夜苍焰-冥夜君狼王
35811,,35811,终始之茎-亘古树灵
35812,,35812,爱与美的恩泽-维纳斯
35814,,35814,欢嬉之欲-​愉
35824,,35824,天垣龙谕-龍
35826,,35826,原初创生之翼-龙母
35830,,35830,星涡归溯隙间守望-银河
35831,,35831,黑暗丰穰-莎布
35839,,35839,万灵溯生之御-盖亚
35840,,35840,无量境主-末那
35846,,35846,万识莲台​浮音渡世-阿赖耶识
35851,,35851,万有重构之羽-赫耳墨斯
35852,,35852,穹宇枢星​-仙王座
35856,,35856,绣缔朝暮花诏寄心-梦
35858,,35858,太古永生-乌姆尔
35866,,35866,诸因起源诸界归墟-卡奥斯
35870,,35870,山海化育仙籁启灵-女娲
35879,,35879,冰羽焰翎霜火凤鸣-炽寒天凤
35880,,35880,冰羽焰翎霜火凤鸣-炽焰·天凤
35881,,35881,冰羽焰翎霜火凤鸣-寒霜·天凤
35889,,35889,瑞昭万象-圣王麒麟
35890,,35890,亵渎双子-纳格x耶布
35891,,35891,星律咏叹-海蒂拉玛
35898,,35898,万魂映月之主-夜樱
35902,,35902,万象纪-天女
35912,,35912,审判之眼-格赫罗斯
36000,,36000,万欲之源众望终响-祈
36936,,36936,骑士萧辰
40003,,40003,大师兔
40006,,40006,爆焰吉拉
40007,,40007,滴滴
40009,,40009,露西亚
40016,,40016,闪光河豚
40030,,40030,变色角龙
40039,,40039,伊莎女王
40045,,40045,飞天犬
40054,,40054,白古丁
40060,,40060,扭扭大王
40063,,40063,库斯特
40070,,40070,斯多鼠
40071,,40071,斯多恩
40072,,40072,斯多王
40079,,40079,六眼灵
40080,,40080,夜眼怪
40081,,40081,夜眼风魔
40084,,40084,蓝鹰斗士
40087,,40087,冰拳艾司
40096,,40096,金刚库巴
40099,,40099,火花龙
40102,,40102,合金猛将
40103,,40103,赤月
40105,,40105,神武月
40108,,40108,利刺大黄蜂
40109,,40109,炎风
40111,,40111,战无炎
40129,,40129,彩羽贝拉
40132,,40132,暗夜卡伦
40153,,40153,雷云狮
40195,,40195,影刃
40198,,40198,卡布罗格
40215,,40215,青龙灵兽
40218,,40218,守护力士
40219,,40219,守护法师
40220,,40220,蚁族圣斗士
40221,,40221,蚁族魔斗士
40222,,40222,贝德威尓
40223,,40223,兰斯罗特
40224,,40224,哥拉海德
40225,,40225,保斯
40227,,40227,变异蚁将军
40239,,40239,狂暴天狼
40240,,40240,法老王
40241,,40241,毒菇球
40242,,40242,金刚蛤蟆
40243,,40243,下水猛鳄
40249,,40249,尤莱亚
40261,,40261,圆角木羊
40268,,40268,小鬼魂
40270,,40270,木人桩
40278,,40278,烈焰鸟
40282,,40282,沙克
40283,,40283,大尾沙克
40284,,40284,暴风沙克
40290,,40290,七星神龙
40301,,40301,达鲁
40304,,40304,帕克
40317,,40317,天使莱特
40320,,40320,雷帝神
40322,,40322,达达
40323,,40323,梅卡
40324,,40324,钢铁达鲁
40328,,40328,SR战士
40329,,40329,强袭SR
40333,,40333,钢铁科克
40388,,40388,天罡玄武
40400,,40400,迅猛龙
40414,,40414,火云牛斗士
40418,,40418,山脉之魂
40436,,40436,黑暗守卫
40461,,40461,黑化念
40500,,40500,终结兔
40504,,40504,先锋SR
40506,,40506,烈焰凤凰
40530,,40530,暗黑角龙
40604,,40604,念
40624,,40624,白虎灵兽
40659,,40659,电击拳怪
40682,,40682,黑夜童心
40728,,40728,凯撒
40731,,40731,修罗
40741,,40741,朱雀灵兽
40743,,40743,小海妖
40744,,40744,海之妖将
40757,,40757,暴雪山神
40794,,40794,奇灵王
40827,,40827,小炎灵
40828,,40828,炎之魔将
40860,,40860,关羽
40865,,40865,超T兔
40869,,40869,通灵巫师
40895,,40895,利克亚伦
40901,,40901,星宇侠
40903,,40903,震地巨兽
40943,,40943,小风灵
40944,,40944,风之灵将
40946,,40946,紫渊
40948,,40948,刑风
40955,,40955,张飞
40973,,40973,红魔
40976,,40976,诸葛亮
40995,,40995,翡冷翠
41001,,41001,变异库斯特
41118,,41118,幻影
41122,,41122,狼王迪洛斯
41124,,41124,夜王狄米特
41159,,41159,极冰海牙
41170,,41170,夜兰
41181,,41181,焚浪
41210,,41210,巨斧卡索
41213,,41213,岩波斗魂者
41232,,41232,鲁曼
41234,,41234,拉诺斯
41248,,41248,莫莫亚特
41250,,41250,纳兹
41255,,41255,叶子怪
41257,,41257,雏菊仙子
41259,,41259,友人契约书
41263,,41263,南瓜车车
41267,,41267,多古拉伯爵
41274,,41274,岩战
41282,,41282,施瓦辛格
41291,,41291,塞娅
41296,,41296,幻炎
41310,,41310,玩偶
41350,,41350,赤翼魔龙王
41356,,41356,飞羽龙
41362,,41362,阿波罗
41394,,41394,蓝羽灵者
41403,,41403,暗影兽
41414,,41414,终极九尾冰狐
41423,,41423,噬月武神
41426,,41426,黑炎龙
41429,,41429,洛基
41440,,41440,佐罗门
41442,,41442,卡卡修
41450,,41450,千年瑞兽
41469,,41469,水星诺
41479,,41479,苍穹圣龙
41483,,41483,机械星诺
41528,,41528,疾影侠
41538,,41538,黑化炼狱战狮
41561,,41561,战武罗德
41573,,41573,联盟炮兵
41616,,41616,剑圣太白
41639,,41639,圣光修罗
41645,,41645,圣盾
41648,,41648,菲尔
41649,,41649,可兰
41664,,41664,锐角战士
41680,,41680,帝刃
41684,,41684,战战龙
41705,,41705,疾风终结者
41706,,41706,暗影凯撒
41716,,41716,奥天
41736,,41736,幻象格杀者
41746,,41746,凌月战神
41748,,41748,卷卷
41752,,41752,惊涛玄武
41753,,41753,炎·阳
41754,,41754,炎王
41767,,41767,四阶霜炎法神
41769,,41769,嘭哒星望
41776,,41776,卡皮特
41777,,41777,帝卡
41792,,41792,天怒
41812,,41812,疾星
41815,,41815,苏恩克
41824,,41824,明王
41825,,41825,斗罗明王
41830,,41830,雷霆
41832,,41832,万钧
41834,,41834,火跃鸟
41837,,41837,使者加比
41842,,41842,光·加比
41843,,41843,翼·加比
41845,,41845,光暗弑神
41852,,41852,赫提
41854,,41854,诺伊特
41858,,41858,训练师加比
41861,,41861,龙刃
41869,,41869,圣王麒麟
41871,,41871,天冲
41872,,41872,多多罗
41873,,41873,冰罗皇
41876,,41876,炼金师加比
41881,,41881,幻·D14
41883,,41883,阿姆斯特
41884,,41884,伊乐
41893,,41893,擎空
41896,,41896,光龙•圣天伊
41899,,41899,智慧加比
41902,,41902,炽天
41908,,41908,勇气加比
41911,,41911,炽燎天
41924,,41924,普通银魂
41926,,41926,帝王奇灵
41937,,41937,梦想加比
41946,,41946,坠星
41948,,41948,普通破军
41958,,41958,旋刃
41962,,41962,圣羽凌风
41965,,41965,圣马天冲
41977,,41977,源
41981,,41981,幽幻
41985,,41985,断空翼皇
41990,,41990,圣灵分身
42016,,42016,奇纳
42020,,42020,无念
42026,,42026,菲洛
42027,,42027,裂空菲洛
42033,,42033,风暴龙
42035,,42035,暗影魔将
42037,,42037,天辉侠X
42050,,42050,煌炎战神
42054,,42054,虎跃
42061,,42061,魔小兵
42062,,42062,魔大将
42064,,42064,斗士豪达
42076,,42076,天极鲸分身
42080,,42080,龙·冰罗皇
42082,,42082,剑帝修纳
42093,,42093,魔多
42101,,42101,狂狮
42140,,42140,魂刃夜王
42150,,42150,万王圣麒麟
42156,,42156,贪狼元魂
42160,,42160,神照修罗王
42161,,42161,神照修罗王
42173,,42173,巨门之魂
42179,,42179,魂王天使雷米
42184,,42184,禄存之灵
42189,,42189,神焰天使乌利
42193,,42193,圣龙·天伊
42200,,42200,黯天凯撒皇
42203,,42203,白皇分身
42205,,42205,炽魂帝吉拉
42206,,42206,炽魂帝吉拉
42213,,42213,文曲之魂
42215,,42215,幻尊星瞬
42216,,42216,幻尊星瞬
42217,,42217,极武兔皇
42218,,42218,极武兔皇
42219,,42219,冰魄灵白虎
42224,,42224,龙皇辉斗
42227,,42227,暗行罗刹
42233,,42233,凌天霸青龙
42234,,42234,凌天霸青龙
42236,,42236,廉贞之魂
42239,,42239,天天
42244,,42244,雷焰凤凰
42256,,42256,红莲羽朱雀
42257,,42257,红莲羽朱雀
42262,,42262,武曲
42270,,42270,起源
42271,,42271,起源
42278,,42278,瑶光之魂
42285,,42285,天尊圣龙
42286,,42286,天尊圣龙
42303,,42303,梵天
42306,,42306,幽冥影刃
42318,,42318,六识夜王
42328,,42328,夜灵
42330,,42330,贝光精灵
42333,,42333,骑士杰洛
42349,,42349,上古太古帝卡
42352,,42352,御圣·天麟
42354,,42354,皇犽
42360,,42360,骑士奇克
42366,,42366,绿瞳兽
42378,,42378,超水精灵
42379,,42379,超火精灵
42380,,42380,超木精灵
42381,,42381,超龙精灵
42387,,42387,上古星龙
42390,,42390,超数码精灵
42391,,42391,超龙星诺
42401,,42401,超巨岩
42402,,42402,超圣光
42405,,42405,超电精灵
42406,,42406,超光精灵
42407,,42407,超土精灵
42412,,42412,噬心黑龙
42414,,42414,伍德
42415,,42415,超暗精灵
42418,,42418,钢铁先锋
42427,,42427,月神
42428,,42428,炎帝
42429,,42429,超上古精灵
42439,,42439,弑神者兰斯洛
42440,,42440,星魔
42443,,42443,轩辕奇灵
42444,,42444,圣·帝伊
42449,,42449,雷怒青龙
42455,,42455,滔天白虎
42459,,42459,多米纳特
42468,,42468,鬼杀布莱克
42470,,42470,百变愚人盒
42486,,42486,Zeta
42493,,42493,东皇天
42501,,42501,东皇道
42506,,42506,焚炙朱雀
42507,,42507,小阴
42508,,42508,小阳
42511,,42511,东皇无分身
42515,,42515,泰岳玄武
42517,,42517,东皇极
42522,,42522,天宇圣龙
42526,,42526,阿牧牧
42531,,42531,烈阳火凤
42534,,42534,妖刀斩日
42543,,42543,冥剑断月
42545,,42545,逍遥
42549,,42549,游乐百变盒
42557,,42557,幽隐夜刃
42562,,42562,幻·破炎
42563,,42563,幻·御流
42564,,42564,幻·绝雷
42566,,42566,破宇暴龙
42577,,42577,暗煞魔龙王
42590,,42590,乾坤修罗神
42591,,42591,东皇太一
42593,,42593,黑化疾地
42595,,42595,阴
42603,,42603,超念分身
42608,,42608,青鸾
42611,,42611,极速天帝龙皇
42618,,42618,堕天凯撒帝
42623,,42623,阳
42632,,42632,战武雄·曹操
42637,,42637,天道无极
42646,,42646,八荒混沌
42651,,42651,幻刃米奥
42655,,42655,和平使者
42664,,42664,神威吕布
42669,,42669,圣耀阿波罗
42671,,42671,神·白皇星焰
42675,,42675,炽尊狼王
42679,,42679,维托尔
42681,,42681,天鹰雨果
42689,,42689,神·雀皇紫辰
42693,,42693,炽狱吉拉
42696,,42696,神火·玄皇
42700,,42700,威虎但丁
42701,,42701,神·龙皇龙魂
42707,,42707,尤里
42714,,42714,超源·火
42725,,42725,狂鲨歌德
42729,,42729,暗夜幽兰
42730,,42730,魔君夜王
42744,,42744,德力斯
42760,,42760,拜伦
42771,,42771,神迹圣天伊
42774,,42774,悲伤的小丑
42792,,42792,自由之神
42794,,42794,圣冕麒麟
42801,,42801,龙太子
42814,,42814,炽寒天凤
42845,,42845,哉
42854,,42854,妖王冽
42859,,42859,白无冴
42865,,42865,日月战武神
42891,,42891,娜娜
42899,,42899,摄魂幽灵
42901,,42901,麦迪文
42923,,42923,诺诺
42924,,42924,真言诺亚
42925,,42925,辰辰
42926,,42926,暗夜辰星
42932,,42932,圣堂伯爵
42937,,42937,三界弑神
42941,,42941,帝女夙
42961,,42961,天神白·重
42963,,42963,天神劫
42964,,42964,帝天麟
42965,,42965,帝天麟
42970,,42970,哈迪斯
42980,,42980,魔域星君
42994,,42994,冥夜君狼王
42997,,42997,金羽戮
42998,,42998,白翼御天使银
43001,,43001,六翼堕天使戮
43016,,43016,金翼炽天使K
43028,,43028,天使王·完全体
43030,,43030,乾坤修罗神·完全体
43035,,43035,神迹圣天伊·完全体
43036,,43036,轩辕奇灵·完全体
43040,,43040,东皇太一·完全体
43046,,43046,战火之王
43047,,43047,神农·完全体
43048,,43048,女娲·完全体
43049,,43049,轩辕·完全体
43050,,43050,盘古·完全体
43051,,43051,盘古·完全体
43064,,43064,白夜叉·完全体
43065,,43065,堕天凯撒帝·完全体
43068,,43068,归零者·完全体
43074,,43074,黑翼王
43079,,43079,貘·完全体
43080,,43080,神迹炎王·完全体
43084,,43084,天焰菲尔·完全体
43085,,43085,宙斯·完全体
43087,,43087,战火之王·完全体
43089,,43089,无冕之王·潜
43090,,43090,无冕之王·完全体
43092,,43092,幻象梦魇
43093,,43093,雷怒青龙·完全体
43094,,43094,滔天白虎·完全体
43097,,43097,炎天·完全体
43099,,43099,猩猩队长
43100,,43100,日月战武神·完全体
43101,,43101,天宇圣龙·完全体
43106,,43106,幻星狼神
43110,,43110,Zeta·完全体
43112,,43112,御星痕
43114,,43114,天帝龙皇·完全体
43115,,43115,上古星龙·完全体
43124,,43124,伏羲·完全体
43125,,43125,超源·完全体
43127,,43127,无忧
43131,,43131,鬼墨小怪
43138,,43138,鬼墨无虑
43144,,43144,圣修暗凯帝
43145,,43145,圣修暗凯帝·完全体
43156,,43156,鬼墨无忧·完全体
43157,,43157,千机变
43160,,43160,阿修罗·完全体
43162,,43162,天吟降龙
43165,,43165,森罗可兰·完全体
43167,,43167,神迹冰罗皇·完全体
43168,,43168,冥夜君狼王•完全体
43172,,43172,龙吟守·完全体
43173,,43173,八岐大蛇·完全体
43176,,43176,传奇圣天伊
43177,,43177,黄金传奇圣天伊
43178,,43178,传奇神龙
43180,,43180,传奇阿波罗
43187,,43187,传奇Zeta
43188,,43188,传奇哈迪斯
43190,,43190,雪无冰姬
43191,,43191,传奇冰雪女皇
43192,,43192,雪无寒灵
43193,,43193,传奇阴
43194,,43194,传奇阳
43196,,43196,传奇天道无极
43198,,43198,烛龙
43200,,43200,乾坤
43201,,43201,传奇波鲁
43202,,43202,传奇莎莎
43205,,43205,天元夜神
43207,,43207,传奇月神
43210,,43210,御星璃
43211,,43211,煌
43214,,43214,洪荒王
43215,,43215,传奇烈焰凤凰
43216,,43216,传奇奇灵王
43217,,43217,传奇圣冕麒麟
43220,,43220,传奇梅卡
43222,,43222,传奇雷帝神
43223,,43223,传奇奥天
43224,,43224,传奇炎帝
43225,,43225,传奇张飞
43226,,43226,天命
43227,,43227,传奇黑炎龙
43229,,43229,宿命
43230,,43230,命运之神
43232,,43232,帝姬白浅
43234,,43234,传奇黑翼王
43235,,43235,塔罗
43237,,43237,影月
43238,,43238,传奇星魔
43239,,43239,审判之神
43241,,43241,嬴政
43242,,43242,传奇星龙
43244,,43244,界
43248,,43248,镜
43249,,43249,传奇东皇太一
43256,,43256,智慧王
43257,,43257,传奇自由之神
43258,,43258,枪神赵子龙
43259,,43259,传奇凯撒帝
43261,,43261,传奇孙悟空
43264,,43264,卞喜
43267,,43267,传奇修罗神
43270,,43270,永生·毁灭之神
43271,,43271,传奇刘备
43272,,43272,传奇曹操
43274,,43274,传奇夜王
43277,,43277,弑
43280,,43280,力量·轮回之神
43282,,43282,传奇炽天使K
43285,,43285,传奇炽寒天凤
43287,,43287,阎罗
43288,,43288,传奇天使王
43289,,43289,传奇无冕之王
43294,,43294,小浣
43295,,43295,传奇终结兔
43298,,43298,力量王
43302,,43302,枪神王
43304,,43304,传奇日月战武神
43313,,43313,传奇八岐龙吟
43318,,43318,传奇可兰
43320,,43320,传奇白虎
43321,,43321,吞天饕餮
43322,,43322,传奇明王
43324,,43324,始祖巨龙
43326,,43326,传奇朱雀
43344,,43344,始祖影龙
43347,,43347,传奇盘古
43353,,43353,传奇关羽
43354,,43354,传奇菲尔
43363,,43363,梅花K·纳兹戈林
43365,,43365,传奇战火之王
43366,,43366,始祖炎龙
43371,,43371,传奇圣修暗凯帝
43372,,43372,始祖翼龙
43373,,43373,始祖光龙
43375,,43375,龍
43377,,43377,六龙圣王
43378,,43378,传奇貘
43380,,43380,[王者羁绊]圣天伊
43381,,43381,[远古精灵王]伊撒尔
43384,,43384,[斗转星移]智慧王
43385,,43385,星辉·玉藻皇
43387,,43387,[太阴]幽荧
43388,,43388,[远古大妖]大天狗
43390,,43390,[太阳]烛照
43392,,43392,[火神]祝融之影
43396,,43396,[诸神之父]奥丁大帝
43399,,43399,[逢魔之约]阴阳
43402,,43402,[雷霆主宰]风暴龙之影
43403,,43403,[天罪弑神者]兰斯洛
43404,,43404,[鬼族之王]酒吞龙泉
43405,,43405,[天启堕神王]梵天
43406,,43406,[未来精灵王]梵天
43408,,43408,[亘古鸿蒙]力量王
43409,,43409,[天道守护]东皇太一
43412,,43412,[黄帝]轩辕
43414,,43414,[黄泉大神]伊邪那美
43416,,43416,[阴阳总帅]晴明
43417,,43417,[破坏神]须佐之男
43423,,43423,[金翅神]迦楼罗
43424,,43424,[万王加冕]圣王麒麟
43425,,43425,[上古月神]神武月
43427,,43427,[太阳神]阿波罗
43428,,43428,[上古炎帝]战无炎
43429,,43429,[一代宗师]奇灵王
43430,,43430,[火之精灵王]菲尔
43433,,43433,[永夜君主]夜王
43435,,43435,[白灵圣君]狼王
43437,,43437,[神之使者]阿努比斯
43438,,43438,[宇宙秩序]毗湿奴
43446,,43446,[七十二柱]所罗门王
43453,,43453,[众灵初始]通灵王
43454,,43454,[星界霸主]上古星龙
43456,,43456,[星神十三宫]星魔
43458,,43458,[逢魔之约]阴阳（圣灵）
43465,,43465,[浴火重生]烈焰凤凰
43466,,43466,[希望之神]奥天
43468,,43468,[冰火涅槃]炽寒天凤
43469,,43469,[龙族至尊]帝皇龙
43472,,43472,[圣光之子]修罗
43474,,43474,[圣堂祭祀]夕颜
43476,,43476,[齐天大圣]孙悟空
43479,,43479,[圣堂刺客]半夏
43480,,43480,[恶魔之子]凯撒
43481,,43481,[绝界剑主]苏铁
43482,,43482,[圣堂之主]舜华
43483,,43483,[傲慢与偏见]归零者
43486,,43486,[战争与和平]自由之神
43491,,43491,[神行谍影]黑翼王
43493,,43493,[光暗传说]圣修暗凯帝
43495,,43495,[无尽神兵]银
43497,,43497,[梦想为王]猪苗苗
43498,,43498,混沌魔物
43503,,43503,[智慧女神]雅典娜
43504,,43504,[万物之始]源
43506,,43506,[星际女警]安娜
43507,,43507,[世界蛇]耶梦加得
43510,,43510,[应汝之愿]天使王
43511,,43511,[应汝之愿]天使王
43517,,43517,[黑客帝国]诺亚之影
43523,,43523,[绝地求生]枪神王
43527,,43527,[武绝苍穹]貘
43534,,43534,[最初的希望]终结兔
43535,,43535,[最初的希望]终结兔
43541,,43541,[开天辟地]盘古
43542,,43542,[开天辟地]盘古
43543,,43543,[洪荒王]御星煌
43546,,43546,[天使之恋]莱特&若希
43548,,43548,{天道阴极]阴
43553,,43553,[睡美人]夏娃
43557,,43557,[木之精灵王]可兰
43558,,43558,[寒冰王座]白虎
43559,,43559,[悬顶之剑]该隐
43560,,43560,[悬顶之剑]该隐
43561,,43561,[天选之王]亚当
43562,,43562,[天选之王]亚当
43563,,43563,[雷霆之怒]青龙
43565,,43565,[不动如山]玄武
43566,,43566,[四象归一]万灵王
43571,,43571,[烈焰红莲]朱雀之影
43576,,43576,[天下第一龙]龍
43579,,43579,[冰封的思念]尤莱亚
43580,,43580,[水之精灵王]梅卡
43581,,43581,[天地复初]乾坤
43582,,43582,[天地复初]乾坤
43583,,43583,[天道主宰]乾坤
43584,,43584,[天道主宰]乾坤
43588,,43588,[天地玄黄]洪荒无极
43589,,43589,[洪荒王]御星煌
43590,,43590,[洪荒之主]御星璃
43592,,43592,[伍心开阳]姬如意
43593,,43593,[伍心开阳]姬如意
43604,,43604,[玉衡金仙]灵天释
43605,,43605,[玉衡金仙]灵天释
43606,,43606,[纯血妖王]冽
43608,,43608,[星现万物]王者智慧王
43610,,43610,[剑化阴阳]钧天
43617,,43617,[执掌天权]御渊
43618,,43618,[执掌天权]御渊
43620,,43620,[时间法则]王者伊撒尔
43629,,43629,[万界天枢]紫璇
43630,,43630,[万界天枢]紫璇
43633,,43633,[王者羁绊]圣天伊（个体）
43636,,43636,[天玑天璇]重楼
43646,,43646,[天启之光]通灵梵天
43653,,43653,[幻灵灭杀]幻无极
43654,,43654,[五虎蛇吞海]张飞
43655,,43655,[八部天龙]龙太子
43656,,43656,[天命七星]神兵圣王
43664,,43664,[神爱世人]王者天使王
43665,,43665,[冰雪奇缘]绝界欧若拉
43666,,43666,[时间之隙]九曜
43670,,43670,[大道至臻]天命王
43671,,43671,[大道至臻]天命王
43672,,43672,[王之冕]英雄圣王麒麟
43673,,43673,[王之冕]英雄圣王麒麟
43674,,43674,[神谕之光]绝界阿波罗
43678,,43678,[五虎鹏偃月]关羽
43683,,43683,[天焰至尊]王者菲尔
43694,,43694,[五虎凤燎原]马超
43695,,43695,[五虎凤燎原]马超
43697,,43697,[月亮女神]阿尔忒弥斯
43698,,43698,[月桂女神]达芙妮
43699,,43699,[月桂女神]达芙妮
43706,,43706,[贪婪之罪]神秘战无炎
43708,,43708,[圣域曙光]圣体奥天
43709,,43709,[圣域曙光]圣体奥天
43710,,43710,[五虎鹰击空]黄忠
43716,,43716,[星神主]绝界上古星龙
43719,,43719,[蜀汉天尊]刘备
43720,,43720,[五虎鹏偃月]关羽（五虎）
43740,,43740,[空间法则]超维伊撒尔
43746,,43746,[龙族起源]龙母
43754,,43754,[万物生辉]王者可兰
43767,,43767,[堕怠之罪]大妖神武月
43769,,43769,[八荒战神]英雄东皇太一
43770,,43770,[八荒战神]英雄东皇太一
43776,,43776,[天地起源]超维盘古
43777,,43777,[人族起源]女娲
43781,,43781,[亚特兰蒂斯]通灵亚当
43794,,43794,[天地道无极]双生乾坤
43795,,43795,[天道主宰]乾坤
43796,,43796,[天地复初]乾坤
43800,,43800,[无界无序无限]时空王
43801,,43801,[皆为序曲]过去之神（诸神）
43804,,43804,[轮回法则]灵魂伊撒尔
43807,,43807,[轮回羁绊]灵魂圣天伊
43810,,43810,[黑白相生]灵魂奇灵王
43811,,43811,[色欲之罪]暴君凯撒
43812,,43812,[嫉妒之罪]黯帝修罗
43818,,43818,[一发入魂]灵魂枪神王
43821,,43821,[深藏功与名]通灵无冕之王
43823,,43823,[八荒战神]英雄东皇太一 （五王）
43825,,43825,[武霸天下]灵魂貘
43831,,43831,[暗影之夜]绝界黑翼王
43838,,43838,[愤怒之罪]命运伊撒尔（个体）
43845,,43845,[天国咏唱]命运天使王
43847,,43847,[地狱孤影]命运念
43849,,43849,[浩海之主]王者梅卡
43855,,43855,[魔神王]以撒
43856,,43856,[七宗罪]通灵伊撒尔
43863,,43863,[愤怒之罪]命运伊撒尔（七罪）
43871,,43871,[未来王座]超维梵天
43875,,43875,[傲睨万物]超维源
43877,,43877,[秩序起源]神启·乾坤
43878,,43878,[秩序神女]洛洛离（神启者）
43885,,43885,[全知全能]命运奥丁大帝
43886,,43886,[至高神权]通灵奥丁大帝
43898,,43898,[欲望与苦难]命运所罗门王
43903,,43903,[自然起源]神启·盖亚
43904,,43904,[自然灵女]薇薇安（神启者）
43907,,43907,[绝望龙神]尼德霍格
43917,,43917,[大道轮回]灵魂天命王
43918,,43918,混沌精灵
43921,,43921,[混沌起源]神启·卡奥斯
43922,,43922,[混沌魔女]莉莉丝（神启者）
43923,,43923,星辉时代·圣天伊
43924,,43924,星辉时代·黄金圣天伊
43925,,43925,星辉少女·小熊座
43926,,43926,辉煌城主·天龙座
43928,,43928,救世天幕·时空王
43930,,43930,绯红女王·大熊座
43932,,43932,天穹之君·仙王座
43933,,43933,星宇之姬·仙后座
43936,,43936,自由女王·拜伦
43937,,43937,末世樱剑舞·千夏
43941,,43941,宇之终始星之诞灭·银河
43942,,43942,光翼缔造者·创世星灵
43946,,43946,神之战鳞·枪魂应龙
43947,,43947,神之皇鳞·剑魂白泽
43948,,43948,神之帝鳞·扇魂毕方
43949,,43949,神之圣鳞·镜魂青鸾
43950,,43950,无双剑意·剑帝修纳
43951,,43951,芳绯初樱·欧若拉
43952,,43952,天灾统领·巫妖王
43953,,43953,末世红镰闪·希尔瓦娜斯
43954,,43954,春晖神女·可兰
43957,,43957,龙帅天
43958,,43958,神之审判·白天使王
43959,,43959,魔之禁锢·黑天使王
43960,,43960,花晨月夕·洛羲
43963,,43963,魔王·撒旦
43966,,43966,万王天谕·圣王麒麟
43967,,43967,万事如意·锦毛鼠
43975,,43975,万世龙尊·帝皇龙
43976,,43976,仁者无敌·湛卢
43979,,43979,真炎神君·菲尔
43980,,43980,四灵之主·苍穹圣龙
43981,,43981,东方灵兽·青龙
43982,,43982,南方灵兽·朱雀的幻影
43983,,43983,开天地创净土·盘古
43984,,43984,西方灵兽·白虎
43989,,43989,大暗黑·天
43990,,43990,无烬噩梦·伊撒尔
43991,,43991,圣光守护·超时空王
43992,,43992,威震天下·太阿的幻影
43995,,43995,伊邪那氏·那美x那岐
43996,,43996,伊邪那氏·那美x那岐
43997,,43997,森林之息·花冠公主
43999,,43999,第一真祖·黑翼王
44000,,44000,覆天之影·黑翼王的幻影
44003,,44003,百花绽·春分
44004,,44004,万神之王·宙斯的幻影
44005,,44005,万冥之主·哈迪斯
44006,,44006,雨纷纷·清明
44008,,44008,主天道御天下·乾坤
44009,,44009,四界共主·乾坤
44010,,44010,醉红颜·洛洛离（神启者）
44011,,44011,醉红颜·洛洛离的幻影
44017,,44017,知时节·雨水
44020,,44020,大道独行·天命王
44021,,44021,春光晓·谷雨
44025,,44025,轮回溯梦·伊撒尔的蜃影
44029,,44029,神国之主·奥丁大帝
44030,,44030,太极生两仪·东皇太一
44031,,44031,荒宇生无极·东皇太一的幻影
44033,,44033,菩提本无树·瑠璃
44034,,44034,圣道御天·轩辕夏禹
44036,,44036,未来计划·黯帝修罗
44037,,44037,未来计划·暴君凯撒
44041,,44041,源水风暴·梅卡
44042,,44042,星尊裁决·上古星龙
44043,,44043,未来计划·嗜血狼王
44044,,44044,正当时·小满
44046,,44046,龙魂永曜·龍
44047,,44047,须弥天帝·帝释天的幻影
44048,,44048,未来计划·噬魂夜王
44050,,44050,破虚空衍群龙·龙母
44052,,44052,尊贵无双·纯钧的幻影
44053,,44053,惊鸿逐月·李白
44055,,44055,万龙之上·至高龙尊
44056,,44056,命运交响·亚当
44058,,44058,谷满尖·芒种的幻影
44060,,44060,星辰造世·奇灵王的幻影
44061,,44061,混元合一·奇灵王
44064,,44064,空间魂梦·伊撒尔
44066,,44066,未来计划·大妖神武月
44067,,44067,荷满塘·夏至的幻影
44070,,44070,造自然耀万物·盖亚
44071,,44071,万灵永恒·盖亚
44072,,44072,花间序·薇薇安（神启者）
44073,,44073,花间序·薇薇安
44075,,44075,光明之神·阿波罗
44076,,44076,统御四海·敖兴
44079,,44079,无限星空·智慧王
44083,,44083,天堂创世之光·王者天使王
44084,,44084,力量
44088,,44088,时间故梦·王者伊撒尔
44089,,44089,超感猎手·枪神王
44090,,44090,血狱魔躯·赤色梦魇
44092,,44092,真理之门·无冕之王
44093,,44093,倒吊人
44095,,44095,相伴十载·初心未来
44102,,44102,傲凡尘启仙灵·女娲
44107,,44107,仙官相·哪吒
44109,,44109,十年の热血·魔焰吉拉
44110,,44110,凉风至·立秋
44113,,44113,贪之妖
44114,,44114,贪之妖
44117,,44117,十年の梦想·古渊露龙
44119,,44119,未来之貌·羲和
44121,,44121,十年の希望·终结兔
44122,,44122,榴满枝·处暑
44127,,44127,隐者
44128,,44128,深渊之主·拉莱耶
44129,,44129,英霸之气·诸葛亮
44132,,44132,一起看雪吗·奈亚
44138,,44138,星河御月之流辉·望舒
44139,,44139,忘川临世·鬼墨无忧
44141,,44141,驭灵度众生·通灵王的幻影
44147,,44147,桂盈梢·秋分
44151,,44151,诸神至高王座·王者奥丁大帝
44152,,44152,审判之枪·奥丁大帝
44154,,44154,创世·神·撒迦利亚
44155,,44155,灭世·龙·撒迦利亚
44156,,44156,妖相百斩·洪荒无极
44157,,44157,未来计划·圣修暗凯帝
44158,,44158,未来计划·圣修暗凯帝
44166,,44166,伐天堕神·刑天
44167,,44167,鹿鸣仙风·姜子牙
44168,,44168,晓霜重·寒露
44170,,44170,未来计划·冥夜君狼王
44171,,44171,未来计划·冥夜君狼王
44173,,44173,金蕊繁·霜降
44174,,44174,十殿阎罗·地藏王
44175,,44175,魔神之影·魅惑
44176,,44176,飘渺绝尘·七星龙渊
44179,,44179,众神の意志·王者宙斯
44182,,44182,神谕天佑·圣王麒麟
44186,,44186,游龙回雪·金步摇
44191,,44191,终极未来计划·王牌战队
44193,,44193,彼岸永望·孟婆
44194,,44194,今宵寒·立冬
44196,,44196,菩提本无树·SP瑠璃
44197,,44197,踏阙飞影·鱼肠
44198,,44198,琴语轻·小雪
44199,,44199,乱世英豪·吕布
44201,,44201,烈焰天辉·菲尔
44204,,44204,帝刹穹天·至高龙尊
44206,,44206,吾即太阳·阿波罗
44207,,44207,月冕之曜·阿尔忒弥斯
44212,,44212,幽径拾光·达芙妮
44215,,44215,神枪镇山河·韩信
44216,,44216,照世之澜·梅卡
44217,,44217,虚数重构·黛依
44218,,44218,盼佳节·冬至的幻影
44228,,44228,天启新篇·梵天
44229,,44229,生命礼赞·可兰
44233,,44233,零阶·愚者
44236,,44236,逆理·世界
44241,,44241,寄芳思·小寒
44245,,44245,裂穹之斩·龙刃
44246,,44246,魔神·以撒
44247,,44247,无烬噩梦·传说伊撒尔
44248,,44248,[天使恋之吻]羲和
44249,,44249,花晨月夕·传说洛羲
44254,,44254,天使恶魔·SP米迦勒x路西法
44255,,44255,天使恶魔·SP米迦勒x路西法
44256,,44256,崩坏·天使王
44258,,44258,禁锢审判·传说天使王
44259,,44259,群星璀璨穹宇之巅·银河
44260,,44260,主天道御天下·传说乾坤的幻影
44264,,44264,灰烬熔芯·胜遇
44266,,44266,地隐微澜·小锦鲤
44267,,44267,牛气冲天·牛魔王
44276,,44276,天与海的誓言·梦
44279,,44279,鸾歌凤鸣·烈焰凤凰
44280,,44280,玄鹤游方·翎（神启者）
44281,,44281,玄鹤游方·翎
44282,,44282,凰诏天赦·烈焰凤凰的幻影
44292,,44292,绝望·尼德霍格
44293,,44293,圣剑之佑·白羽公主
44294,,44294,三皇圣祖·伏羲
44295,,44295,逆天·孙悟空
44297,,44297,罔相仪形·蜃龙
44305,,44305,华夏始祖·轩辕
44307,,44307,百药先祖·神农
44308,,44308,育灵天地间·王者女娲
44310,,44310,云墨苍生·玄霄
44313,,44313,日月曜重光·盘古
44315,,44315,后土圣女·岁岁祈
44316,,44316,开天启明之圣·盘古
44322,,44322,轮回溯梦·传说伊撒尔
44329,,44329,全知·律
44335,,44335,权御万界·天帝昊天的幻影
44337,,44337,恶业轮回·魔君夜渊
44342,,44342,梵音净心·乾达婆
44343,,44343,掌混沌终因果·卡奥斯
44351,,44351,黑蔷薇·莉莉丝（神启者）
44352,,44352,妖相百斩·SP洪荒无极
44353,,44353,应天·源
44356,,44356,群星之怒·上古星龙
44357,,44357,瀚空碧海之辰·上古星龙
44358,,44358,星神誓约·星魔（神启者）
44359,,44359,遨游星辰间·龙母
44363,,44363,希望龙神·厄尔庇斯
44364,,44364,苍雷怒涛·风暴龙的幻影
44366,,44366,末世幽火悯·赫菲斯托斯
44367,,44367,神域初晓之刻·王者龙母
44374,,44374,绝对水域·王者梅卡
44383,,44383,潜龙在渊·帝皇龙
44384,,44384,神龙佑世·帝皇龙
44385,,44385,苍龙御天·帝皇龙
44387,,44387,传世经典·景泰蓝（神启者）
44391,,44391,冥夜瞬影·王者黑翼王
44396,,44396,武绝凌天·传说貘
44398,,44398,巨神撼世·骸
44400,,44400,一念无明·藏灵一的幻影
44406,,44406,地龙天威·摩罗迦
44411,,44411,解构·王者世界
44412,,44412,尔等为臣·女帝
44418,,44418,旧约断罪书·撒迦利亚
44419,,44419,血色神灾·暗黑雷帝神
44420,,44420,苦具憎恚·嗔兽孔雀
44424,,44424,清辉朗月·王者望舒
44427,,44427,破晓棋局·无冕之王
44428,,44428,泰坦巨神王·普罗米修斯
44431,,44431,第六识·幻像
44442,,44442,赤焰星芒·王者菲尔
44443,,44443,深潜者·克拉肯
44446,,44446,梦幻云端之忆·梦
44447,,44447,特别邀约·梦
44452,,44452,未来计划·传说日月战武神
44453,,44453,神诫·宙斯
44454,,44454,缠绕者·利维坦
44456,,44456,混沌之子·厄瑞玻斯
44457,,44457,深渊意志·拉莱耶
44464,,44464,深渊の呼唤·克希拉
44466,,44466,星辉羁绊·圣天伊
44470,,44470,空间魂梦·传说伊撒尔
44471,,44471,精英·守径者怪物
44474,,44474,至圣不朽之勋·奥丁大帝
44475,,44475,神权规诫准则·吉尔伽美什
44476,,44476,浅樱铃音·欧若拉
44480,,44480,魔神之影·侵蚀
44482,,44482,繁星流转宇宙生灭·银河
44484,,44484,暗物质创世母神·提亚玛特
44486,,44486,星宇之噬·银河
44495,,44495,命运福音·亚当
44496,,44496,天国恩光·天使王
44497,,44497,逆转未来·光明英雄
44503,,44503,绿野扉光·王者可兰
44504,,44504,未来计划·传说冥夜君狼王
44507,,44507,圣祷安魂曲·露易丝
44514,,44514,夺命魔弹·枪神王
44516,,44516,苍月之剑·月下绯
44517,,44517,众生自然之灵·盖亚
44519,,44519,自然庇护·盖亚
44520,,44520,花之絮语·薇薇安
44525,,44525,无垢幻境·白皇星焰
44526,,44526,残月烬灭·幻尊星瞬
44527,,44527,终极神威·王牌战队
44528,,44528,红颜傲骨·穆桂英
44530,,44530,燃愿之念·温妮
44537,,44537,诸邪无我·八岐龙吟
44538,,44538,龙啸奥义·龙皇辉斗
44541,,44541,咏春意千秋魂·奇灵王
44543,,44543,千秋武魂·咏春
44545,,44545,至诚之心·卡亚
44552,,44552,万古龙魂·龍
44553,,44553,朱染雀羽·雀皇紫辰
44566,,44566,引万意掌器界·阿赖耶识
44575,,44575,无量乐土·末那
44577,,44577,宿命之尘·尘纱
44582,,44582,横扫沧海·龙太子
44583,,44583,梅落神穹·乾坤
44584,,44584,天道秩序之尊·乾坤
44592,,44592,深渊の凝视·SP奈亚
44593,,44593,醉心梅开·洛洛离
44596,,44596,流云碧落日月之辉·羲和
44611,,44611,熵寂·愚者
44616,,44616,星穹溯光苍生为棋·银河
44624,,44624,天与海的誓言·SP梦
44626,,44626,最强人类·无限
44627,,44627,青锋飒沓·鱼肠
44634,,44634,噬神者·柏拉图
44639,,44639,英雄之火·菲尔
44643,,44643,虚空权能之神·格劳孔
44644,,44644,纯白之灾厄·海蒂拉玛
44648,,44648,灾厄救世主·海蒂拉玛
44654,,44654,天地开辟诸界降诞·盘古
44655,,44655,鏖战尘世·盘古
44659,,44659,轻云敝月众生随·女娲
44664,,44664,山海立万物生·女娲
44665,,44665,山海玄女·须须罗（神启者）
44674,,44674,剑挽沧溟·梅卡
44679,,44679,太阳神的庇护·阿波罗
44681,,44681,倾心月桂·达芙妮
44686,,44686,永远的精灵王·伊撒尔
44689,,44689,万界混沌之主·卡奥斯
44690,,44690,缱绻花吻·莉莉丝
44699,,44699,幽夜蝶舞·夜兰
44702,,44702,裂斩沧澜·帝皇龙
44703,,44703,荒宇独霸·帝皇龙
44709,,44709,纯白之羽·米迦勒
44710,,44710,漆黑之翼·路西法
44713,,44713,生命初始之章·龙母
44724,,44724,大道无形·天命王
44729,,44729,水墨行·翎
44734,,44734,泰坦神铠·骸
44736,,44736,不染尘·瑠璃
44741,,44741,太极化万象·东皇太一
44744,,44744,太极之源·太初
44752,,44752,臣服于我·女帝
44760,,44760,晞光的祈唤·王者羲和
44767,,44767,轮回誓约·无冕之王
44790,,44790,异星诡影·别西卜
44799,,44799,秩序之子·昆仑
44800,,44800,秩序万界之柱·乾坤
44807,,44807,贤者的悲歌·L
44808,,44808,最后的贤者·艾蕾
44814,,44814,永恒裁决之枪·奥丁大帝
44816,,44816,断罪神灵之刻·吉尔伽美什
44822,,44822,罪域裁决龙神·撒迦利亚
44826,,44826,万物新生的呼唤·可兰
44831,,44831,多元·愚者
44833,,44833,陨尘造物星神主·星尘
44840,,44840,重构·世界
44842,,44842,星神宫之主·上古星龙
44858,,44858,邪心幻刃·念
44865,,44865,万龙之主·至高龙尊
44866,,44866,光启精灵王-伊撒尔
44867,,44867,木之精灵王-可兰
44868,,44868,净化之光-拉克丝
44869,,44869,梦幻之光-罗塔纱
44870,,44870,水之精灵王-梅卡
44871,,44871,光启时代-圣天伊
44872,,44872,火之精灵王-菲尔
44874,,44874,暗月千面-艾琳
44875,,44875,守护之光-米垭
44879,,44879,神羽曙光-奥天
44880,,44880,重枪风暴-合金猛将
44881,,44881,圣窗余晖-米迦勒
44882,,44882,繁星余迹-路西法
44883,,44883,绝代兵神-韩信
44884,,44884,神峰圣护-山脉之魂
44890,,44890,幽冥主宰-哈迪斯
44891,,44891,怒海狂潮-金刚库巴
44892,,44892,猩红序曲-露易丝
44893,,44893,绿叶咆哮-棕叶战熊
44898,,44898,永恒源晶裁决之龙-阿卜苏
44899,,44899,生命使徒-瓦利
44900,,44900,灵魂使徒-卡莉的幻影
44901,,44901,力量使徒-烁厉
44902,,44902,时间使徒-诺栗
44904,,44904,天使圣音-姬露比
44909,,44909,寰宇鎏金星河入怀-银河
44910,,44910,灯笼精灵-秦始皇嬴政
44911,,44911,无我之境-力量王
44916,,44916,灯笼精灵-愚者
44917,,44917,福瑞降人间-圣王麒麟
44920,,44920,圣宇星轨时扉之光-羲和
44921,,44921,GOD-无冕之王
44922,,44922,GOD-无冕之王
44923,,44923,解构万物之眼-赫耳墨斯
44924,,44924,解构万物之眼-赫耳墨斯
44925,,44925,执掌因果万世轮回-帝俊
44926,,44926,瑞兔赐福-卯小兔
44927,,44927,浮生浮灭万意恒常-阿赖耶识
44939,,44939,旃檀功德-唐三藏
44940,,44940,齐天大圣-孙悟空
44941,,44941,德安万世-唐太宗李世民
44942,,44942,天蓬元帅-猪八戒
44945,,44945,灯笼精灵-梦
44946,,44946,众生乐土万灵随行-末那
44947,,44947,海枯之心-白京京
44952,,44952,谪仙剑无双-李白
44953,,44953,暗能涌动星海创生-提亚玛特
44955,,44955,凛冬之意-瓦格纳
44957,,44957,剑影抚落忆-孙尚香
44958,,44958,清辉映星河-望舒
44959,,44959,三位一体-至尊精灵王
44960,,44960,卷帘大将-沙悟净
44964,,44964,深渊安魂曲-奈亚
44965,,44965,天道暗御-阴
44967,,44967,踏阴阳定荒宇-东皇太一
44968,,44968,引尘造万物-星尘
44969,,44969,天道曜护-阳
44971,,44971,阴阳割昏晓-天道无极
44973,,44973,霜佑北境-帕里斯
44977,,44977,千山落樱之辉-夜樱
44978,,44978,荷风引水色-瑠璃
44979,,44979,大汉天子-汉武帝刘彻
44980,,44980,月魄孤影-神武月
44987,,44987,神炎日冕-战无炎
44994,,44994,至圣神王裁决-奥丁大帝
44995,,44995,源星之归引-上古星龙
44996,,44996,深渊穿梭者-律
44997,,44997,沙漠之心-阿努比斯
44999,,44999,救世的执妄愚人-公爵
45000,,45000,星穹庇世之翼-赫耳墨斯
45001,,45001,守护众生之愿-瓦尔基里
45007,,45007,永劫破灭混沌至尊-卡奥斯
45008,,45008,一代天骄-成吉思汗铁木真
45009,,45009,枯骨之花-莉莉丝
45010,,45010,曲音落花间-貂蝉
45019,,45019,创灵众生-通灵王
45020,,45020,白灵之尊-狼王
45021,,45021,万世独霸龙族至尊-帝皇龙
45022,,45022,荒宇独霸-帝皇龙
45023,,45023,倾世之寒-始祖冰龙
45025,,45025,星轨圣裁之回响-羲和
45026,,45026,雅克守护者-神罗麦提
45030,,45030,破虚空衍群龙-龙母
45031,,45031,破碎虚实之境-虚空龙灵
45033,,45033,龙族新歌-玲玲珑
45038,,45038,斐灵之心-皮塔
45042,,45042,圣树临辉光暗双耀-奇灵王
45043,,45043,慧心渊识之智-密涅瓦
45044,,45044,大妖血脉-妖王冽
45050,,45050,春晖神女-可兰
45052,,45052,湍流激越-橙李
45053,,45053,戮器仁心-帝刃
45054,,45054,希望永存世间-潘多拉
45055,,45055,天国守护者-白天使王
45064,,45064,沧海遗珠-沫夏
45066,,45066,防御型极乐卫兵
45074,,45074,睥睨众臣-女帝
45075,,45075,至高启示-真理之后
45076,,45076,冰封之心-伊莎女王
45082,,45082,深渊之契-绮美拉
45083,,45083,绝影蚀月-黑翼王
45084,,45084,幽冥千炼-鬼墨无忧
45093,,45093,棋临无间-无冕之王
45095,,45095,逐愿淬光之明-阿格蕾亚
45096,,45096,冥骸蚀暗-阿修罗
45097,,45097,逐梦追光-布灵灵
45104,,45104,王者加冕-圣天伊
45105,,45105,王者加冕-黄金圣天伊
45111,,45111,无垠-愚者
45112,,45112,陨灭-世界
45113,,45113,甜蜜信使-愚者
45114,,45114,博物馆奇妙夜-梁龙
45118,,45118,邃古凌苍-日月战武神
45121,,45121,混沌恩赐-厄瑞玻斯
45122,,45122,万象始源之刻-赫耳墨斯
45124,,45124,鸣劫制裁-雷霆青龙
45130,,45130,漆夜破空之刃-使者
45131,,45131,漆漆-使者
45132,,45132,荒炎焚天-飓焰朱雀
45136,,45136,万王天谕-圣王麒麟
45137,,45137,天地惊弦-六龙圣王
45142,,45142,圣魂觉醒-伊撒尔
45143,,45143,时序之光-洛羲
45147,,45147,绝天穿梭之界-时空王
45148,,45148,贵妃游园-杨玉环
45152,,45152,极乐欲界天魔主-波旬
45153,,45153,神威重壁-惊涛玄武
45154,,45154,圣铃妙音众识浮沉-阿赖耶识
45162,,45162,真炎神君-菲尔
45163,,45163,傲凡尘启仙灵-女娲
45164,,45164,妙笔创生绘世-女娲
45165,,45165,午夜大冒险-黑夜童心
45166,,45166,庇天之白翼-修罗
45171,,45171,伊甸园的余晖-亚当
45174,,45174,超越纪元的新生-海蒂拉玛
45175,,45175,无言的祈愿-海蒂拉玛
45178,,45178,玄墨藏锋-龙宵
45182,,45182,源水风暴-梅卡
45183,,45183,在水一方-西施
45185,,45185,驱灵神捕-琳琅
45187,,45187,星宇之隙穹宙之辉-银河
45188,,45188,万神之王-宙斯
45193,,45193,黄泉归引-孟婆
45196,,45196,造自然耀万物-盖亚
45197,,45197,荒秽堕墟-阿波菲斯
45198,,45198,蜀汉霸业-汉昭烈帝刘备
45199,,45199,自然恩赐-薇薇安
45203,,45203,恶魔之主-撒旦
45206,,45206,始祖大天使-尼斯洛克
45207,,45207,地狱天使-纳菲利姆
45208,,45208,夜与月的蔷薇-夜兰
45214,,45214,绝望噬影-尼德霍格
45215,,45215,童话小屋-可爱猫咪
45217,,45217,神兽尊主-苍穹圣龙
45219,,45219,破天之黑刃-凯撒
45220,,45220,鼎立九州-夏帝大禹
45225,,45225,异界史诗-渡
45226,,45226,异界史诗-渡（不朽者）
45227,,45227,征战之旅-神都王
45228,,45228,讨伐之旅-勇者
45230,,45230,狂肆之旅-邪神
45231,,45231,葬魂曲-死神弥尔
45235,,45235,瞰世之棘-亘古树灵
45236,,45236,余烬初王-洛兰
45240,,45240,霜寒冰域-上古龙女
45241,,45241,炽天炎境-上古龙女
45243,,45243,缘分一线牵-小狐仙
45247,,45247,天道秩序诸界主宰-乾坤
45248,,45248,花醉风清-洛洛离
45253,,45253,爱与美的赞歌-维纳斯
45254,,45254,大道无名-天命王
45257,,45257,天穹苍翼-圣修暗凯帝
45258,,45258,魔神再临-以撒
45259,,45259,赤月刀姬-曰
45262,,45262,冰与火之舞-炽寒天凤
45263,,45263,逆律之触-伊西斯
45264,,45264,龙年纪念-贝贝龙
45265,,45265,永恒炽阳-神阿波罗
45272,,45272,创世织梦之眷-赫耳墨斯
45275,,45275,如星永伴长夜-梦
45281,,45281,九霄帝姬-巫山神女
45282,,45282,霸世枭雄-魏武帝曹操
45283,,45283,炎刃燎原-赤霄
45289,,45289,破晓圣光-白羽公主
45290,,45290,惊雷烁光-幻雷
45291,,45291,原初骑士-洛兰
45293,,45293,横扫三界-孙悟空
45294,,45294,恶魔的私语-路西法
45295,,45295,永夜之主-夜王
45299,,45299,幻世镜梦-谴
45300,,45300,翼龙之子-凌风
45301,,45301,长夜墟渊-烛龙
45302,,45302,剑逐山河-轩辕夏禹
45303,,45303,赤帝-祝融
45304,,45304,超界奇迹-龙星诺
45307,,45307,浮士德-归零者
45309,,45309,水神-共工
45310,,45310,幻海奇迹-水星诺
45314,,45314,青山沐日天地无疆-盘古
45315,,45315,后土玄黄-岁岁祈
45316,,45316,梵星音律-乾达婆
45317,,45317,日曜奇迹-太阳星诺
45318,,45318,月辉奇迹-月亮星诺
45324,,45324,星启万象-智慧王
45326,,45326,苍森奇迹-木星诺
45327,,45327,次元守护-伊撒尔
45328,,45328,沙都守护者-曼珠沙华
45329,,45329,烈焰奇迹-火星诺
45330,,45330,诺言之神-星诺玛
45331,,45331,炎龙之子-炎王
45332,,45332,金翅神羽-迦楼罗
45333,,45333,星光奇迹-圣灵星诺
45336,,45336,群星守护寰宇光辉-神银河
45337,,45337,暗宇之质万物之初-提亚玛特
45339,,45339,魂之缚-奇诺
45344,,45344,创世罪裁龙神-撒迦利亚
45345,,45345,晨光樱语-欧若拉
45346,,45346,凰权天下-帝女夙
45347,,45347,审判命运之战-奥丁大帝
45348,,45348,影龙之子-帝卡
45349,,45349,末裔之歌-海伦娜
45351,,45351,神国圣赐之羽-弗丽嘉
45353,,45353,诸天神通-帝释天
45358,,45358,王权断罪之章-吉尔伽美什
45360,,45360,混沌寂烬-厄瑞玻斯
45361,,45361,苍松剑意-干将
45364,,45364,混沌始源万物终湮-卡奥斯
45365,,45365,生于哀骨之花-莉莉丝
45366,,45366,巨龙之子-明王
45370,,45370,尼伯龙根之主-法芙娜3号
45371,,45371,深渊缠绕者-利维坦
45376,,45376,晖光轮回女神-梅比乌斯
45377,,45377,冰霜亡域-巫妖王
45379,,45379,选项B
45380,,45380,选项B
45381,,45381,选项B
45382,,45382,绝望轮回女神-梅比乌斯
45383,,45383,炎魂永燃-魔焰吉拉
45384,,45384,潮汐庇护-古渊露龙
45391,,45391,寰宇皆臣-女帝
45392,,45392,明月剑心-莫邪
45394,,45394,苍翠守望-终结兔
45397,,45397,终末的残响-奈亚
45400,,45400,审神律理-无冕之王
45401,,45401,星月交辉-一生一世
45402,,45402,断海沧澜-龙太子
45413,,45413,逐光深坠-克希拉
45414,,45414,白魔法师-真言诺亚
45422,,45422,无始无明之境-阿赖耶识
45427,,45427,寒夜破晓之刃-使者
45428,,45428,千里踏燕-鱼肠
45431,,45431,九柱神临缔世碑火-阿蒙王
45432,,45432,逐星遥旅-艾蕾
45433,,45433,神威地龙-摩罗迦
45438,,45438,墟尽神临之噬-赫耳墨斯
45439,,45439,噬界傀人-赫耳墨斯
45443,,45443,星芒圣佑-创世星灵
45444,,45444,孤影剑界-苏铁
45446,,45446,圣火炽天使-塞勒芙
45447,,45447,幽星荒主-天元夜神
45450,,45450,圣裁座天使-奥菲妮
45451,,45451,剑影迷踪-承影
45452,,45452,永恒圣穹焚罪终裁-阿卜苏
45453,,45453,孤胆英雄-赵云
45457,,45457,吾即永恒-阿卜苏
45458,,45458,圣律智天使-姬露比
45464,,45464,万序之启-源
45467,,45467,灵骸烬染之潮-夜樱
45468,,45468,月影映夜斓-夜樱
45469,,45469,阴阳山大祭师-东皇极
45471,,45471,乘清气御阴阳-东皇太一
45474,,45474,浮游天地乘风去-逍遥
45475,,45475,瑶琴迷阵-诸葛亮
45476,,45476,风摇清荷影-瑠璃
45482,,45482,坐忘无我化生万象-天道无极
45483,,45483,日月映海晨曦微露-羲和
45484,,45484,天人共铸-纯钧
45488,,45488,黑翎之妄朽界之暗-梵天
45489,,45489,武道至尊-龙皇辉斗
45491,,45491,幻相至尊-白皇星焰
45492,,45492,涅槃至尊-雀皇紫辰
45493,,45493,天启纪元缔世圣冕-梵天
45494,,45494,横戟破军-吕布
45495,,45495,天使精灵
45502,,45502,神行至尊-玄皇耀凌
45504,,45504,原初灵械-SR原型机
45505,,45505,复生者-帕克
45506,,45506,无畏重铠-达鲁
45509,,45509,诡影噬夜-黑翼王
45512,,45512,全维衍化之钥-阿比斯
45513,,45513,血月之引-露易丝
45514,,45514,异度刀姬-尤尼梅特
45515,,45515,灵智终端-黛拉
45523,,45523,建构终端-格莉娅
45524,,45524,幻游终端-妮娜
45526,,45526,圣仪临世-烈焰凤凰
45527,,45527,一剑封魂-白夜叉
45528,,45528,剑指天下-太阿
45532,,45532,穹星创迹苍宇生辉-银河
45533,,45533,幽冥奇迹-黑星诺
45539,,45539,空寂无尘万法唯心-阿赖耶识
45540,,45540,统界神权王者-帝皇龙
45544,,45544,绯龙之契源晶之辉-阿卜苏
45545,,45545,蛇影魔瞳-美杜莎
45546,,45546,蛇年纪念-小星诺
45552,,45552,星冕-愚者
45553,,45553,无祸-女皇
45556,,45556,凝尘造界之星神-星尘
45561,,45561,龙吟瑞雪-圣王麒麟
45562,,45562,悟道成佛-孙悟空
45564,,45564,一桥一诺一相逢-梦
45566,,45566,重击雷霆-铁拳袋鼠
45572,,45572,忘川送魂-孟婆
45573,,45573,三生花缘-知世
45574,,45574,幽泉使者-孟婆
45576,,45576,吞天黑潮-凯撒
45577,,45577,飞剑游云-湛卢
45578,,45578,神霆点苍-奇灵王
45579,,45579,纵马引弓巾帼志-孙尚香
45588,,45588,曙天煌翼-修罗
45590,,45590,时序永前万境永在-时空王
45592,,45592,时渊裂缝-时间之神
45594,,45594,砂海栖心-洛羲
45595,,45595,玄潭游龙-七星龙渊
45597,,45597,日辉月影之扉-羲和
45598,,45598,虚堕之君王-贝利亚尔
45599,,45599,大河龙女-海纳百川
45607,,45607,荒原苍焰-狼王
45610,,45610,怒焰裁世-狂龙
45614,,45614,不朽龙主-巴哈姆特
45615,,45615,东方秘毒-鹤顶红
45616,,45616,欲金之君王-撒共姆
45622,,45622,创界悯世之颂祷-龙母
45623,,45623,七罪圣裁-伊撒尔
45627,,45627,棋谕万象之冠-真理之后
45632,,45632,魅魇之惑-始祖影龙
45637,,45637,圣咏御天使-银
45640,,45640,万理炽天使-K
45643,,45643,月渊万相-艾琳
45644,,45644,光穹永耀之辉-天使王
45645,,45645,预命之君王-瓦沙克
45652,,45652,星誓交响之律-星诺玛
45654,,45654,终极王者-王牌战队
45655,,45655,生命牧歌-辉月战骑
45657,,45657,纪元初光之回响-圣天伊
45659,,45659,雪域圣主-冰雪女皇
45663,,45663,诡匿之君王-巴拉姆
45672,,45672,宙域终律-上古星龙
45673,,45673,宙域终律-上古星龙（星神之躯）
45680,,45680,天地之始祖-盘古
45682,,45682,造化之祖神-女娲
45685,,45685,日月时境御主-羲和
45686,,45686,山河息壤-岁岁祈
45689,,45689,纪元弈主-无冕之王
45691,,45691,灾变之君王-拜恩
45693,,45693,世外录-天女
45694,,45694,星芒蜕蝶-时舞
45705,,45705,解离森罗之瞳-赫耳墨斯
45713,,45713,无尽轮回此间永恒-梅比乌斯
45715,,45715,东方秘毒-牵机药
45717,,45717,暗潮星漩创界之渊-提亚玛特
45718,,45718,深空之眼-小宇宙
45719,,45719,白翼破晓-自由之神
45723,,45723,纪元至高之引-海蒂拉玛
45724,,45724,渊秘之君王-派蒙
45731,,45731,绯鳞审判永恒龙辉-阿卜苏
45736,,45736,逆神意志-GOD无冕之王
45737,,45737,GOD
45738,,45738,东方秘毒-断肠草
45742,,45742,永茂不凋之王庭-森林女皇
45748,,45748,自然之母神-盖亚
45749,,45749,诱火之君王-阿斯摩太
45755,,45755,无竭命核-渡（不朽者）
45762,,45762,虚环-愚者
45764,,45764,大荒共主-天帝昊天
45765,,45765,九幽业火-魔君夜渊
45769,,45769,启界骑士-洛兰
45772,,45772,愿光守夜之华-阿格蕾亚
45773,,45773,隐序之君王-普尔森
45779,,45779,深渊的回音-奈亚
45783,,45783,深渊的约定-克希拉
45788,,45788,瞳中幽墟-绮美拉
45791,,45791,深渊星阶-律
45792,,45792,腐殖之君王-贝雷特
45798,,45798,众神之尊-宙斯
45801,,45801,苍雪之源霜-上古龙女
45805,,45805,灼天​燎宇-上古龙女
45806,,45806,冥霆之君王-巴尔
45810,,45810,永夜苍焰-冥夜君狼王
45811,,45811,终始之茎-亘古树灵
45812,,45812,爱与美的恩泽-维纳斯
45814,,45814,欢嬉之欲-​愉
45824,,45824,天垣龙谕-龍
45826,,45826,原初创生之翼-龙母
45830,,45830,星涡归溯隙间守望-银河
45831,,45831,黑暗丰穰-莎布
45839,,45839,万灵溯生之御-盖亚
45840,,45840,无量境主-末那
45846,,45846,万识莲台​浮音渡世-阿赖耶识
45852,,45852,穹宇枢星​-仙王座
45856,,45856,绣缔朝暮花诏寄心-梦
45858,,45858,太古永生-乌姆尔
45866,,45866,诸因起源诸界归墟-卡奥斯
45870,,45870,山海化育仙籁启灵-女娲
45879,,45879,冰羽焰翎霜火凤鸣-炽寒天凤
45880,,45880,冰羽焰翎霜火凤鸣-炽焰·天凤
45889,,45889,瑞昭万象-圣王麒麟
45891,,45891,星律咏叹-海蒂拉玛
45898,,45898,万魂映月之主-夜樱
45902,,45902,万象纪-天女
46000,,46000,万欲之源众望终响-祈
50001,,50001,兔小子
50003,,50003,大师兔
50006,,50006,爆焰吉拉
50009,,50009,露西亚
50010,,50010,朵朵兔
50011,,50011,雪咪兔
50012,,50012,寒冰玉兔
50016,,50016,闪光河豚
50021,,50021,半沙斗士
50039,,50039,伊莎女王
50072,,50072,斯多王
50078,,50078,铁甲卫士
50087,,50087,冰拳艾司
50096,,50096,金刚库巴
50099,,50099,火花龙
50102,,50102,合金猛将
50103,,50103,赤月
50105,,50105,神武月
50109,,50109,炎风
50111,,50111,战无炎
50147,,50147,芭比鹿
50156,,50156,霹雳星
50168,,50168,神杖执事
50171,,50171,雅夫人
50174,,50174,赤炎战斗龙
50177,,50177,骰子大王
50180,,50180,夜一
50198,,50198,卡布罗格
50215,,50215,青龙灵兽
50241,,50241,毒菇球
50261,,50261,圆角木羊
50270,,50270,木人桩
50278,,50278,烈焰鸟
50290,,50290,七星神龙
50301,,50301,达鲁
50317,,50317,天使莱特
50320,,50320,雷帝神
50323,,50323,梅卡
50328,,50328,SR战士
50388,,50388,玄武灵兽
50418,,50418,山脉之魂
50461,,50461,黑化念
50503,,50503,SR勇士
50504,,50504,先锋SR
50506,,50506,烈焰凤凰
50604,,50604,念
50624,,50624,白虎灵兽
50659,,50659,电击拳怪
50728,,50728,凯撒
50731,,50731,修罗
50741,,50741,朱雀灵兽
50744,,50744,梅卡之魂
50778,,50778,红莲
50794,,50794,奇灵王
50807,,50807,苍蓝
50828,,50828,菲尔之魂
50852,,50852,碎风
50860,,50860,关羽
50869,,50869,通灵巫师
50931,,50931,赵云
50944,,50944,可兰之魂
50946,,50946,紫渊
50948,,50948,刑风
50955,,50955,张飞
50973,,50973,红魔
50976,,50976,诸葛亮
50995,,50995,翡冷翠
51082,,51082,奥奇
51086,,51086,绿焰
51108,,51108,吕布
51122,,51122,狼王迪洛斯
51124,,51124,夜王狄米特
51170,,51170,夜兰
51225,,51225,刘备
51232,,51232,鲁曼
51250,,51250,纳兹
51259,,51259,友人契约书
51282,,51282,施瓦辛格
51291,,51291,塞娅
51296,,51296,幻炎
51310,,51310,玩偶
51320,,51320,伊泽
51350,,51350,赤翼魔龙王
51362,,51362,阿波罗
51414,,51414,九尾冰狐
51423,,51423,噬月武神
51426,,51426,黑炎龙
51429,,51429,洛基
51440,,51440,佐罗门
51442,,51442,卡卡修
51450,,51450,千年瑞兽
51469,,51469,水星诺
51479,,51479,苍穹圣龙
51483,,51483,机械星诺
51538,,51538,炼狱战狮
51539,,51539,炼狱狮王
51541,,51541,魔戒邪灵
51616,,51616,剑圣太白
51639,,51639,圣光修罗
51645,,51645,圣盾
51680,,51680,帝刃
51705,,51705,疾风终结者
51706,,51706,暗影凯撒
51716,,51716,奥天
51736,,51736,幻象格杀者
51752,,51752,惊涛玄武
51753,,51753,炎·阳
51754,,51754,炎王·火龙态
51767,,51767,五阶霜炎法神
51776,,51776,卡皮特
51777,,51777,帝卡·影龙态
51792,,51792,天怒
51812,,51812,疾星
51824,,51824,大明王
51825,,51825,明王·巨龙态
51830,,51830,雷霆
51832,,51832,万钧
51834,,51834,火跃鸟
51837,,51837,使者加比
51842,,51842,光·加比
51843,,51843,翼·加比
51845,,51845,光暗弑神
51858,,51858,训练师加比
51861,,51861,龙刃
51869,,51869,圣王麒麟
51871,,51871,天冲
51872,,51872,多多罗
51873,,51873,冰罗皇冰龙态
51876,,51876,炼金师加比
51883,,51883,阿姆斯特
51884,,51884,伊乐
51893,,51893,擎空
51896,,51896,光龙•圣天伊
51899,,51899,智慧加比
51902,,51902,炽天
51908,,51908,勇气加比
51911,,51911,炽燎天
51912,,51912,擎霸空
51924,,51924,精英银魂
51926,,51926,帝王奇灵
51937,,51937,梦想加比
51946,,51946,坠星
51948,,51948,精英破军
51962,,51962,圣羽凌风
51975,,51975,飓焰朱雀
51977,,51977,源
51985,,51985,断空翼皇
51990,,51990,苍耀光圣
52016,,52016,黑化的奇纳
52020,,52020,无念
52026,,52026,菲洛
52033,,52033,风暴龙
52035,,52035,暗影魔将
52049,,52049,艾恩
52050,,52050,煌炎战神
52061,,52061,魔小兵
52062,,52062,魔大将
52064,,52064,斗士豪达
52082,,52082,剑帝修纳
52140,,52140,魂刃夜王
52150,,52150,万王圣麒麟
52160,,52160,神照修罗王
52179,,52179,魂王天使雷米
52189,,52189,神焰天使乌利
52200,,52200,黯天凯撒皇
52201,,52201,黯天凯撒皇
52203,,52203,白皇分身
52205,,52205,炽魂帝吉拉
52215,,52215,幻尊星瞬
52217,,52217,极武兔皇
52224,,52224,龙皇辉斗
52227,,52227,暗行罗刹
52233,,52233,凌天霸青龙
52236,,52236,魏国小兵戊
52239,,52239,天天
52259,,52259,雀皇紫辰
52273,,52273,玄皇耀凌
52303,,52303,梵天
52306,,52306,幽冥影刃
52318,,52318,六识夜王
52319,,52319,六识夜王
52328,,52328,夜灵
52333,,52333,骑士杰洛
52378,,52378,超水精灵
52379,,52379,超火精灵
52380,,52380,超木精灵
52387,,52387,上古星龙
52389,,52389,炎辉
52390,,52390,超数码精灵
52394,,52394,超木角龙
52398,,52398,费曼
52400,,52400,沃特
52401,,52401,超巨岩
52402,,52402,超圣光
52405,,52405,超电精灵
52407,,52407,超土精灵
52412,,52412,噬心黑龙
52414,,52414,伍德
52426,,52426,卡谬
52427,,52427,月神
52428,,52428,炎帝
52439,,52439,弑神者兰斯洛
52440,,52440,星魔
52443,,52443,轩辕奇灵
52444,,52444,圣·帝伊
52446,,52446,罗狄
52449,,52449,雷怒青龙
52455,,52455,滔天白虎
52459,,52459,多米纳特
52468,,52468,鬼杀布莱克
52470,,52470,百变愚人盒
52474,,52474,史昂
52486,,52486,Zeta
52493,,52493,东皇天
52501,,52501,东皇道
52506,,52506,焚炙朱雀
52507,,52507,小阴
52508,,52508,小阳
52511,,52511,东皇无分身
52515,,52515,泰岳玄武
52517,,52517,东皇极
52521,,52521,阿鲁迪
52522,,52522,天宇圣龙
52526,,52526,阿牧牧
52531,,52531,烈阳火凤
52534,,52534,妖刀斩日
52543,,52543,冥剑断月
52545,,52545,逍遥
52549,,52549,游乐百变盒
52551,,52551,撒加
52574,,52574,轰雷迪斯
52577,,52577,暗煞魔龙王
52590,,52590,乾坤修罗神
52591,,52591,东皇太一
52595,,52595,阴
52603,,52603,超念
52608,,52608,青鸾
52611,,52611,狂暴天帝龙皇
52615,,52615,艾欧尼亚
52618,,52618,堕天凯撒帝
52623,,52623,阳
52632,,52632,战武雄·曹操
52637,,52637,天道无极
52643,,52643,杰瑞米
52646,,52646,八荒混沌
52651,,52651,幻刃米奥
52664,,52664,神威吕布
52671,,52671,神·白皇星焰
52673,,52673,童虎
52675,,52675,炽尊狼王
52679,,52679,维托尔
52681,,52681,天鹰雨果
52689,,52689,神·雀皇紫辰
52691,,52691,米罗
52693,,52693,炽狱吉拉
52696,,52696,神雷·玄皇
52700,,52700,威虎但丁
52701,,52701,神·龙皇辉斗
52707,,52707,尤里
52710,,52710,神·梵天
52714,,52714,超源·土
52716,,52716,圣星矢
52725,,52725,狂鲨歌德
52729,,52729,暗夜幽兰
52730,,52730,魔君夜王
52744,,52744,魏国小兵丙
52760,,52760,拜伦
52774,,52774,归零者
52792,,52792,自由之神
52794,,52794,圣冕麒麟
52801,,52801,龙太子
52845,,52845,哉
52859,,52859,白无冴
52865,,52865,日月战武神
52901,,52901,麦迪文
52924,,52924,真言诺亚
52926,,52926,暗夜辰星
52932,,52932,圣堂伯爵
52937,,52937,三界弑神
52941,,52941,帝女夙
52945,,52945,圣堂伯爵
52961,,52961,天神白·兵
52963,,52963,天神劫
52964,,52964,帝天麟
52965,,52965,帝天麟
52980,,52980,魔域星君
52994,,52994,冥夜君狼王
52997,,52997,戮
52998,,52998,白翼御天使银
53001,,53001,六翼堕天使戮
53016,,53016,金翼炽天使K
53028,,53028,天使王·完全体
53030,,53030,乾坤修罗神·完全体
53035,,53035,神迹圣天伊·完全体
53036,,53036,轩辕奇灵·完全体
53040,,53040,东皇太一·完全体
53046,,53046,战火之王
53047,,53047,神农·完全体
53048,,53048,女娲·完全体
53049,,53049,轩辕·完全体
53051,,53051,盘古·完全体
53065,,53065,堕天凯撒帝·完全体
53068,,53068,归零者·完全体
53075,,53075,黑翼王·完全体
53079,,53079,貘·完全体
53080,,53080,神迹炎王·完全体
53084,,53084,天焰菲尔·完全体
53085,,53085,宙斯·完全体
53087,,53087,战火之王·完全体
53090,,53090,无冕之王·完全体
53093,,53093,雷怒青龙·完全体
53094,,53094,滔天白虎·完全体
53095,,53095,焚炙朱雀·完全体
53099,,53099,猩猩队长
53100,,53100,日月战武神·完全体
53101,,53101,天宇圣龙·完全体
53110,,53110,Zeta·完全体
53112,,53112,御星痕
53114,,53114,天帝龙皇·完全体
53124,,53124,伏羲·完全体
53125,,53125,超源·完全体
53131,,53131,鬼墨小怪
53138,,53138,鬼墨无虑
53145,,53145,圣修暗凯帝·完全体
53157,,53157,千机变
53162,,53162,天吟降龙
53165,,53165,森罗可兰·完全体
53167,,53167,神迹冰罗皇·完全体
53168,,53168,冥夜君狼王•完全体
53172,,53172,龙吟守·完全体
53173,,53173,八岐大蛇·完全体
53176,,53176,传奇圣天伊
53177,,53177,黄金传奇圣天伊
53180,,53180,传奇阿波罗
53186,,53186,兵神韩信
53187,,53187,传奇Zeta
53188,,53188,传奇哈迪斯
53190,,53190,雪无冰姬
53191,,53191,传奇冰雪女皇
53192,,53192,雪无寒灵
53193,,53193,传奇阴
53194,,53194,传奇阳
53196,,53196,传奇天道无极
53202,,53202,传奇莎莎
53205,,53205,天元夜神
53210,,53210,御星璃
53211,,53211,煌
53214,,53214,洪荒王
53215,,53215,传奇烈焰凤凰
53216,,53216,传奇奇灵王
53217,,53217,传奇圣冕麒麟
53218,,53218,传奇龙太子
53220,,53220,传奇梅卡
53222,,53222,传奇雷帝神
53223,,53223,传奇奥天
53224,,53224,传奇炎帝
53225,,53225,传奇张飞
53226,,53226,天命
53227,,53227,传奇黑炎龙
53229,,53229,宿命
53230,,53230,命运之神
53234,,53234,传奇黑翼王
53237,,53237,影月
53238,,53238,传奇星魔
53239,,53239,审判之神
53242,,53242,传奇星龙
53249,,53249,传奇东皇太一
53251,,53251,诅咒之神
53256,,53256,智慧王
53258,,53258,枪神赵子龙
53259,,53259,传奇凯撒帝
53261,,53261,传奇孙悟空
53264,,53264,毁灭之神
53267,,53267,传奇修罗神
53274,,53274,传奇夜王
53277,,53277,灭
53280,,53280,王植
53282,,53282,传奇炽天使K
53288,,53288,传奇天使王
53289,,53289,传奇无冕之王
53298,,53298,力量王
53302,,53302,枪神王
53318,,53318,传奇可兰
53320,,53320,传奇白虎
53322,,53322,传奇明王
53326,,53326,传奇朱雀
53354,,53354,传奇菲尔
53363,,53363,梅花K·纳兹戈林
53365,,53365,传奇战火之王
53366,,53366,始祖炎龙
53372,,53372,始祖翼龙
53378,,53378,传奇貘
53380,,53380,[王者羁绊]圣天伊
53381,,53381,[远古精灵王]伊撒尔
53384,,53384,[斗转星移]智慧王
53387,,53387,[太阴]幽荧
53388,,53388,[远古大妖]大天狗
53390,,53390,[太阳]烛照之影
53392,,53392,[火神]祝融
53396,,53396,[诸神之父]奥丁大帝
53399,,53399,[逢魔之约]阴阳
53402,,53402,[雷霆主宰]风暴龙
53403,,53403,[天罪弑神者]兰斯洛
53404,,53404,星辉·酒吞龙泉
53405,,53405,[天启堕神王]梵天
53406,,53406,[未来精灵王]梵天
53408,,53408,[亘古鸿蒙]力量王
53409,,53409,[天道守护]东皇太一
53412,,53412,[黄帝]轩辕
53414,,53414,[黄泉大神]伊邪那美
53416,,53416,[阴阳总帅]晴明
53417,,53417,[破坏神]须佐之男
53420,,53420,[鬼族之王]酒吞龙泉（式神）
53423,,53423,[金翅神]迦楼罗
53424,,53424,[万王加冕]圣王麒麟
53425,,53425,[上古月神]神武月
53427,,53427,[太阳神]阿波罗
53428,,53428,[上古炎帝]战无炎
53429,,53429,[一代宗师]奇灵王
53433,,53433,[永夜君主]夜王之影
53435,,53435,[白灵圣君]狼王之影
53437,,53437,[神之使者]阿努比斯
53438,,53438,[宇宙秩序]毗湿奴
53446,,53446,[七十二柱]所罗门王之影
53453,,53453,[众灵初始]通灵王
53454,,53454,[星界霸主]上古星龙
53456,,53456,[星神十三宫]星魔
53465,,53465,[浴火重生]烈焰凤凰
53466,,53466,[希望之神]奥天
53468,,53468,[冰火涅槃]炽寒天凤
53469,,53469,[龙族至尊]帝皇龙
53472,,53472,[圣光之子]修罗之影
53474,,53474,[圣堂祭祀]夕颜
53476,,53476,[齐天大圣]孙悟空
53479,,53479,[圣堂刺客]半夏
53480,,53480,[恶魔之子]凯撒
53481,,53481,[绝界剑主]苏铁
53482,,53482,[圣堂之主]舜华
53483,,53483,[傲慢与偏见]归零者
53486,,53486,[战争与和平]自由之神
53491,,53491,[神行谍影]黑翼王
53493,,53493,[光暗传说]圣修暗凯帝
53495,,53495,[无尽神兵]银
53498,,53498,光·灭世魔龙
53504,,53504,[万物之始]源
53506,,53506,[星际女警]安娜
53507,,53507,[世界蛇]耶梦加得
53510,,53510,[应汝之愿]天使王
53511,,53511,[应汝之愿]天使王
53517,,53517,[黑客帝国]诺亚
53523,,53523,[绝地求生]枪神王
53527,,53527,[武绝苍穹]貘
53534,,53534,[最初的希望]终结兔
53535,,53535,[最初的希望]终结兔
53541,,53541,[开天辟地]盘古
53542,,53542,[开天辟地]盘古
53543,,53543,[洪荒王]御星煌
53553,,53553,[睡美人]夏娃
53559,,53559,[悬顶之剑]该隐
53560,,53560,[悬顶之剑]该隐
53565,,53565,[不动如山]玄武
53566,,53566,[四象归一]万灵王
53571,,53571,[烈焰红莲]朱雀
53576,,53576,[天下第一龙]龍
53579,,53579,[冰封的思念]尤莱亚
53583,,53583,[天道主宰]乾坤
53584,,53584,[天道主宰]乾坤
53592,,53592,[伍心开阳]姬如意
53604,,53604,[玉衡金仙]灵天释
53605,,53605,[玉衡金仙]灵天释
53608,,53608,[星现万物]王者智慧王
53610,,53610,[剑化阴阳]钧天
53617,,53617,[执掌天权]御渊
53618,,53618,[执掌天权]御渊
53620,,53620,[时间法则]王者伊撒尔
53636,,53636,[天玑天璇]重楼
53641,,53641,[御日月缔时光]羲和
53646,,53646,[天启之光]通灵梵天
53653,,53653,[幻灵灭杀]幻无极
53655,,53655,[八部天龙]龙太子
53656,,53656,[天命七星]神兵圣王
53664,,53664,[神爱世人]王者天使王
53666,,53666,[湮灭空间]九曜
53674,,53674,[神谕之光]绝界阿波罗
53678,,53678,[五虎鹏偃月]关羽
53683,,53683,[天焰至尊]王者菲尔
53694,,53694,[五虎凤燎原]马超
53695,,53695,[五虎凤燎原]马超
53697,,53697,[月亮女神]阿尔忒弥斯
53698,,53698,[月桂女神]达芙妮
53699,,53699,[月桂女神]达芙妮
53706,,53706,[贪婪之罪]神秘战无炎
53716,,53716,[星神主]绝界上古星龙
53719,,53719,[蜀汉天尊]刘备
53740,,53740,[空间法则]超维伊撒尔
53746,,53746,[龙族起源]龙母
53754,,53754,[万物生辉]王者可兰
53767,,53767,[堕怠之罪]大妖神武月
53781,,53781,[亚特兰蒂斯]通灵亚当
53794,,53794,[天地道无极]双生乾坤
53795,,53795,[天道主宰]乾坤
53796,,53796,[天地复初]乾坤
53800,,53800,[无界无序无限]时空王
53801,,53801,[皆为序曲]过去之神（诸神）
53810,,53810,[黑白相生]灵魂奇灵王
53811,,53811,[色欲之罪]暴君凯撒
53812,,53812,[嫉妒之罪]黯帝修罗
53818,,53818,[一发入魂]灵魂枪神王
53825,,53825,[武霸天下]灵魂貘
53831,,53831,[暗影之夜]绝界黑翼王（个体）
53845,,53845,[天国咏唱]命运天使王
53847,,53847,[地狱孤影]命运念
53855,,53855,[魔神王]以撒
53868,,53868,[傲世之灵]灵魂万灵王
53875,,53875,[傲睨万物]超维源
53877,,53877,[秩序起源]神启·乾坤
53878,,53878,[秩序神女]洛洛离（神启者）
53898,,53898,[欲望与苦难]命运所罗门王
53903,,53903,[自然起源]神启·盖亚
53904,,53904,[自然灵女]薇薇安（神启者）
53917,,53917,[大道轮回]灵魂天命王
53918,,53918,混沌精灵
53921,,53921,[混沌起源]神启·卡奥斯
53922,,53922,[混沌魔女]莉莉丝（神启者）
53923,,53923,星辉时代·圣天伊
53924,,53924,星辉时代·黄金圣天伊
53925,,53925,星辉少女·小熊座
53926,,53926,辉煌城主·天龙座
53928,,53928,救世天幕·时空王
53930,,53930,绯红女王·大熊座
53932,,53932,天穹之君·仙王座
53933,,53933,星宇之姬·仙后座
53936,,53936,自由女王·拜伦
53937,,53937,末世樱剑舞·千夏
53941,,53941,宇之终始星之诞灭·银河
53942,,53942,光翼缔造者·创世星灵的幻影
53946,,53946,神之战鳞·枪魂应龙
53947,,53947,神之皇鳞·剑魂白泽
53948,,53948,神之帝鳞·扇魂毕方
53950,,53950,无双剑意·剑帝修纳
53951,,53951,芳绯初樱·欧若拉的幻影
53952,,53952,天灾统领·巫妖王
53953,,53953,末世红镰闪·希尔瓦娜斯
53957,,53957,帅气的柴哥
53958,,53958,神之审判·白天使王
53959,,53959,魔之禁锢·黑天使王
53960,,53960,花晨月夕·洛羲
53963,,53963,大魔王·地
53964,,53964,天使恶魔·米迦勒x路西法
53965,,53965,天使恶魔·米迦勒x路西法
53966,,53966,万王天谕·圣王麒麟
53967,,53967,万事如意·锦毛鼠
53968,,53968,星轨圣裁之回响·羲和
53975,,53975,万世龙尊·帝皇龙
53976,,53976,仁者无敌·湛卢的幻影
53980,,53980,四灵之主·苍穹圣龙
53981,,53981,东方灵兽·青龙
53982,,53982,南方灵兽·朱雀
53983,,53983,开天地创净土·盘古
53984,,53984,西方灵兽·白虎
53986,,53986,斗战胜佛·孙悟空
53989,,53989,大暗黑·天
53990,,53990,无烬噩梦·伊撒尔
53992,,53992,威震天下·太阿的幻影
53995,,53995,伊邪那氏·那美x那岐
53996,,53996,伊邪那氏·那美x那岐
53997,,53997,森林之息·花冠公主
53999,,53999,第一真祖·黑翼王
54000,,54000,覆天之影·黑翼王
54002,,54002,第二真祖·露易丝
54003,,54003,百花绽·春分
54004,,54004,万神之王·宙斯的幻影
54005,,54005,万冥之主·哈迪斯
54006,,54006,雨纷纷·清明
54008,,54008,主天道御天下·乾坤
54009,,54009,四界共主·乾坤
54010,,54010,醉红颜·洛洛离（神启者）
54011,,54011,第四识·幻像
54015,,54015,天道无极·阴x阳
54016,,54016,天道无极·阴x阳
54017,,54017,知时节·雨水
54020,,54020,大道独行·天命王
54021,,54021,春光晓·谷雨
54025,,54025,轮回溯梦·伊撒尔
54027,,54027,春晖暖·立春的蜃影
54029,,54029,神国之主·奥丁大帝
54030,,54030,太极生两仪·东皇太一
54031,,54031,荒宇生无极·东皇太一
54033,,54033,菩提本无树·瑠璃
54034,,54034,圣道御天·轩辕夏禹
54036,,54036,未来计划·黯帝修罗
54037,,54037,未来计划·暴君凯撒
54041,,54041,源水风暴·梅卡
54042,,54042,星尊裁决·上古星龙
54043,,54043,未来计划·嗜血狼王
54044,,54044,正当时·小满
54046,,54046,龙魂永曜·龍
54048,,54048,未来计划·噬魂夜王
54050,,54050,破虚空衍群龙·龙母
54051,,54051,万龙之上·至高龙尊
54052,,54052,守径者怪物
54055,,54055,万龙之上·至高龙尊
54057,,54057,未来计划·神秘战无炎
54058,,54058,谷满尖·芒种
54060,,54060,星辰造世·奇灵王
54061,,54061,混元合一·奇灵王
54064,,54064,空间魂梦·伊撒尔
54066,,54066,未来计划·大妖神武月
54067,,54067,荷满塘·夏至
54070,,54070,造自然耀万物·盖亚
54071,,54071,万灵永恒·盖亚
54072,,54072,花间序·薇薇安（神启者）
54073,,54073,花间序·薇薇安
54076,,54076,统御四海·敖兴的幻影
54083,,54083,天堂创世之光·王者天使王
54084,,54084,无限神力·力量王的幻影
54088,,54088,时间故梦·王者伊撒尔
54090,,54090,血狱魔躯·赤色梦魇
54092,,54092,真理之门·无冕之王
54093,,54093,武绝凌天·貘
54107,,54107,仙官相·哪吒
54109,,54109,十年の热血·魔焰吉拉
54110,,54110,凉风至·立秋
54113,,54113,未来计划·日月战武神
54114,,54114,未来计划·日月战武神
54117,,54117,十年の梦想·古渊露龙
54119,,54119,女仆·羲和
54121,,54121,十年の希望·终结兔
54122,,54122,榴满枝·处暑
54127,,54127,[隐形守护者]潜
54128,,54128,深渊之主·拉莱耶
54132,,54132,深渊の凝视·奈亚
54134,,54134,远古精灵王·伊撒尔的蜃影
54138,,54138,月·虚境领主
54139,,54139,忘川临世·鬼墨无忧的幻影
54141,,54141,驭灵度众生·SP通灵王
54147,,54147,桂盈梢·秋分
54151,,54151,诸神至高王座·王者奥丁大帝的幻影
54154,,54154,创世·神·撒迦利亚
54155,,54155,灭世·龙·撒迦利亚
54156,,54156,妖相百斩·洪荒无极的幻影
54157,,54157,未来计划·圣修暗凯帝
54158,,54158,未来计划·圣修暗凯帝
54166,,54166,伐天堕神·刑天
54168,,54168,晓霜重·寒露
54170,,54170,未来计划·冥夜君狼王
54173,,54173,金蕊繁·霜降
54174,,54174,十殿阎罗·地藏王
54175,,54175,第二真祖·SP露易丝
54176,,54176,飘渺绝尘·七星龙渊
54179,,54179,众神の意志·王者宙斯
54182,,54182,神谕天佑·圣王麒麟
54186,,54186,游龙回雪·金步摇
54191,,54191,终极未来计划·王牌战队
54193,,54193,彼岸永望·孟婆
54194,,54194,今宵寒·立冬
54196,,54196,第五识·幻像
54197,,54197,踏阙飞影·鱼肠的幻影
54199,,54199,乱世英豪·吕布
54201,,54201,烈焰天辉·菲尔
54204,,54204,帝刹穹天·至高龙尊
54206,,54206,吾即太阳·阿波罗
54207,,54207,月亮
54212,,54212,幽径拾光·达芙妮的幻影
54215,,54215,神枪镇山河·韩信
54216,,54216,照世之澜·梅卡
54217,,54217,虚数重构·黛依
54218,,54218,盼佳节·冬至
54228,,54228,天启新篇·梵天
54229,,54229,生命礼赞·可兰
54233,,54233,零阶·愚者
54236,,54236,逆理·世界
54241,,54241,寄芳思·小寒
54245,,54245,裂穹之斩·龙刃
54246,,54246,魔神·以撒
54247,,54247,无烬噩梦·传说伊撒尔
54248,,54248,水墨风韵·羲和
54249,,54249,花晨月夕·传说洛羲
54256,,54256,痴之妖
54258,,54258,禁锢审判·传说天使王
54259,,54259,群星璀璨穹宇之巅·银河
54260,,54260,主天道御天下·传说乾坤
54264,,54264,灰烬熔芯·胜遇
54266,,54266,地隐微澜·小锦鲤
54267,,54267,牛气冲天·牛魔王
54268,,54268,日月轮回之龙息·传说帝俊
54281,,54281,玄鹤游方·翎的幻影
54282,,54282,凰诏天赦·烈焰凤凰
54292,,54292,绝望·尼德霍格
54293,,54293,圣剑之佑·白羽公主
54294,,54294,三皇圣祖·伏羲
54295,,54295,嗔之妖
54297,,54297,罔相仪形·蜃龙
54305,,54305,华夏始祖·轩辕
54307,,54307,百药先祖·神农
54308,,54308,育灵天地间·王者女娲
54310,,54310,云墨苍生·玄霄的幻影
54313,,54313,日月曜重光·盘古
54315,,54315,后土圣女·岁岁祈的幻影
54316,,54316,开天启明之圣·盘古
54322,,54322,轮回溯梦·传说伊撒尔
54329,,54329,全知·律
54335,,54335,权御万界·天帝昊天
54337,,54337,恶业轮回·魔君夜渊
54342,,54342,梵音净心·乾达婆
54343,,54343,掌混沌终因果·卡奥斯
54351,,54351,黑蔷薇·莉莉丝（神启者）
54352,,54352,妖相百斩·SP洪荒无极
54353,,54353,应天·源
54356,,54356,群星之怒·上古星龙
54357,,54357,瀚空碧海之辰·上古星龙
54359,,54359,遨游星辰间·龙母
54363,,54363,希望龙神·厄尔庇斯
54364,,54364,苍雷怒涛·风暴龙
54366,,54366,末世幽火悯·赫菲斯托斯
54367,,54367,神域初晓之刻·王者龙母
54374,,54374,绝对水域·王者梅卡
54383,,54383,潜龙在渊·帝皇龙
54384,,54384,神龙佑世·帝皇龙
54385,,54385,苍龙御天·帝皇龙
54387,,54387,传世经典·景泰蓝（神启者）
54391,,54391,冥夜瞬影·王者黑翼王
54396,,54396,武绝凌天·传说貘
54398,,54398,巨神撼世·骸
54406,,54406,地龙天威·摩罗迦
54411,,54411,解构·王者世界
54412,,54412,尔等为臣·女帝
54418,,54418,旧约断罪书·撒迦利亚
54419,,54419,血色神灾·暗黑雷帝神
54420,,54420,苦具憎恚·嗔兽孔雀
54424,,54424,清辉朗月·王者望舒
54427,,54427,破晓棋局·无冕之王
54428,,54428,泰坦巨神王·普罗米修斯
54431,,54431,至高冠冕之谕·真理之后
54442,,54442,赤焰星芒·王者菲尔
54443,,54443,深潜者·克拉肯
54446,,54446,梦幻云端之忆·梦
54447,,54447,特别邀约·梦
54452,,54452,未来计划·传说日月战武神
54453,,54453,神诫·宙斯
54454,,54454,缠绕者·利维坦
54456,,54456,混沌之子·厄瑞玻斯
54457,,54457,深渊意志·拉莱耶
54464,,54464,深渊の呼唤·克希拉
54466,,54466,星辉羁绊·圣天伊
54470,,54470,空间魂梦·传说伊撒尔
54474,,54474,至圣不朽之勋·奥丁大帝
54476,,54476,浅樱铃音·欧若拉
54480,,54480,未来计划·传说圣修暗凯帝
54482,,54482,繁星流转宇宙生灭·银河
54484,,54484,暗物质创世母神·提亚玛特
54486,,54486,星宇之噬·银河
54495,,54495,命运福音·亚当
54496,,54496,天国恩光·天使王
54503,,54503,绿野扉光·王者可兰
54504,,54504,未来计划·传说冥夜君狼王
54507,,54507,圣祷安魂曲·露易丝
54514,,54514,夺命魔弹·枪神王
54516,,54516,苍月之剑·月下绯
54517,,54517,众生自然之灵·盖亚
54519,,54519,自然庇护·盖亚
54520,,54520,花之絮语·薇薇安
54525,,54525,无垢幻境·白皇星焰
54526,,54526,残月烬灭·幻尊星瞬
54527,,54527,终极神威·王牌战队
54528,,54528,红颜傲骨·穆桂英
54530,,54530,燃愿之念·温妮
54537,,54537,诸邪无我·八岐龙吟
54538,,54538,龙啸奥义·龙皇辉斗
54541,,54541,咏春意千秋魂·奇灵王
54543,,54543,千秋武魂·咏春
54545,,54545,至诚之心·卡亚
54552,,54552,万古龙魂·龍
54553,,54553,朱染雀羽·雀皇紫辰
54575,,54575,无量乐土·末那
54577,,54577,宿命之尘·尘纱
54584,,54584,天道秩序之尊·乾坤
54592,,54592,深渊の凝视·SP奈亚
54593,,54593,醉心梅开·洛洛离
54596,,54596,日月泉·羲和
54611,,54611,熵寂·愚者
54634,,54634,噬神者·柏拉图
54639,,54639,英雄之火·菲尔
54643,,54643,虚空权能之神·格劳孔
54644,,54644,纯白之灾厄·海蒂拉玛
54648,,54648,灾厄救世主·海蒂拉玛
54654,,54654,天地开辟诸界降诞·盘古
54655,,54655,鏖战尘世·盘古
54664,,54664,山海立万物生·女娲
54665,,54665,山海玄女·须须罗（神启者）
54674,,54674,剑挽沧溟·梅卡
54679,,54679,太阳神的庇护·阿波罗
54681,,54681,倾心月桂·达芙妮
54686,,54686,永远的精灵王·伊撒尔
54689,,54689,万界混沌之主·卡奥斯
54690,,54690,缱绻花吻·莉莉丝
54702,,54702,裂斩沧澜·帝皇龙
54703,,54703,荒宇独霸·帝皇龙
54709,,54709,纯白之羽·米迦勒
54710,,54710,漆黑之翼·路西法
54713,,54713,生命初始之章·龙母
54714,,54714,龙族龙女·玲玲珑（神启者）
54724,,54724,大道无形·天命王
54729,,54729,水墨行·翎
54734,,54734,泰坦神铠·骸
54741,,54741,太极化万象·东皇太一
54752,,54752,臣服于我·女帝
54760,,54760,晞光的祈唤·王者羲和
54767,,54767,轮回誓约·无冕之王
54790,,54790,异星诡影·别西卜
54799,,54799,秩序之子·昆仑
54800,,54800,秩序万界之柱·乾坤
54807,,54807,贤者的悲歌·L
54808,,54808,最后的贤者·艾蕾
54814,,54814,永恒裁决之枪·奥丁大帝
54816,,54816,断罪神灵之刻·吉尔伽美什
54826,,54826,万物新生的呼唤·可兰
54831,,54831,多元·愚者
54840,,54840,重构·世界
54842,,54842,星神宫之主·上古星龙
54865,,54865,万龙之主·至高龙尊
54866,,54866,光启精灵王-伊撒尔
54867,,54867,木之精灵王-可兰
54868,,54868,净化之光-拉克丝
54869,,54869,梦幻之光-罗塔纱
54870,,54870,水之精灵王-梅卡
54871,,54871,光启时代-圣天伊
54872,,54872,火之精灵王-菲尔
54874,,54874,暗月千面-艾琳
54875,,54875,守护之光-米垭
54879,,54879,神羽曙光-奥天
54880,,54880,重枪风暴-合金猛将
54881,,54881,圣窗余晖-米迦勒
54882,,54882,繁星余迹-路西法
54883,,54883,绝代兵神-韩信
54884,,54884,神峰圣护-山脉之魂
54890,,54890,幽冥主宰-哈迪斯
54891,,54891,怒海狂潮-金刚库巴
54892,,54892,猩红序曲-露易丝
54893,,54893,绿叶咆哮-棕叶战熊
54898,,54898,永恒源晶裁决之龙-阿卜苏
54899,,54899,生命使徒-瓦利
54900,,54900,灵魂使徒-卡莉
54902,,54902,时间使徒-诺栗
54904,,54904,天使圣音-姬露比
54909,,54909,寰宇鎏金星河入怀-银河
54910,,54910,千古一帝-秦始皇嬴政
54911,,54911,无我之境-力量王
54916,,54916,陨星-愚者
54917,,54917,福瑞降人间-圣王麒麟
54920,,54920,圣宇星轨时扉之光-羲和
54921,,54921,GOD-无冕之王
54922,,54922,GOD-无冕之王
54923,,54923,解构万物之眼-赫耳墨斯
54924,,54924,解构万物之眼-赫耳墨斯
54925,,54925,执掌因果万世轮回-帝俊
54926,,54926,瑞兔赐福-卯小兔的幻影
54927,,54927,浮生浮灭万意恒常-阿赖耶识
54939,,54939,旃檀功德-唐三藏
54940,,54940,齐天大圣-孙悟空
54941,,54941,德安万世-唐太宗李世民
54942,,54942,天蓬元帅-猪八戒
54945,,54945,众里寻他千百度-梦
54946,,54946,众生乐土万灵随行-末那
54947,,54947,海枯之心-白京京
54952,,54952,谪仙剑无双-李白
54953,,54953,暗能涌动星海创生-提亚玛特
54955,,54955,凛冬之意-瓦格纳
54957,,54957,剑影抚落忆-孙尚香
54958,,54958,清辉映星河-望舒
54959,,54959,三位一体-至尊精灵王
54960,,54960,卷帘大将-沙悟净
54964,,54964,深渊安魂曲-奈亚
54965,,54965,天道暗御-阴
54967,,54967,踏阴阳定荒宇-东皇太一
54968,,54968,引尘造万物-星尘
54969,,54969,天道曜护-阳
54971,,54971,阴阳割昏晓-天道无极
54973,,54973,霜佑北境-帕里斯
54977,,54977,千山落樱之辉-夜樱
54978,,54978,荷风引水色-瑠璃
54979,,54979,大汉天子-汉武帝刘彻
54980,,54980,月魄孤影-神武月
54987,,54987,神炎日冕-战无炎
54994,,54994,至圣神王裁决-奥丁大帝
54995,,54995,源星之归引-上古星龙
54996,,54996,深渊穿梭者-律
54997,,54997,沙漠之心-阿努比斯
54999,,54999,救世的执妄愚人-公爵
55000,,55000,星穹庇世之翼-赫耳墨斯
55001,,55001,守护众生之愿-瓦尔基里
55007,,55007,永劫破灭混沌至尊-卡奥斯
55008,,55008,一代天骄-成吉思汗铁木真
55009,,55009,枯骨之花-莉莉丝
55010,,55010,曲音落花间-貂蝉
55019,,55019,创灵众生-通灵王的幻影
55020,,55020,白灵之尊-狼王
55021,,55021,万世独霸龙族至尊-帝皇龙
55022,,55022,荒宇独霸-帝皇龙
55023,,55023,倾世之寒-始祖冰龙
55025,,55025,星轨圣裁之回响-羲和
55026,,55026,雅克守护者-神罗麦提
55030,,55030,破虚空衍群龙-龙母
55031,,55031,破碎虚实之境-虚空龙灵
55033,,55033,龙族新歌-玲玲珑
55038,,55038,斐灵之心-皮塔
55042,,55042,圣树临辉光暗双耀-奇灵王
55043,,55043,慧心渊识之智-密涅瓦
55044,,55044,大妖血脉-妖王冽
55050,,55050,春晖神女-可兰
55052,,55052,湍流激越-橙李
55053,,55053,戮器仁心-帝刃
55054,,55054,希望永存世间-潘多拉
55055,,55055,天国守护者-白天使王
55056,,55056,黑暗之翼-黑天使王
55064,,55064,沧海遗珠-沫夏
55066,,55066,神兵护佑-圣盾
55074,,55074,睥睨众臣-女帝
55075,,55075,至高启示-真理之后
55076,,55076,冰封之心-伊莎女王
55082,,55082,深渊之契-绮美拉
55083,,55083,绝影蚀月-黑翼王
55084,,55084,幽冥千炼-鬼墨无忧
55093,,55093,棋临无间-无冕之王
55095,,55095,逐愿淬光之明-阿格蕾亚
55096,,55096,冥骸蚀暗-阿修罗
55097,,55097,逐梦追光-布灵灵
55104,,55104,王者加冕-圣天伊
55105,,55105,王者加冕-黄金圣天伊
55111,,55111,无垠-愚者
55112,,55112,陨灭-世界
55113,,55113,甜蜜信使-愚者
55114,,55114,博物馆奇妙夜-梁龙
55118,,55118,邃古凌苍-日月战武神
55121,,55121,混沌恩赐-厄瑞玻斯
55122,,55122,万象始源之刻-赫耳墨斯
55124,,55124,鸣劫制裁-雷霆青龙
55130,,55130,漆夜破空之刃-使者
55131,,55131,漆漆-使者
55132,,55132,荒炎焚天-飓焰朱雀
55136,,55136,万王天谕-圣王麒麟
55137,,55137,天地惊弦-六龙圣王
55142,,55142,圣魂觉醒-伊撒尔
55143,,55143,时序之光-洛羲
55147,,55147,绝天穿梭之界-时空王
55148,,55148,贵妃游园-杨玉环
55152,,55152,极乐欲界天魔主-波旬
55153,,55153,神威重壁-惊涛玄武
55154,,55154,圣铃妙音众识浮沉-阿赖耶识
55162,,55162,真炎神君-菲尔
55163,,55163,傲凡尘启仙灵-女娲
55164,,55164,妙笔创生绘世-女娲
55165,,55165,午夜大冒险-黑夜童心
55166,,55166,庇天之白翼-修罗
55171,,55171,伊甸园的余晖-亚当
55174,,55174,超越纪元的新生-海蒂拉玛
55175,,55175,无言的祈愿-海蒂拉玛
55178,,55178,玄墨藏锋-龙宵
55182,,55182,源水风暴-梅卡
55183,,55183,在水一方-西施
55185,,55185,驱灵神捕-琳琅
55187,,55187,星宇之隙穹宙之辉-银河
55188,,55188,万神之王-宙斯
55193,,55193,黄泉归引-孟婆
55196,,55196,造自然耀万物-盖亚
55197,,55197,荒秽堕墟-阿波菲斯
55198,,55198,蜀汉霸业-汉昭烈帝刘备
55199,,55199,自然恩赐-薇薇安
55203,,55203,恶魔之主-撒旦
55206,,55206,始祖大天使-尼斯洛克
55207,,55207,地狱天使-纳菲利姆
55208,,55208,夜与月的蔷薇-夜兰
55214,,55214,绝望噬影-尼德霍格
55215,,55215,童话小屋-可爱猫咪
55217,,55217,神兽尊主-苍穹圣龙
55219,,55219,破天之黑刃-凯撒
55220,,55220,鼎立九州-夏帝大禹
55225,,55225,异界史诗-渡
55226,,55226,异界史诗-渡（不朽者）
55227,,55227,征战之旅-神都王
55228,,55228,讨伐之旅-勇者
55230,,55230,狂肆之旅-邪神
55231,,55231,葬魂曲-死神弥尔
55235,,55235,瞰世之棘-亘古树灵
55236,,55236,余烬初王-洛兰
55240,,55240,霜寒冰域-上古龙女
55241,,55241,炽天炎境-上古龙女
55243,,55243,缘分一线牵-小狐仙
55247,,55247,天道秩序诸界主宰-乾坤
55248,,55248,花醉风清-洛洛离
55253,,55253,爱与美的赞歌-维纳斯
55254,,55254,大道无名-天命王
55257,,55257,天穹苍翼-圣修暗凯帝
55258,,55258,魔神再临-以撒
55259,,55259,赤月刀姬-曰
55262,,55262,冰与火之舞-炽寒天凤
55263,,55263,逆律之触-伊西斯
55264,,55264,龙年纪念-贝贝龙
55265,,55265,永恒炽阳-神阿波罗
55272,,55272,创世织梦之眷-赫耳墨斯
55275,,55275,如星永伴长夜-梦
55281,,55281,九霄帝姬-巫山神女
55282,,55282,霸世枭雄-魏武帝曹操
55283,,55283,炎刃燎原-赤霄
55289,,55289,破晓圣光-白羽公主
55290,,55290,惊雷烁光-幻雷
55291,,55291,原初骑士-洛兰
55293,,55293,横扫三界-孙悟空
55294,,55294,恶魔的私语-路西法
55295,,55295,永夜之主-夜王
55299,,55299,幻世镜梦-谴
55300,,55300,翼龙之子-凌风
55301,,55301,长夜墟渊-烛龙
55302,,55302,剑逐山河-轩辕夏禹
55303,,55303,赤帝-祝融
55304,,55304,超界奇迹-龙星诺
55307,,55307,浮士德-归零者
55309,,55309,水神-共工
55310,,55310,幻海奇迹-水星诺
55314,,55314,青山沐日天地无疆-盘古
55315,,55315,后土玄黄-岁岁祈
55316,,55316,梵星音律-乾达婆
55317,,55317,日曜奇迹-太阳星诺
55318,,55318,月辉奇迹-月亮星诺
55324,,55324,星启万象-智慧王
55326,,55326,苍森奇迹-木星诺
55327,,55327,次元守护-伊撒尔
55328,,55328,沙都守护者-曼珠沙华
55329,,55329,烈焰奇迹-火星诺
55330,,55330,诺言之神-星诺玛
55331,,55331,炎龙之子-炎王
55332,,55332,金翅神羽-迦楼罗
55333,,55333,星光奇迹-圣灵星诺
55336,,55336,群星守护寰宇光辉-神银河
55337,,55337,暗宇之质万物之初-提亚玛特
55339,,55339,魂之缚-奇诺
55344,,55344,创世罪裁龙神-撒迦利亚
55346,,55346,凰权天下-帝女夙
55347,,55347,审判命运之战-奥丁大帝
55348,,55348,影龙之子-帝卡
55349,,55349,末裔之歌-海伦娜
55351,,55351,神国圣赐之羽-弗丽嘉
55353,,55353,诸天神通-帝释天
55358,,55358,王权断罪之章-吉尔伽美什
55360,,55360,混沌寂烬-厄瑞玻斯
55361,,55361,苍松剑意-干将
55364,,55364,混沌始源万物终湮-卡奥斯
55365,,55365,生于哀骨之花-莉莉丝
55366,,55366,巨龙之子-明王
55370,,55370,尼伯龙根之主-法芙娜
55371,,55371,深渊缠绕者-利维坦
55376,,55376,晖光轮回女神-梅比乌斯
55377,,55377,冰霜亡域-巫妖王
55379,,55379,吾即深渊-拉莱耶
55380,,55380,吾即深渊-拉莱耶（支配者）
55381,,55381,吾即深渊-拉莱耶（真神）
55382,,55382,绝望轮回女神-梅比乌斯
55384,,55384,潮汐庇护-古渊露龙
55391,,55391,寰宇皆臣-女帝
55392,,55392,明月剑心-莫邪
55394,,55394,苍翠守望-终结兔
55397,,55397,终末的残响-奈亚
55400,,55400,审神律理-无冕之王
55401,,55401,星月交辉-一生一世
55402,,55402,断海沧澜-龙太子
55413,,55413,逐光深坠-克希拉
55414,,55414,白魔法师-真言诺亚
55422,,55422,无始无明之境-阿赖耶识
55427,,55427,寒夜破晓之刃-使者
55431,,55431,九柱神临缔世碑火-阿蒙王
55433,,55433,神威地龙-摩罗迦
55438,,55438,墟尽神临之噬-赫耳墨斯
55439,,55439,噬界傀人-赫耳墨斯
55443,,55443,星芒圣佑-创世星灵
55444,,55444,孤影剑界-苏铁
55446,,55446,圣火炽天使-塞勒芙
55450,,55450,圣裁座天使-奥菲妮
55451,,55451,剑影迷踪-承影
55452,,55452,永恒圣穹焚罪终裁-阿卜苏
55453,,55453,孤胆英雄-赵云
55457,,55457,吾即永恒-阿卜苏
55458,,55458,圣律智天使-姬露比
55464,,55464,万序之启-源
55467,,55467,灵骸烬染之潮-夜樱
55468,,55468,月影映夜斓-夜樱
55469,,55469,阴阳山大祭师-东皇极
55471,,55471,乘清气御阴阳-东皇太一
55474,,55474,浮游天地乘风去-逍遥
55475,,55475,瑶琴迷阵-诸葛亮
55476,,55476,风摇清荷影-瑠璃
55482,,55482,坐忘无我化生万象-天道无极
55483,,55483,日月映海晨曦微露-羲和
55484,,55484,天人共铸-纯钧
55488,,55488,黑翎之妄朽界之暗-梵天
55489,,55489,武道至尊-龙皇辉斗
55491,,55491,幻相至尊-白皇星焰
55492,,55492,涅槃至尊-雀皇紫辰
55493,,55493,天启纪元缔世圣冕-梵天
55494,,55494,横戟破军-吕布
55495,,55495,天使精灵
55502,,55502,神行至尊-玄皇耀凌
55505,,55505,复生者-帕克
55506,,55506,无畏重铠-达鲁
55509,,55509,诡影噬夜-黑翼王
55512,,55512,全维衍化之钥-阿比斯
55513,,55513,血月之引-露易丝
55514,,55514,异度刀姬-尤尼梅特
55515,,55515,灵智终端-黛拉
55523,,55523,建构终端-格莉娅
55524,,55524,幻游终端-妮娜
55526,,55526,圣仪临世-烈焰凤凰
55527,,55527,一剑封魂-白夜叉
55528,,55528,剑指天下-太阿
55532,,55532,穹星创迹苍宇生辉-银河
55539,,55539,空寂无尘万法唯心-阿赖耶识
55540,,55540,统界神权王者-帝皇龙
55544,,55544,绯龙之契源晶之辉-阿卜苏
55545,,55545,蛇影魔瞳-美杜莎
55546,,55546,蛇年纪念-小星诺
55552,,55552,星冕-愚者
55556,,55556,凝尘造界之星神-星尘
55561,,55561,龙吟瑞雪-圣王麒麟
55562,,55562,悟道成佛-孙悟空
55564,,55564,一桥一诺一相逢-梦
55566,,55566,重击雷霆-铁拳袋鼠
55572,,55572,忘川送魂-孟婆
55573,,55573,三生花缘-知世
55574,,55574,幽泉使者-孟婆
55576,,55576,吞天黑潮-凯撒
55577,,55577,飞剑游云-湛卢
55578,,55578,神霆点苍-奇灵王
55579,,55579,纵马引弓巾帼志-孙尚香
55588,,55588,曙天煌翼-修罗
55590,,55590,时序永前万境永在-时空王
55592,,55592,时渊裂缝-时间之神
55594,,55594,砂海栖心-洛羲
55595,,55595,玄潭游龙-七星龙渊
55597,,55597,日辉月影之扉-羲和
55598,,55598,虚堕之君王-贝利亚尔
55599,,55599,大河龙女-海纳百川
55607,,55607,荒原苍焰-狼王
55610,,55610,怒焰裁世-狂龙
55614,,55614,不朽龙主-巴哈姆特
55616,,55616,欲金之君王-撒共姆
55622,,55622,创界悯世之颂祷-龙母
55623,,55623,七罪圣裁-伊撒尔
55627,,55627,棋谕万象之冠-真理之后
55632,,55632,魅魇之惑-始祖影龙
55637,,55637,圣咏御天使-银
55640,,55640,万理炽天使-K
55643,,55643,月渊万相-艾琳
55644,,55644,光穹永耀之辉-天使王
55645,,55645,预命之君王-瓦沙克
55654,,55654,终极王者-王牌战队
55655,,55655,生命牧歌-辉月战骑
55657,,55657,纪元初光之回响-圣天伊
55659,,55659,雪域圣主-冰雪女皇
55663,,55663,诡匿之君王-巴拉姆
55672,,55672,宙域终律-上古星龙
55673,,55673,宙域终律-上古星龙（星神之躯）
55680,,55680,天地之始祖-盘古
55682,,55682,造化之祖神-女娲
55685,,55685,日月时境御主-羲和
55686,,55686,山河息壤-岁岁祈
55689,,55689,纪元弈主-无冕之王
55691,,55691,灾变之君王-拜恩
55693,,55693,世外录-天女
55694,,55694,星芒蜕蝶-时舞
55705,,55705,解离森罗之瞳-赫耳墨斯
55713,,55713,无尽轮回此间永恒-梅比乌斯
55715,,55715,东方秘毒-牵机药
55717,,55717,暗潮星漩创界之渊-提亚玛特
55718,,55718,深空之眼-小宇宙
55719,,55719,白翼破晓-自由之神
55723,,55723,纪元至高之引-海蒂拉玛
55724,,55724,渊秘之君王-派蒙
55731,,55731,绯鳞审判永恒龙辉-阿卜苏
55736,,55736,逆神意志-GOD无冕之王
55737,,55737,GOD
55738,,55738,东方秘毒-断肠草
55742,,55742,永茂不凋之王庭-森林女皇
55748,,55748,自然之母神-盖亚
55749,,55749,诱火之君王-阿斯摩太
55755,,55755,无竭命核-渡（不朽者）
55762,,55762,虚环-愚者
55764,,55764,大荒共主-天帝昊天
55765,,55765,九幽业火-魔君夜渊
55769,,55769,启界骑士-洛兰
55772,,55772,愿光守夜之华-阿格蕾亚
55773,,55773,隐序之君王-普尔森
55779,,55779,深渊的回音-奈亚
55783,,55783,深渊的约定-克希拉
55788,,55788,瞳中幽墟-绮美拉
55791,,55791,深渊星阶-律
55792,,55792,腐殖之君王-贝雷特
55798,,55798,众神之尊-宙斯
55801,,55801,苍雪之源霜-上古龙女
55805,,55805,灼天​燎宇-上古龙女
55806,,55806,冥霆之君王-巴尔
55810,,55810,永夜苍焰-冥夜君狼王
55812,,55812,爱与美的恩泽-维纳斯
55824,,55824,天垣龙谕-龍
55826,,55826,原初创生之翼-龙母
55830,,55830,星涡归溯隙间守望-银河
55839,,55839,万灵溯生之御-盖亚
55840,,55840,无量境主-末那
55846,,55846,万识莲台​浮音渡世-阿赖耶识
55852,,55852,穹宇枢星​-仙王座
55858,,55858,太古永生-乌姆尔
55870,,55870,山海化育仙籁启灵-女娲
55879,,55879,冰羽焰翎霜火凤鸣-炽寒天凤
55880,,55880,冰羽焰翎霜火凤鸣-炽焰·天凤
55889,,55889,瑞昭万象-圣王麒麟
55898,,55898,万魂映月之主-夜樱
55902,,55902,万象纪-天女
60001,,60001,兔小子
60002,,60002,犀利兔
60003,,60003,大师兔
60005,,60005,吉拉狮
60006,,60006,爆焰吉拉
60008,,60008,露滴
60009,,60009,露西亚
60011,,60011,雪咪兔
60012,,60012,寒冰玉兔
60014,,60014,熔炎怪
60015,,60015,埃拉多夫
60017,,60017,电击河豚
60018,,60018,霹雳河豚
60020,,60020,半沙拳手
60021,,60021,半沙斗士
60023,,60023,小花蝶
60024,,60024,花冠狮
60032,,60032,巨齿鲨
60033,,60033,鲨鱼王
60035,,60035,隆咚石
60036,,60036,震天石人
60038,,60038,伊莎贝尔
60041,,60041,木角虫
60042,,60042,独角仙
60044,,60044,冰角犬
60045,,60045,飞天犬
60047,,60047,火霍仔
60048,,60048,火巨人
60059,,60059,扭扭蛇
60060,,60060,扭扭大王
60062,,60062,库多
60063,,60063,库斯特
60065,,60065,火炉怪
60066,,60066,摩格
60068,,60068,乌可拉
60069,,60069,乌歌拉
60071,,60071,斯多恩
60072,,60072,斯多王
60074,,60074,哥拉蟹
60080,,60080,夜眼怪
60083,,60083,琉璃鸟
60096,,60096,金刚库巴
60102,,60102,合金猛将
60103,,60103,赤月
60105,,60105,神武月
60111,,60111,战无炎
60129,,60129,彩羽贝拉
60132,,60132,暗夜卡伦
60144,,60144,雪雾怪
60153,,60153,雷云狮
60156,,60156,霹雳星
60159,,60159,电击拳仔
60162,,60162,法拉帝
60165,,60165,雷鸣托尔索
60183,,60183,海马剑士
60195,,60195,影刃
60198,,60198,卡布罗格
60201,,60201,轰天雷
60207,,60207,赤火野猪
60212,,60212,火龙
60215,,60215,青龙灵兽
60241,,60241,毒菇球
60258,,60258,水冻贝
60265,,60265,红火兔
60270,,60270,木人桩
60278,,60278,烈焰鸟
60290,,60290,七星神龙
60293,,60293,焚天大圣
60301,,60301,达鲁
60304,,60304,帕克
60314,,60314,冰晶
60319,,60319,科克
60320,,60320,雷帝神
60322,,60322,达达
60323,,60323,梅卡
60325,,60325,巨人守卫
60328,,60328,SR战士
60329,,60329,强袭SR
60343,,60343,霸王钻
60346,,60346,海盗雷格
60349,,60349,暗夜紫管狐
60358,,60358,寒烈
60364,,60364,海夜叉
60369,,60369,暗影甲龙
60382,,60382,十字匹诺
60388,,60388,玄武灵兽
60414,,60414,火云牛斗士
60418,,60418,黑化山脉之魂
60460,,60460,亚帝斯克
60461,,60461,黑影
60462,,60462,黑化巨翅金鹏
60478,,60478,赤色梦魇
60496,,60496,蒙面大侠粽
60504,,60504,先锋SR
60506,,60506,烈焰凤凰
60514,,60514,猪阿饼
60516,,60516,猪阿酱
60519,,60519,大盗海狸
60523,,60523,麦斗王
60526,,60526,波塞亚斯
60527,,60527,奈乌达斯
60536,,60536,震天石魔
60539,,60539,扬帆蓝鲸
60542,,60542,彩翼飞鱼
60548,,60548,蓝鳍海鲨
60551,,60551,迪奥
60554,,60554,紫云长尾猫
60557,,60557,横行贝塔
60560,,60560,扭扭暗黑王
60566,,60566,利牙海狮
60569,,60569,雨天娃娃
60580,,60580,金银童子
60604,,60604,念
60609,,60609,伊德鲁拉
60624,,60624,白虎灵兽
60659,,60659,电击拳怪
60728,,60728,凯撒
60731,,60731,修罗
60741,,60741,朱雀灵兽
60794,,60794,奇灵王
60828,,60828,炎之魔将
60860,,60860,关羽
60869,,60869,通灵巫师
60931,,60931,赵云
60944,,60944,风之灵将
60946,,60946,紫渊
60955,,60955,张飞
60973,,60973,红魔
60976,,60976,诸葛亮
61086,,61086,绿焰
61108,,61108,吕布
61122,,61122,狼王迪洛斯
61124,,61124,夜王狄米特
61142,,61142,幻灵
61225,,61225,刘备
61296,,61296,幻炎
61307,,61307,幻光
61350,,61350,赤翼魔龙王
61362,,61362,阿波罗
61414,,61414,九尾冰狐
61423,,61423,噬月武神
61426,,61426,黑炎龙
61440,,61440,佐罗门
61442,,61442,卡卡修
61450,,61450,千年瑞兽
61469,,61469,水星诺
61479,,61479,苍穹圣龙
61605,,61605,曹操
61616,,61616,剑圣太白
61645,,61645,圣盾
61649,,61649,可兰
61680,,61680,帝刃
61706,,61706,暗影凯撒
61716,,61716,奥天
61736,,61736,幻象格杀者
61752,,61752,惊涛玄武
61754,,61754,炎王·火龙态
61767,,61767,六阶霜炎法神
61776,,61776,卡皮特
61777,,61777,帝卡·影龙态
61792,,61792,天怒
61812,,61812,疾星
61824,,61824,大明王
61825,,61825,明王·巨龙态
61830,,61830,雷霆
61832,,61832,万钧
61834,,61834,火跃鸟
61842,,61842,光·加比
61843,,61843,翼·加比
61845,,61845,光暗弑神
61861,,61861,龙刃
61869,,61869,圣王麒麟
61871,,61871,天冲
61873,,61873,冰罗皇冰龙态
61883,,61883,阿姆斯特
61884,,61884,伊乐
61893,,61893,擎空
61896,,61896,光龙•圣天伊
61899,,61899,智慧加比
61902,,61902,炽天
61908,,61908,勇气加比
61924,,61924,王者银魂
61937,,61937,梦想加比
61946,,61946,坠星
61948,,61948,王者破军
61962,,61962,圣羽凌风
61972,,61972,夜羽银风
61975,,61975,飓焰朱雀
61985,,61985,断空翼皇
61990,,61990,苍耀光圣
62016,,62016,奇纳
62020,,62020,无念
62026,,62026,菲洛
62033,,62033,风暴龙
62035,,62035,暗影魔将
62039,,62039,帝夜奇纳
62049,,62049,艾恩
62050,,62050,煌炎战神
62061,,62061,魔小兵
62082,,62082,剑帝修纳
62140,,62140,魂刃夜王
62179,,62179,魂王天使雷米
62189,,62189,神焰天使乌利
62200,,62200,黯天凯撒皇
62201,,62201,黯天凯撒皇
62203,,62203,白皇星焰
62204,,62204,白皇星焰
62215,,62215,幻尊星瞬
62217,,62217,极武兔皇
62218,,62218,极武兔皇
62224,,62224,龙皇辉斗
62227,,62227,暗行罗刹
62233,,62233,凌天霸青龙
62239,,62239,天天
62306,,62306,幽冥影刃
62328,,62328,夜灵
62333,,62333,骑士杰洛
62378,,62378,超水精灵
62379,,62379,超火精灵
62380,,62380,超木精灵
62387,,62387,上古星龙
62389,,62389,炎辉
62394,,62394,超木角龙分身
62398,,62398,费曼分身
62400,,62400,沃特分身
62412,,62412,噬心黑龙
62426,,62426,卡谬
62427,,62427,月神
62428,,62428,炎帝
62440,,62440,星魔
62443,,62443,轩辕奇灵
62444,,62444,圣·帝伊
62446,,62446,罗狄
62449,,62449,雷怒青龙
62455,,62455,滔天白虎
62459,,62459,多米纳特
62468,,62468,幻之布莱克
62470,,62470,百变愚人盒
62474,,62474,史昂
62493,,62493,东皇天
62501,,62501,东皇道
62506,,62506,焚炙朱雀
62507,,62507,小阴
62508,,62508,小阳
62511,,62511,东皇无
62515,,62515,泰岳玄武
62517,,62517,东皇极
62521,,62521,阿鲁迪
62534,,62534,妖刀斩日
62543,,62543,冥剑断月
62545,,62545,逍遥
62549,,62549,游乐百变盒
62551,,62551,撒加
62562,,62562,幻·破炎
62563,,62563,幻·御流
62564,,62564,幻·绝雷
62567,,62567,幻·耀光
62568,,62568,幻·夜冥
62574,,62574,轰雷迪斯
62577,,62577,暗煞魔龙王
62590,,62590,乾坤修罗神
62591,,62591,东皇太一
62595,,62595,阴
62603,,62603,超念
62611,,62611,亘古天帝龙皇
62615,,62615,艾欧尼亚
62618,,62618,堕天凯撒帝
62623,,62623,阳
62632,,62632,战武雄·曹操
62643,,62643,杰瑞米
62664,,62664,神威吕布
62669,,62669,圣耀阿波罗
62673,,62673,童虎
62675,,62675,炽尊狼王
62681,,62681,天鹰雨果
62691,,62691,米罗
62693,,62693,炽狱吉拉
62696,,62696,神·玄皇耀凌
62700,,62700,威虎但丁
62701,,62701,神·龙皇辉斗
62707,,62707,尤里
62710,,62710,神·梵天
62714,,62714,超源
62716,,62716,圣星矢
62725,,62725,狂鲨歌德
62729,,62729,暗夜幽兰
62730,,62730,魔君夜王
62751,,62751,盘古
62774,,62774,归零者
62792,,62792,自由之神
62794,,62794,圣冕麒麟
62801,,62801,龙太子
62865,,62865,日月战武神
62901,,62901,麦迪文
62924,,62924,真言诺亚
62926,,62926,暗夜辰星
62932,,62932,圣堂伯爵
62961,,62961,天神白·临
62963,,62963,天神劫
62980,,62980,张郃
62994,,62994,冥夜君狼王
62998,,62998,白翼御天使银
63001,,63001,六翼堕天使戮
63016,,63016,金翼炽天使K
63028,,63028,天使王·完全体
63030,,63030,乾坤修罗神·完全体
63035,,63035,神迹圣天伊·完全体
63036,,63036,轩辕奇灵·完全体
63040,,63040,东皇太一·完全体
63046,,63046,战火之王
63047,,63047,神农·完全体
63048,,63048,女娲·完全体
63049,,63049,轩辕·完全体
63051,,63051,盘古·完全体
63065,,63065,堕天凯撒帝·完全体
63068,,63068,归零者·完全体
63075,,63075,黑翼王·完全体
63079,,63079,受伤的貘
63080,,63080,神迹炎王·完全体
63084,,63084,天焰菲尔·完全体
63085,,63085,宙斯·完全体
63087,,63087,战火之王·完全体
63090,,63090,即将传奇的无冕之王
63093,,63093,雷怒青龙·完全体
63094,,63094,滔天白虎·完全体
63100,,63100,日月战武神·完全体
63101,,63101,天宇圣龙·完全体
63112,,63112,御星痕
63124,,63124,伏羲·完全体
63125,,63125,超源·完全体
63138,,63138,鬼墨无虑
63145,,63145,圣修暗凯帝·完全体
63157,,63157,千机变
63162,,63162,天吟降龙
63165,,63165,森罗可兰·完全体
63167,,63167,神迹冰罗皇·完全体
63168,,63168,冥夜君狼王·完全体
63172,,63172,龙吟守·完全体
63173,,63173,八岐大蛇·完全体
63176,,63176,传奇圣天伊
63177,,63177,黄金传奇圣天伊
63180,,63180,传奇阿波罗
63186,,63186,兵神韩信
63187,,63187,传奇Zeta
63188,,63188,传奇哈迪斯
63192,,63192,雪无寒灵
63193,,63193,传奇阴
63194,,63194,传奇阳
63196,,63196,传奇天道无极
63205,,63205,天元夜神
63207,,63207,传奇月神
63210,,63210,御星璃
63214,,63214,洪荒王
63215,,63215,传奇烈焰凤凰
63216,,63216,传奇奇灵王
63218,,63218,传奇龙太子
63220,,63220,传奇梅卡
63222,,63222,传奇雷帝神
63223,,63223,传奇奥天
63224,,63224,传奇炎帝
63225,,63225,传奇张飞
63226,,63226,天命
63227,,63227,传奇黑炎龙
63229,,63229,宿命
63230,,63230,命运之神
63234,,63234,传奇黑翼王
63238,,63238,传奇星魔
63239,,63239,审判之神
63242,,63242,传奇星龙
63249,,63249,传奇东皇太一
63251,,63251,诅咒之神
63256,,63256,智慧王
63259,,63259,传奇凯撒帝
63267,,63267,传奇修罗神
63274,,63274,传奇夜王
63277,,63277,传奇狼王
63282,,63282,传奇炽天使K
63288,,63288,传奇天使王
63289,,63289,传奇无冕之王
63298,,63298,力量王
63318,,63318,传奇可兰
63326,,63326,传奇朱雀
63366,,63366,始祖炎龙
63372,,63372,始祖翼龙
63378,,63378,传奇貘
63380,,63380,[王者羁绊]圣天伊
63381,,63381,[远古精灵王]伊撒尔
63384,,63384,[斗转星移]智慧王
63388,,63388,[远古大妖]大天狗
63390,,63390,[太阳]烛照之影
63392,,63392,[火神]祝融
63396,,63396,[诸神之父]奥丁大帝（个体）
63399,,63399,[逢魔之约]阴阳
63402,,63402,[雷霆主宰]风暴龙
63405,,63405,[天启堕神王]梵天
63406,,63406,[未来精灵王]梵天
63408,,63408,[亘古鸿蒙]力量王
63409,,63409,[天道守护]东皇太一
63414,,63414,[黄泉大神]伊邪那美
63417,,63417,星辉·须佐之男
63424,,63424,[万王加冕]圣王麒麟
63425,,63425,[上古月神]神武月
63427,,63427,[太阳神]阿波罗
63428,,63428,[上古炎帝]战无炎
63429,,63429,[一代宗师]奇灵王
63433,,63433,[永夜君主]夜王
63438,,63438,[宇宙秩序]毗湿奴
63446,,63446,[七十二柱]所罗门王
63453,,63453,[众灵初始]通灵王
63454,,63454,[星界霸主]上古星龙
63456,,63456,[星神十三宫]星魔
63466,,63466,[希望之神]奥天
63469,,63469,[龙族至尊]帝皇龙
63472,,63472,[圣光之子]修罗
63474,,63474,[圣堂祭祀]夕颜
63476,,63476,[齐天大圣]孙悟空
63479,,63479,[圣堂刺客]半夏
63480,,63480,[恶魔之子]凯撒
63481,,63481,[绝界剑主]苏铁
63482,,63482,[圣堂之主]舜华
63483,,63483,[傲慢与偏见]归零者
63491,,63491,[神行谍影]黑翼王
63495,,63495,[无尽神兵]银
63498,,63498,龙·灭世魔龙
63507,,63507,[世界蛇]耶梦加得
63510,,63510,[应汝之愿]天使王
63511,,63511,[应汝之愿]天使王
63517,,63517,[黑客帝国]诺亚
63523,,63523,[绝地求生]枪神王
63541,,63541,[开天辟地]盘古
63542,,63542,[开天辟地]盘古
63553,,63553,[睡美人]夏娃
63571,,63571,[烈焰红莲]朱雀
63576,,63576,[天下第一龙]龍
63579,,63579,[冰封的思念]尤莱亚
63592,,63592,[伍心开阳]姬如意
63608,,63608,[星现万物]王者智慧王
63617,,63617,[执掌天权]御渊
63618,,63618,[执掌天权]御渊
63620,,63620,[时间法则]王者伊撒尔
63636,,63636,[天玑天璇]重楼
63641,,63641,[御日月缔时光]羲和
63655,,63655,[八部天龙]龙太子
63656,,63656,[天命七星]神兵圣王
63659,,63659,[天玑天璇]重楼（神兵）
63664,,63664,[神爱世人]王者天使王
63666,,63666,[点化苍生]九曜
63674,,63674,[神谕之光]绝界阿波罗
63683,,63683,[天焰至尊]王者菲尔
63694,,63694,[五虎凤燎原]马超
63695,,63695,[五虎凤燎原]马超
63697,,63697,[月亮女神]阿尔忒弥斯
63698,,63698,[月桂女神]达芙妮
63699,,63699,[月桂女神]达芙妮
63706,,63706,[贪婪之罪]神秘战无炎
63716,,63716,[星神主]绝界上古星龙
63719,,63719,[蜀汉天尊]刘备
63740,,63740,[空间法则]超维伊撒尔
63746,,63746,[龙族起源]龙母
63754,,63754,[万物生辉]王者可兰
63781,,63781,[亚特兰蒂斯]通灵亚当
63782,,63782,[睡美人]夏娃（救世主）
63800,,63800,[无界无序无限]时空王
63801,,63801,[皆为序曲]过去之神（诸神）
63802,,63802,[皆是虚妄]现在之神（诸神）
63803,,63803,[皆有可能]未来之神（诸神）
63810,,63810,[黑白相生]灵魂奇灵王
63811,,63811,[色欲之罪]暴君凯撒
63818,,63818,[一发入魂]灵魂枪神王（个体）
63845,,63845,[天国咏唱]命运天使王
63847,,63847,[地狱孤影]命运念（个体）
63855,,63855,[魔神王]以撒（个体）
63868,,63868,[傲世之灵]灵魂万灵王（个体）
63877,,63877,[秩序起源]神启·乾坤
63878,,63878,[秩序神女]洛洛离（神启者）
63898,,63898,[欲望与苦难]命运所罗门王
63918,,63918,混沌精灵
63923,,63923,星辉时代·圣天伊
63924,,63924,星辉时代·黄金圣天伊
63925,,63925,星辉少女·小熊座
63926,,63926,辉煌城主·天龙座
63928,,63928,救世天幕·时空王
63930,,63930,绯红女王·大熊座
63932,,63932,天穹之君·仙王座的幻影
63933,,63933,星宇之姬·仙后座
63936,,63936,自由女王·拜伦
63937,,63937,末世樱剑舞·千夏
63941,,63941,宇之终始星之诞灭·银河
63942,,63942,光翼缔造者·创世星灵的幻影
63946,,63946,神之战鳞·枪魂应龙
63947,,63947,神之皇鳞·剑魂白泽
63948,,63948,神之帝鳞·扇魂毕方
63950,,63950,无双剑意·剑帝修纳
63953,,63953,末世红镰闪·希尔瓦娜斯
63958,,63958,神之审判·白天使王
63959,,63959,魔之禁锢·黑天使王
63960,,63960,花晨月夕·洛羲
63963,,63963,大魔王·地
63964,,63964,天使恶魔·米迦勒x路西法
63965,,63965,天使恶魔·米迦勒x路西法
63966,,63966,万王天谕·圣王麒麟
63968,,63968,星轨圣裁之回响·羲和
63974,,63974,日月轮回之龙息·帝俊
63975,,63975,万世龙尊·帝皇龙
63980,,63980,四灵之主·苍穹圣龙
63981,,63981,东方灵兽·青龙
63982,,63982,南方灵兽·朱雀
63983,,63983,开天地创净土·盘古
63984,,63984,西方灵兽·白虎
63986,,63986,斗战胜佛·孙悟空
63989,,63989,大暗黑·天
63990,,63990,无烬噩梦·伊撒尔
63992,,63992,威震天下·太阿
63995,,63995,伊邪那氏·那美x那岐
63996,,63996,伊邪那氏·那美x那岐
63997,,63997,森林之息·花冠公主的幻影
63999,,63999,[听风者]黑翼王
64000,,64000,覆天之影·黑翼王
64002,,64002,第二真祖·露易丝
64003,,64003,百花绽·春分
64004,,64004,万神之王·宙斯
64005,,64005,万冥之主·哈迪斯
64008,,64008,主天道御天下·乾坤
64015,,64015,天道无极·阴x阳
64016,,64016,天道无极·阴x阳
64020,,64020,大道独行·天命王
64021,,64021,春光晓·谷雨
64025,,64025,轮回溯梦·伊撒尔
64026,,64026,天启神君·梵天
64027,,64027,春晖暖·立春的幻影
64030,,64030,太极生两仪·东皇太一
64031,,64031,荒宇生无极·东皇太一
64036,,64036,未来计划·黯帝修罗
64037,,64037,未来计划·暴君凯撒
64041,,64041,源水风暴·梅卡
64043,,64043,未来计划·嗜血狼王
64044,,64044,正当时·小满的幻影
64046,,64046,龙魂永曜·龍
64048,,64048,未来计划·噬魂夜王
64050,,64050,破虚空衍群龙·龙母
64051,,64051,万龙之上·至高龙尊
64055,,64055,万龙之上·至高龙尊
64056,,64056,命运交响·亚当
64057,,64057,未来计划·神秘战无炎
64058,,64058,谷满尖·芒种
64060,,64060,星辰造世·奇灵王
64061,,64061,混元合一·奇灵王的幻影
64064,,64064,空间魂梦·伊撒尔
64066,,64066,未来计划·大妖神武月
64067,,64067,荷满塘·夏至
64070,,64070,造自然耀万物·盖亚
64071,,64071,万灵永恒·盖亚
64072,,64072,花间序·薇薇安（神启者）
64073,,64073,花间序·薇薇安
64076,,64076,统御四海·敖兴
64083,,64083,天堂创世之光·王者天使王
64084,,64084,无限神力·力量王
64088,,64088,时间故梦·王者伊撒尔
64090,,64090,血狱魔躯·赤色梦魇
64092,,64092,真理之门·无冕之王
64093,,64093,武绝凌天·貘
64107,,64107,仙官相·哪吒
64109,,64109,十年の热血·魔焰吉拉
64110,,64110,凉风至·立秋
64113,,64113,未来计划·日月战武神
64114,,64114,未来计划·日月战武神
64117,,64117,十年の梦想·古渊露龙
64119,,64119,[血色蔷薇]羲和
64120,,64120,梦幻绮丽之夜·羲和
64121,,64121,十年の希望·终结兔
64127,,64127,GOD·无冕之王
64128,,64128,深渊之主·拉莱耶
64132,,64132,深渊の凝视·奈亚
64134,,64134,远古精灵王·伊撒尔
64139,,64139,忘川临世·鬼墨无忧
64141,,64141,驭灵度众生·通灵王
64147,,64147,桂盈梢·秋分
64151,,64151,诸神至高王座·王者奥丁大帝
64156,,64156,妖相百斩·洪荒无极
64157,,64157,未来计划·圣修暗凯帝
64158,,64158,未来计划·圣修暗凯帝
64165,,64165,九黎兵主·蚩尤
64166,,64166,伐天堕神·刑天
64168,,64168,晓霜重·寒露
64171,,64171,未来计划·冥夜君狼王
64173,,64173,金蕊繁·霜降
64174,,64174,十殿阎罗·地藏王
64175,,64175,第二真祖·SP露易丝
64176,,64176,飘渺绝尘·七星龙渊
64186,,64186,游龙回雪·金步摇
64191,,64191,终极未来计划·王牌战队
64193,,64193,彼岸永望·孟婆
64194,,64194,今宵寒·立冬
64196,,64196,菩提本无树·SP瑠璃
64197,,64197,踏阙飞影·鱼肠
64199,,64199,乱世英豪·吕布
64201,,64201,烈焰天辉·菲尔
64203,,64203,不语奈何·知世
64204,,64204,帝刹穹天·至高龙尊
64207,,64207,月冕之曜·阿尔忒弥斯
64212,,64212,幽径拾光·达芙妮的幻影
64216,,64216,照世之澜·梅卡
64217,,64217,虚数重构·黛依
64218,,64218,盼佳节·冬至
64228,,64228,天启新篇·梵天的幻影
64229,,64229,生命礼赞·可兰
64233,,64233,零阶·愚者
64236,,64236,逆理·世界
64241,,64241,寄芳思·小寒
64245,,64245,裂穹之斩·龙刃
64246,,64246,魔神·以撒
64247,,64247,无烬噩梦·传说伊撒尔
64248,,64248,星轨圣裁之回响·传说羲和
64249,,64249,花晨月夕·传说洛羲
64256,,64256,崩坏·天使王
64258,,64258,禁锢审判·传说天使王
64259,,64259,群星璀璨穹宇之巅·银河
64264,,64264,灰烬熔芯·胜遇
64266,,64266,地隐微澜·小锦鲤
64267,,64267,牛气冲天·牛魔王的幻影
64268,,64268,日月轮回之龙息·传说帝俊
64281,,64281,玄鹤游方·翎
64282,,64282,凰诏天赦·烈焰凤凰
64292,,64292,绝望·尼德霍格
64293,,64293,圣剑之佑·白羽公主
64294,,64294,三皇圣祖·伏羲
64295,,64295,逆天·孙悟空
64297,,64297,罔相仪形·蜃龙
64305,,64305,华夏始祖·轩辕
64307,,64307,百药先祖·神农
64308,,64308,育灵天地间·王者女娲
64310,,64310,云墨苍生·玄霄
64313,,64313,日月曜重光·盘古
64315,,64315,后土圣女·岁岁祈
64322,,64322,轮回溯梦·传说伊撒尔
64329,,64329,全知·律
64335,,64335,权御万界·天帝昊天
64337,,64337,恶业轮回·魔君夜渊
64342,,64342,梵音净心·乾达婆
64343,,64343,掌混沌终因果·卡奥斯
64351,,64351,黑蔷薇·莉莉丝（神启者）
64352,,64352,妖相百斩·SP洪荒无极
64353,,64353,应天·源
64356,,64356,群星之怒·上古星龙
64357,,64357,瀚空碧海之辰·上古星龙
64359,,64359,遨游星辰间·龙母
64363,,64363,希望龙神·厄尔庇斯
64364,,64364,苍雷怒涛·风暴龙
64366,,64366,末世幽火悯·赫菲斯托斯
64367,,64367,神域初晓之刻·王者龙母
64374,,64374,绝对水域·王者梅卡
64383,,64383,潜龙在渊·帝皇龙
64384,,64384,神龙佑世·帝皇龙
64385,,64385,苍龙御天·帝皇龙
64391,,64391,魔神之影·幻影
64396,,64396,武绝凌天·传说貘
64398,,64398,巨神撼世·骸
64406,,64406,地龙天威·摩罗迦
64411,,64411,解构·王者世界
64412,,64412,尔等为臣·女帝
64418,,64418,旧约断罪书·撒迦利亚
64419,,64419,血色神灾·暗黑雷帝神
64427,,64427,破晓棋局·无冕之王
64428,,64428,泰坦巨神王·普罗米修斯
64431,,64431,至高冠冕之谕·真理之后
64442,,64442,赤焰星芒·王者菲尔
64443,,64443,深潜者·克拉肯
64452,,64452,未来计划·传说日月战武神
64453,,64453,魔神之影·雷降
64454,,64454,缠绕者·利维坦
64457,,64457,深渊意志·拉莱耶
64464,,64464,深渊の呼唤·克希拉
64466,,64466,星辉羁绊·圣天伊
64470,,64470,空间魂梦·传说伊撒尔
64474,,64474,至圣不朽之勋·奥丁大帝
64480,,64480,未来计划·传说圣修暗凯帝
64482,,64482,繁星流转宇宙生灭·银河
64484,,64484,暗物质创世母神·提亚玛特
64486,,64486,星宇之噬·银河
64495,,64495,命运福音·亚当
64496,,64496,天国恩光·天使王
64503,,64503,绿野扉光·王者可兰
64504,,64504,未来计划·传说冥夜君狼王
64507,,64507,圣祷安魂曲·露易丝
64514,,64514,夺命魔弹·枪神王
64517,,64517,魔神之影·治愈
64519,,64519,精英·守径者怪物
64520,,64520,花之絮语·薇薇安
64525,,64525,无垢幻境·白皇星焰
64527,,64527,终极神威·王牌战队
64528,,64528,红颜傲骨·穆桂英
64537,,64537,诸邪无我·八岐龙吟
64538,,64538,龙啸奥义·龙皇辉斗
64541,,64541,咏春意千秋魂·奇灵王
64543,,64543,千秋武魂·咏春
64552,,64552,万古龙魂·龍
64553,,64553,朱染雀羽·雀皇紫辰
64575,,64575,无量乐土·末那
64577,,64577,宿命之尘·尘纱
64584,,64584,天道秩序之尊·乾坤
64592,,64592,深渊の凝视·SP奈亚
64593,,64593,醉心梅开·洛洛离
64596,,64596,[YES.I.DO]至臻羲和
64611,,64611,熵寂·愚者
64634,,64634,噬神者·柏拉图
64639,,64639,英雄之火·菲尔
64643,,64643,虚空权能之神·格劳孔
64644,,64644,纯白之灾厄·海蒂拉玛
64648,,64648,灾厄救世主·海蒂拉玛
64654,,64654,天地开辟诸界降诞·盘古
64655,,64655,鏖战尘世·盘古
64664,,64664,山海立万物生·女娲
64674,,64674,剑挽沧溟·梅卡
64679,,64679,太阳神的庇护·阿波罗
64686,,64686,永远的精灵王·伊撒尔
64702,,64702,裂斩沧澜·帝皇龙
64703,,64703,荒宇独霸·帝皇龙
64710,,64710,漆黑之翼·路西法
64713,,64713,生命初始之章·龙母
64714,,64714,龙族龙女·玲玲珑（神启者）
64724,,64724,大道无形·天命王
64752,,64752,臣服于我·女帝
64760,,64760,晞光的祈唤·王者羲和
64767,,64767,轮回誓约·无冕之王
64790,,64790,异星诡影·别西卜
64799,,64799,秩序之子·昆仑
64800,,64800,秩序万界之柱·乾坤
64808,,64808,最后的贤者·艾蕾
64831,,64831,多元·愚者
64840,,64840,重构·世界
64865,,64865,万龙之主·至高龙尊
64866,,64866,光启精灵王-伊撒尔
64867,,64867,木之精灵王-可兰
64868,,64868,净化之光-拉克丝
64869,,64869,梦幻之光-罗塔纱的幻影
64870,,64870,水之精灵王-梅卡
64871,,64871,光启时代-圣天伊
64872,,64872,火之精灵王-菲尔
64874,,64874,暗月千面-艾琳
64875,,64875,守护之光-米垭
64879,,64879,神羽曙光-奥天
64880,,64880,重枪风暴-合金猛将
64881,,64881,圣窗余晖-米迦勒
64882,,64882,灯笼精灵-路西法
64883,,64883,绝代兵神-韩信
64884,,64884,神峰圣护-山脉之魂
64890,,64890,幽冥主宰-哈迪斯
64891,,64891,怒海狂潮-金刚库巴
64892,,64892,猩红序曲-露易丝
64893,,64893,绿叶咆哮-棕叶战熊
64899,,64899,生命使徒-瓦利
64900,,64900,灵魂使徒-卡莉
64902,,64902,时间使徒-诺栗
64904,,64904,天使圣音-姬露比
64909,,64909,灯笼精灵-银河
64910,,64910,千古一帝-秦始皇嬴政
64911,,64911,无我之境-力量王
64916,,64916,陨星-愚者
64917,,64917,灯笼精灵-圣王麒麟
64920,,64920,圣宇星轨时扉之光-羲和
64921,,64921,GOD-无冕之王
64922,,64922,GOD-无冕之王
64923,,64923,解构万物之眼-赫耳墨斯
64924,,64924,解构万物之眼-赫耳墨斯
64925,,64925,执掌因果万世轮回-帝俊
64926,,64926,瑞兔赐福-卯小兔
64927,,64927,浮生浮灭万意恒常-阿赖耶识
64939,,64939,旃檀功德-唐三藏
64940,,64940,齐天大圣-孙悟空
64941,,64941,德安万世-唐太宗李世民
64942,,64942,天蓬元帅-猪八戒
64945,,64945,众里寻他千百度-梦
64946,,64946,众生乐土万灵随行-末那
64947,,64947,海枯之心-白京京
64952,,64952,谪仙剑无双-李白
64953,,64953,暗能涌动星海创生-提亚玛特
64955,,64955,凛冬之意-瓦格纳
64957,,64957,剑影抚落忆-孙尚香
64958,,64958,清辉映星河-望舒
64959,,64959,三位一体-至尊精灵王
64960,,64960,卷帘大将-沙悟净
64964,,64964,深渊安魂曲-奈亚
64965,,64965,天道暗御-阴的幻影
64967,,64967,踏阴阳定荒宇-东皇太一
64968,,64968,引尘造万物-星尘
64969,,64969,天道曜护-阳的幻影
64971,,64971,阴阳割昏晓-天道无极
64973,,64973,霜佑北境-帕里斯
64977,,64977,千山落樱之辉-夜樱
64978,,64978,荷风引水色-瑠璃
64979,,64979,大汉天子-汉武帝刘彻
64980,,64980,月魄孤影-神武月
64987,,64987,神炎日冕-战无炎
64994,,64994,至圣神王裁决-奥丁大帝
64995,,64995,源星之归引-上古星龙
64996,,64996,深渊穿梭者-律
64997,,64997,沙漠之心-阿努比斯
64999,,64999,救世的执妄愚人-公爵
65000,,65000,星穹庇世之翼-赫耳墨斯
65001,,65001,守护众生之愿-瓦尔基里
65007,,65007,永劫破灭混沌至尊-卡奥斯
65008,,65008,一代天骄-成吉思汗铁木真
65009,,65009,枯骨之花-莉莉丝
65010,,65010,心炉幻影·五
65019,,65019,创灵众生-通灵王
65020,,65020,白灵之尊-狼王
65021,,65021,万世独霸龙族至尊-帝皇龙
65022,,65022,荒宇独霸-帝皇龙
65023,,65023,倾世之寒-始祖冰龙
65025,,65025,星轨圣裁之回响-羲和
65026,,65026,雅克守护者-神罗麦提
65030,,65030,破虚空衍群龙-龙母
65031,,65031,破碎虚实之境-虚空龙灵
65033,,65033,龙族新歌-玲玲珑
65038,,65038,斐灵之心-皮塔
65042,,65042,圣树临辉光暗双耀-奇灵王
65043,,65043,慧心渊识之智-密涅瓦
65044,,65044,大妖血脉-妖王冽
65050,,65050,春晖神女-可兰
65052,,65052,湍流激越-橙李
65053,,65053,戮器仁心-帝刃
65054,,65054,希望永存世间-潘多拉
65055,,65055,天国守护者-白天使王
65056,,65056,黑暗之翼-黑天使王
65064,,65064,沧海遗珠-沫夏
65066,,65066,神兵护佑-圣盾
65075,,65075,至高启示-真理之后
65076,,65076,冰封之心-伊莎女王
65084,,65084,幽冥千炼-鬼墨无忧
65093,,65093,棋临无间-无冕之王
65095,,65095,逐愿淬光之明-阿格蕾亚
65096,,65096,冥骸蚀暗-阿修罗
65097,,65097,逐梦追光-布灵灵
65104,,65104,王者加冕-圣天伊
65105,,65105,王者加冕-黄金圣天伊
65111,,65111,无垠-愚者
65112,,65112,陨灭-世界
65114,,65114,博物馆奇妙夜-梁龙
65118,,65118,邃古凌苍-日月战武神
65121,,65121,混沌恩赐-厄瑞玻斯
65122,,65122,万象始源之刻-赫耳墨斯
65124,,65124,鸣劫制裁-雷霆青龙
65130,,65130,漆夜破空之刃-使者
65131,,65131,漆漆-使者
65132,,65132,荒炎焚天-飓焰朱雀
65136,,65136,万王天谕-圣王麒麟
65137,,65137,天地惊弦-六龙圣王
65142,,65142,圣魂觉醒-伊撒尔
65143,,65143,心炉幻影·六
65147,,65147,绝天穿梭之界-时空王
65152,,65152,极乐欲界天魔主-波旬
65153,,65153,神威重壁-惊涛玄武
65154,,65154,圣铃妙音众识浮沉-阿赖耶识
65162,,65162,真炎神君-菲尔
65163,,65163,傲凡尘启仙灵-女娲
65164,,65164,妙笔创生绘世-女娲
65165,,65165,午夜大冒险-黑夜童心
65166,,65166,庇天之白翼-修罗
65171,,65171,伊甸园的余晖-亚当
65174,,65174,超越纪元的新生-海蒂拉玛
65175,,65175,无言的祈愿-海蒂拉玛
65178,,65178,玄墨藏锋-龙宵
65182,,65182,源水风暴-梅卡
65185,,65185,驱灵神捕-琳琅
65187,,65187,星宇之隙穹宙之辉-银河
65188,,65188,万神之王-宙斯
65193,,65193,黄泉归引-孟婆
65196,,65196,造自然耀万物-盖亚
65197,,65197,荒秽堕墟-阿波菲斯
65198,,65198,蜀汉霸业-汉昭烈帝刘备
65199,,65199,自然恩赐-薇薇安
65203,,65203,恶魔之主-撒旦
65206,,65206,始祖大天使-尼斯洛克
65207,,65207,地狱天使-纳菲利姆
65208,,65208,夜与月的蔷薇-夜兰
65214,,65214,绝望噬影-尼德霍格
65217,,65217,神兽尊主-苍穹圣龙
65219,,65219,破天之黑刃-凯撒
65220,,65220,鼎立九州-夏帝大禹
65225,,65225,异界史诗-渡
65226,,65226,异界史诗-渡（不朽者）
65227,,65227,征战之旅-神都王
65228,,65228,讨伐之旅-勇者
65230,,65230,狂肆之旅-邪神
65231,,65231,葬魂曲-死神弥尔
65235,,65235,瞰世之棘-亘古树灵
65236,,65236,余烬初王-洛兰
65240,,65240,霜寒冰域-上古龙女
65241,,65241,炽天炎境-上古龙女
65243,,65243,缘分一线牵-小狐仙
65247,,65247,天道秩序诸界主宰-乾坤
65248,,65248,花醉风清-洛洛离
65253,,65253,爱与美的赞歌-维纳斯
65254,,65254,大道无名-天命王
65257,,65257,天穹苍翼-圣修暗凯帝
65258,,65258,魔神再临-以撒
65259,,65259,赤月刀姬-曰
65262,,65262,冰与火之舞-炽寒天凤
65263,,65263,逆律之触-伊西斯
65264,,65264,龙年纪念-贝贝龙
65265,,65265,永恒炽阳-神阿波罗
65272,,65272,创世织梦之眷-赫耳墨斯
65275,,65275,如星永伴长夜-梦
65281,,65281,九霄帝姬-巫山神女
65283,,65283,炎刃燎原-赤霄
65289,,65289,破晓圣光-白羽公主
65290,,65290,惊雷烁光-幻雷
65291,,65291,原初骑士-洛兰
65293,,65293,横扫三界-孙悟空
65294,,65294,恶魔的私语-路西法
65295,,65295,永夜之主-夜王
65299,,65299,幻世镜梦-谴
65300,,65300,翼龙之子-凌风
65301,,65301,长夜墟渊-烛龙
65302,,65302,剑逐山河-轩辕夏禹
65303,,65303,赤帝-祝融
65304,,65304,超界奇迹-龙星诺
65307,,65307,浮士德-归零者
65309,,65309,水神-共工
65310,,65310,幻海奇迹-水星诺
65314,,65314,青山沐日天地无疆-盘古
65315,,65315,后土玄黄-岁岁祈
65316,,65316,梵星音律-乾达婆
65317,,65317,日曜奇迹-太阳星诺
65318,,65318,月辉奇迹-月亮星诺
65324,,65324,星启万象-智慧王
65326,,65326,苍森奇迹-木星诺
65327,,65327,次元守护-伊撒尔
65328,,65328,沙都守护者-曼珠沙华
65330,,65330,诺言之神-星诺玛
65331,,65331,炎龙之子-炎王
65332,,65332,金翅神羽-迦楼罗
65333,,65333,星光奇迹-圣灵星诺
65336,,65336,群星守护寰宇光辉-神银河
65337,,65337,暗宇之质万物之初-提亚玛特
65339,,65339,魂之缚-奇诺
65344,,65344,创世罪裁龙神-撒迦利亚
65346,,65346,凰权天下-帝女夙
65347,,65347,审判命运之战-奥丁大帝
65349,,65349,末裔之歌-海伦娜
65351,,65351,神国圣赐之羽-弗丽嘉
65353,,65353,诸天神通-帝释天
65358,,65358,王权断罪之章-吉尔伽美什
65360,,65360,混沌寂烬-厄瑞玻斯
65361,,65361,苍松剑意-干将
65364,,65364,混沌始源万物终湮-卡奥斯
65365,,65365,生于哀骨之花-莉莉丝
65366,,65366,巨龙之子-明王
65370,,65370,尼伯龙根之主-法芙娜
65371,,65371,深渊缠绕者-利维坦
65376,,65376,晖光轮回女神-梅比乌斯
65377,,65377,冰霜亡域-巫妖王
65379,,65379,吾即深渊-拉莱耶
65380,,65380,吾即深渊-拉莱耶（支配者）
65381,,65381,吾即深渊-拉莱耶（真神）
65382,,65382,绝望轮回女神-梅比乌斯
65391,,65391,寰宇皆臣-女帝
65392,,65392,明月剑心-莫邪
65394,,65394,苍翠守望-终结兔
65397,,65397,终末的残响-奈亚
65400,,65400,审神律理-无冕之王
65401,,65401,星月交辉-一生一世
65402,,65402,断海沧澜-龙太子
65413,,65413,逐光深坠-克希拉
65414,,65414,白魔法师-真言诺亚
65422,,65422,无始无明之境-阿赖耶识
65427,,65427,寒夜破晓之刃-使者
65431,,65431,九柱神临缔世碑火-阿蒙王
65433,,65433,神威地龙-摩罗迦
65438,,65438,墟尽神临之噬-赫耳墨斯
65439,,65439,噬界傀人-赫耳墨斯
65443,,65443,星芒圣佑-创世星灵
65446,,65446,圣火炽天使-塞勒芙
65450,,65450,圣裁座天使-奥菲妮
65451,,65451,剑影迷踪-承影
65452,,65452,永恒圣穹焚罪终裁-阿卜苏
65453,,65453,孤胆英雄-赵云
65457,,65457,吾即永恒-阿卜苏
65458,,65458,圣律智天使-姬露比
65464,,65464,万序之启-源
65467,,65467,灵骸烬染之潮-夜樱
65468,,65468,月影映夜斓-夜樱
65471,,65471,乘清气御阴阳-东皇太一
65474,,65474,浮游天地乘风去-逍遥
65475,,65475,瑶琴迷阵-诸葛亮
65476,,65476,风摇清荷影-瑠璃
65482,,65482,坐忘无我化生万象-天道无极
65483,,65483,日月映海晨曦微露-羲和
65484,,65484,天人共铸-纯钧
65488,,65488,黑翎之妄朽界之暗-梵天
65489,,65489,武道至尊-龙皇辉斗
65491,,65491,幻相至尊-白皇星焰
65492,,65492,涅槃至尊-雀皇紫辰
65493,,65493,天启纪元缔世圣冕-梵天
65494,,65494,横戟破军-吕布
65495,,65495,天使精灵
65502,,65502,神行至尊-玄皇耀凌
65505,,65505,复生者-帕克
65506,,65506,无畏重铠-达鲁
65509,,65509,诡影噬夜-黑翼王
65512,,65512,全维衍化之钥-阿比斯
65513,,65513,血月之引-露易丝
65514,,65514,异度刀姬-尤尼梅特
65515,,65515,灵智终端-黛拉
65523,,65523,建构终端-格莉娅
65524,,65524,幻游终端-妮娜
65526,,65526,圣仪临世-烈焰凤凰
65527,,65527,一剑封魂-白夜叉
65528,,65528,剑指天下-太阿
65532,,65532,穹星创迹苍宇生辉-银河
65539,,65539,空寂无尘万法唯心-阿赖耶识
65540,,65540,统界神权王者-帝皇龙
65544,,65544,绯龙之契源晶之辉-阿卜苏
65545,,65545,蛇影魔瞳-美杜莎
65546,,65546,蛇年纪念-小星诺
65552,,65552,星冕-愚者
65556,,65556,凝尘造界之星神-星尘
65561,,65561,龙吟瑞雪-圣王麒麟
65562,,65562,悟道成佛-孙悟空
65564,,65564,一桥一诺一相逢-梦
65566,,65566,重击雷霆-铁拳袋鼠
65572,,65572,忘川送魂-孟婆
65573,,65573,三生花缘-知世
65574,,65574,幽泉使者-孟婆
65576,,65576,吞天黑潮-凯撒
65577,,65577,飞剑游云-湛卢
65578,,65578,神霆点苍-奇灵王
65579,,65579,纵马引弓巾帼志-孙尚香
65588,,65588,曙天煌翼-修罗
65590,,65590,时序永前万境永在-时空王
65592,,65592,时渊裂缝-时间之神
65594,,65594,砂海栖心-洛羲
65595,,65595,玄潭游龙-七星龙渊
65597,,65597,日辉月影之扉-羲和
65598,,65598,虚堕之君王-贝利亚尔
65599,,65599,大河龙女-海纳百川
65607,,65607,荒原苍焰-狼王
65610,,65610,怒焰裁世-狂龙
65614,,65614,不朽龙主-巴哈姆特
65616,,65616,欲金之君王-撒共姆
65622,,65622,创界悯世之颂祷-龙母
65623,,65623,七罪圣裁-伊撒尔
65627,,65627,棋谕万象之冠-真理之后
65632,,65632,魅魇之惑-始祖影龙
65637,,65637,圣咏御天使-银
65640,,65640,万理炽天使-K
65643,,65643,月渊万相-艾琳
65644,,65644,光穹永耀之辉-天使王
65654,,65654,终极王者-王牌战队
65655,,65655,生命牧歌-辉月战骑
65657,,65657,纪元初光之回响-圣天伊
65659,,65659,雪域圣主-冰雪女皇
65663,,65663,诡匿之君王-巴拉姆
65680,,65680,天地之始祖-盘古
65682,,65682,造化之祖神-女娲
65685,,65685,日月时境御主-羲和
65686,,65686,山河息壤-岁岁祈
65689,,65689,纪元弈主-无冕之王
65691,,65691,灾变之君王-拜恩
65705,,65705,解离森罗之瞳-赫耳墨斯
65713,,65713,无尽轮回此间永恒-梅比乌斯
65715,,65715,东方秘毒-牵机药
65717,,65717,暗潮星漩创界之渊-提亚玛特
65718,,65718,深空之眼-小宇宙
65723,,65723,纪元至高之引-海蒂拉玛
65724,,65724,渊秘之君王-派蒙
65731,,65731,绯鳞审判永恒龙辉-阿卜苏
65736,,65736,逆神意志-GOD无冕之王
65737,,65737,GOD
65738,,65738,东方秘毒-断肠草
65742,,65742,永茂不凋之王庭-森林女皇
65748,,65748,自然之母神-盖亚
65749,,65749,诱火之君王-阿斯摩太
65755,,65755,无竭命核-渡（不朽者）
65762,,65762,虚环-愚者
65764,,65764,大荒共主-天帝昊天
65765,,65765,九幽业火-魔君夜渊
65769,,65769,启界骑士-洛兰
65772,,65772,愿光守夜之华-阿格蕾亚
65773,,65773,隐序之君王-普尔森
65779,,65779,深渊的回音-奈亚
65783,,65783,深渊的约定-克希拉
65788,,65788,瞳中幽墟-绮美拉
65791,,65791,深渊星阶-律
65792,,65792,腐殖之君王-贝雷特
65798,,65798,众神之尊-宙斯
65801,,65801,苍雪之源霜-上古龙女
65805,,65805,灼天​燎宇-上古龙女
65806,,65806,冥霆之君王-巴尔
65810,,65810,永夜苍焰-冥夜君狼王
65812,,65812,爱与美的恩泽-维纳斯
65824,,65824,天垣龙谕-龍
65826,,65826,原初创生之翼-龙母
65830,,65830,星涡归溯隙间守望-银河
65839,,65839,万灵溯生之御-盖亚
65840,,65840,无量境主-末那
65846,,65846,万识莲台​浮音渡世-阿赖耶识
65852,,65852,穹宇枢星​-仙王座
65858,,65858,太古永生-乌姆尔
65879,,65879,冰羽焰翎霜火凤鸣-炽寒天凤
65898,,65898,万魂映月之主-夜樱
65902,,65902,万象纪-天女
70002,,70002,犀利兔
70003,,70003,大师兔
70006,,70006,爆焰吉拉
70008,,70008,露滴
70009,,70009,露西亚
70020,,70020,半沙拳手
70035,,70035,隆咚石
70044,,70044,冰角犬
70062,,70062,库多
70068,,70068,乌可拉
70074,,70074,哥拉蟹
70087,,70087,冰拳艾司
70096,,70096,金刚库巴
70102,,70102,合金猛将
70103,,70103,赤月
70105,,70105,神武月
70109,,70109,炎风
70111,,70111,战无炎
70146,,70146,桃花鹿
70149,,70149,数码魔方
70170,,70170,雅妞
70173,,70173,积木龙
70198,,70198,卡布罗格
70215,,70215,青龙灵兽
70270,,70270,鬼狱傀儡
70278,,70278,烈焰鸟
70290,,70290,七星神龙
70301,,70301,达鲁
70311,,70311,电击八爪鱼
70313,,70313,冰块
70320,,70320,雷帝神
70323,,70323,梅卡
70328,,70328,SR战士
70329,,70329,强袭SR
70363,,70363,巡海小鱼
70388,,70388,玄武灵兽
70393,,70393,犀牛小怪
70418,,70418,山脉之魂
70436,,70436,黑暗守卫
70438,,70438,明月鸟
70441,,70441,大鹏鸟
70461,,70461,黑影
70475,,70475,浮云尊者
70504,,70504,先锋SR
70506,,70506,烈焰凤凰
70536,,70536,震天石魔
70550,,70550,迪比
70560,,70560,扭扭暗黑王
70565,,70565,独角海狮
70573,,70573,牛仔小蟹
70604,,70604,念
70624,,70624,白虎灵兽
70659,,70659,电击拳怪
70728,,70728,凯撒
70731,,70731,修罗
70741,,70741,朱雀灵兽
70794,,70794,奇灵王
70869,,70869,通灵巫师
70931,,70931,赵云
70946,,70946,紫渊
70973,,70973,红魔
71108,,71108,吕布
71122,,71122,狼王迪洛斯
71124,,71124,夜王·幻影
71225,,71225,刘备
71296,,71296,幻炎
71307,,71307,幻光
71350,,71350,赤翼魔龙王
71414,,71414,九尾冰狐
71423,,71423,噬月武神
71426,,71426,黑炎龙
71616,,71616,剑圣太白
71645,,71645,圣盾
71649,,71649,可兰
71680,,71680,帝刃
71706,,71706,暗影凯撒
71754,,71754,炎王
71767,,71767,七阶霜炎法神
71777,,71777,帝卡
71792,,71792,天怒
71812,,71812,疾星
71824,,71824,明王
71825,,71825,斗罗明王
71830,,71830,雷霆
71832,,71832,魏国士兵丙
71842,,71842,光·加比
71843,,71843,翼·加比
71861,,71861,龙刃
71873,,71873,冰罗皇
71884,,71884,伊乐
71893,,71893,擎空
71896,,71896,光龙•圣天伊
71902,,71902,炽天
71924,,71924,普通银魂
71946,,71946,坠星
71948,,71948,普通破军
71962,,71962,圣羽凌风
71985,,71985,断空翼皇
71990,,71990,苍耀光圣
72016,,72016,奇纳
72020,,72020,无念
72026,,72026,菲洛
72033,,72033,风暴龙
72035,,72035,暗影魔将
72049,,72049,艾恩
72050,,72050,煌炎战神
72061,,72061,魔小兵
72160,,72160,神照修罗王
72161,,72161,神照修罗王
72165,,72165,创圣天奇灵
72166,,72166,创圣天奇灵
72179,,72179,魂王天使雷米
72189,,72189,神焰天使乌利
72190,,72190,神焰天使乌利
72200,,72200,黯天凯撒皇
72201,,72201,黯天凯撒皇
72203,,72203,白皇星焰
72204,,72204,白皇星焰
72217,,72217,极武兔皇
72218,,72218,极武兔皇
72224,,72224,龙皇辉斗
72227,,72227,暗行罗刹
72239,,72239,天天
72328,,72328,夜灵
72379,,72379,众神纪元之居民C
72380,,72380,超木精灵
72387,,72387,上古星龙
72389,,72389,炎辉
72412,,72412,噬心黑龙
72426,,72426,卡谬
72427,,72427,月神
72428,,72428,炎帝
72440,,72440,星魔
72443,,72443,轩辕奇灵
72444,,72444,圣·帝伊
72446,,72446,罗狄
72449,,72449,雷怒青龙
72455,,72455,滔天白虎
72468,,72468,鬼杀布莱克
72470,,72470,百变愚人盒
72474,,72474,史昂
72493,,72493,东皇天
72501,,72501,东皇道
72506,,72506,焚炙朱雀
72507,,72507,小阴
72508,,72508,小阳
72511,,72511,东皇无
72515,,72515,泰岳玄武
72517,,72517,东皇极
72521,,72521,阿鲁迪
72545,,72545,逍遥
72549,,72549,游乐百变盒
72551,,72551,撒加
72574,,72574,轰雷迪斯
72577,,72577,暗煞魔龙王
72590,,72590,乾坤修罗神
72595,,72595,阴
72603,,72603,超念
72611,,72611,帝皇天帝龙皇
72615,,72615,艾欧尼亚
72618,,72618,堕天凯撒帝
72623,,72623,阳
72643,,72643,杰瑞米
72669,,72669,圣耀阿波罗
72673,,72673,童虎
72681,,72681,天鹰雨果
72691,,72691,米罗
72696,,72696,神·玄皇耀凌
72700,,72700,威虎但丁
72701,,72701,神·龙皇辉斗
72710,,72710,神·梵天
72714,,72714,超源
72716,,72716,圣星矢
72725,,72725,狂鲨歌德
72730,,72730,魔君夜王
72751,,72751,盘古
72774,,72774,归零者
72792,,72792,自由之神
72901,,72901,麦迪文
72924,,72924,真言诺亚
72926,,72926,暗夜辰星
72961,,72961,天神白
72963,,72963,天神劫
72994,,72994,冥夜君狼王
72998,,72998,白翼御天使银
73016,,73016,金翼炽天使K
73028,,73028,天使王·完全体
73030,,73030,乾坤修罗神·完全体
73035,,73035,神迹圣天伊·完全体
73046,,73046,战火之王
73047,,73047,神农·完全体
73048,,73048,女娲·完全体
73049,,73049,轩辕·完全体
73051,,73051,盘古·完全体
73075,,73075,黑翼王·完全体
73079,,73079,貘·完全体
73084,,73084,天焰菲尔·完全体
73085,,73085,宙斯·完全体
73087,,73087,战火之王·完全体
73090,,73090,无冕之王·完全体
73093,,73093,雷怒青龙·完全体
73100,,73100,日月战武神·完全体
73112,,73112,御星痕
73124,,73124,伏羲·完全体
73125,,73125,超源·完全体
73145,,73145,圣修暗凯帝·完全体
73157,,73157,千机变
73165,,73165,森罗可兰·完全体
73168,,73168,冥夜君狼王·完全体
73172,,73172,龙吟守·完全体
73173,,73173,八岐大蛇·完全体
73176,,73176,传奇圣天伊
73177,,73177,黄金传奇圣天伊
73180,,73180,传奇阿波罗
73186,,73186,兵神韩信
73187,,73187,传奇Zeta
73188,,73188,传奇哈迪斯
73192,,73192,雪无寒灵
73193,,73193,传奇阴
73194,,73194,传奇阳
73196,,73196,传奇天道无极
73202,,73202,传奇莎莎
73205,,73205,天元夜神
73207,,73207,传奇月神
73210,,73210,御星璃
73214,,73214,洪荒王
73215,,73215,传奇烈焰凤凰
73216,,73216,传奇奇灵王
73217,,73217,传奇圣冕麒麟
73218,,73218,传奇龙太子
73220,,73220,传奇梅卡
73222,,73222,传奇雷帝神
73224,,73224,传奇炎帝
73225,,73225,传奇张飞
73230,,73230,命运之神
73234,,73234,传奇黑翼王
73238,,73238,传奇星魔
73239,,73239,审判之神
73249,,73249,传奇东皇太一
73256,,73256,智慧王
73259,,73259,传奇凯撒帝
73267,,73267,传奇修罗神
73274,,73274,传奇夜王
73277,,73277,传奇狼王
73282,,73282,传奇炽天使K
73288,,73288,传奇天使王
73294,,73294,小浣
73298,,73298,力量王
73372,,73372,始祖翼龙
73380,,73380,[王者羁绊]圣天伊
73381,,73381,[远古精灵王]伊撒尔
73384,,73384,[斗转星移]智慧王
73388,,73388,星辉·大天狗
73390,,73390,[太阳]烛照之影
73392,,73392,[火神]祝融
73399,,73399,[逢魔之约]阴阳
73402,,73402,[雷霆主宰]风暴龙
73406,,73406,[未来精灵王]梵天
73408,,73408,[亘古鸿蒙]力量王
73409,,73409,[天道守护]东皇太一
73414,,73414,[黄泉大神]伊邪那美
73424,,73424,[万王加冕]圣王麒麟
73425,,73425,[上古月神]神武月
73427,,73427,[太阳神]阿波罗
73428,,73428,[上古炎帝]战无炎
73429,,73429,[一代宗师]奇灵王
73433,,73433,[永夜君主]夜王
73435,,73435,[白灵圣君]狼王
73438,,73438,[宇宙秩序]毗湿奴
73446,,73446,[七十二柱]所罗门王
73453,,73453,[众灵始初]通灵王
73454,,73454,[星界霸主]上古星龙
73466,,73466,[希望之神]奥天
73469,,73469,[龙族至尊]帝皇龙
73472,,73472,[圣光之子]修罗
73474,,73474,[圣堂祭祀]夕颜
73479,,73479,[圣堂刺客]半夏
73480,,73480,[恶魔之子]凯撒
73481,,73481,[绝界剑主]苏铁
73482,,73482,[圣堂之主]舜华
73483,,73483,[傲慢与偏见]归零者（个体）
73491,,73491,[神行谍影]黑翼王
73495,,73495,[无尽神兵]银
73498,,73498,水·灭世魔龙
73510,,73510,[应汝之愿]天使王
73511,,73511,[应汝之愿]天使王
73517,,73517,[黑客帝国]诺亚
73553,,73553,[睡美人]夏娃
73571,,73571,[烈焰红莲]朱雀
73579,,73579,[冰封的思念]尤莱亚
73592,,73592,[伍心开阳]姬如意
73608,,73608,[星现万物]王者智慧王
73617,,73617,[执掌天权]御渊
73618,,73618,[执掌天权]御渊
73620,,73620,[时间法则]王者伊撒尔
73636,,73636,[天玑天璇]重楼
73641,,73641,[御日月缔时光]羲和
73655,,73655,[八部天龙]龙太子
73656,,73656,[天命七星]神兵圣王
73659,,73659,[天玑天璇]重楼（神兵）
73664,,73664,[神爱世人]王者天使王
73666,,73666,[逆转光阴]九曜
73683,,73683,[天焰至尊]王者菲尔
73694,,73694,[五虎凤燎原]马超
73695,,73695,[五虎凤燎原]马超
73697,,73697,[月亮女神]阿尔忒弥斯
73706,,73706,[贪婪之罪]神秘战无炎
73719,,73719,[蜀汉天尊]刘备
73740,,73740,[空间法则]超维伊撒尔
73746,,73746,[龙族起源]龙母
73800,,73800,[无界无序无限]时空王
73801,,73801,[皆为序曲]过去之神（诸神）
73810,,73810,[黑白相生]灵魂奇灵王
73845,,73845,[天国咏唱]命运天使王
73898,,73898,[欲望与苦难]命运所罗门王
73918,,73918,混沌精灵
73923,,73923,星辉时代·圣天伊
73924,,73924,星辉时代·黄金圣天伊
73925,,73925,星辉少女·小熊座
73926,,73926,辉煌城主·天龙座
73928,,73928,救世天幕·时空王
73930,,73930,绯红女王·大熊座的幻影
73932,,73932,天穹之君·仙王座
73936,,73936,正义
73937,,73937,末世樱剑舞·千夏
73941,,73941,星星
73942,,73942,光翼缔造者·创世星灵的幻影
73946,,73946,神之战鳞·枪魂应龙
73947,,73947,神之皇鳞·剑魂白泽
73950,,73950,无双剑意·剑帝修纳
73953,,73953,末世红镰闪·希尔瓦娜斯
73958,,73958,神之审判·白天使王
73959,,73959,魔之禁锢·黑天使王
73960,,73960,花晨月夕·洛羲的幻影
73963,,73963,大魔王·地
73964,,73964,天使恶魔·米迦勒x路西法
73965,,73965,天使恶魔·米迦勒x路西法
73966,,73966,万王天谕·圣王麒麟
73968,,73968,星轨圣裁之回响·羲和
73975,,73975,万世龙尊·帝皇龙
73980,,73980,四灵之主·苍穹圣龙
73981,,73981,东方灵兽·青龙
73982,,73982,南方灵兽·朱雀
73983,,73983,开天地创净土·盘古
73984,,73984,西方灵兽·白虎
73986,,73986,斗战胜佛·孙悟空
73989,,73989,大暗黑·天
73995,,73995,伊邪那氏·那美x那岐
73996,,73996,伊邪那氏·那美x那岐
73997,,73997,森林之息·花冠公主
73999,,73999,第一真祖·黑翼王
74000,,74000,覆天之影·黑翼王
74002,,74002,第二真祖·露易丝
74004,,74004,万神之王·宙斯
74008,,74008,主天道御天下·乾坤
74020,,74020,大道独行·天命王
74025,,74025,轮回溯梦·伊撒尔的幻影
74026,,74026,天启神君·梵天的幻影
74027,,74027,春晖暖·立春的幻影
74030,,74030,太极生两仪·东皇太一
74036,,74036,未来计划·黯帝修罗
74037,,74037,未来计划·暴君凯撒
74043,,74043,未来计划·嗜血狼王
74044,,74044,正当时·小满
74046,,74046,龙魂永曜·龍
74048,,74048,未来计划·噬魂夜王
74050,,74050,破虚空衍群龙·龙母
74051,,74051,万龙之上·至高龙尊
74055,,74055,万龙之上·至高龙尊
74057,,74057,未来计划·神秘战无炎
74058,,74058,谷满尖·芒种
74060,,74060,星辰造世·奇灵王的幻影
74061,,74061,混元合一·奇灵王
74064,,74064,空间魂梦·伊撒尔
74067,,74067,荷满塘·夏至
74070,,74070,造自然耀万物·盖亚
74071,,74071,万灵永恒·盖亚
74072,,74072,花间序·薇薇安（神启者）
74073,,74073,花间序·薇薇安
74076,,74076,统御四海·敖兴
74083,,74083,天堂创世之光·王者天使王的幻影
74084,,74084,无限神力·力量王的幻影
74088,,74088,时间故梦·王者伊撒尔
74092,,74092,真理之门·无冕之王
74093,,74093,武绝凌天·貘
74107,,74107,仙官相·哪吒
74109,,74109,十年の热血·魔焰吉拉
74113,,74113,未来计划·日月战武神
74114,,74114,未来计划·日月战武神
74117,,74117,十年の梦想·古渊露龙
74119,,74119,扉之光时之晖·王者羲和
74120,,74120,梦幻绮丽之夜·羲和
74121,,74121,十年の希望·终结兔的幻影
74127,,74127,GOD·无冕之王
74128,,74128,深渊之主·拉莱耶
74132,,74132,深渊の凝视·奈亚的幻影
74134,,74134,远古精灵王·伊撒尔
74139,,74139,忘川临世·鬼墨无忧
74141,,74141,驭灵度众生·SP通灵王
74147,,74147,桂盈梢·秋分
74151,,74151,诸神至高王座·王者奥丁大帝
74156,,74156,妖相百斩·洪荒无极
74165,,74165,九黎兵主·蚩尤的幻影
74166,,74166,伐天堕神·刑天
74170,,74170,未来计划·冥夜君狼王
74171,,74171,未来计划·冥夜君狼王
74174,,74174,十殿阎罗·地藏王
74176,,74176,飘渺绝尘·七星龙渊
74186,,74186,游龙回雪·金步摇
74193,,74193,彼岸永望·孟婆
74197,,74197,踏阙飞影·鱼肠
74199,,74199,乱世英豪·吕布
74201,,74201,烈焰天辉·菲尔
74203,,74203,不语奈何·知世
74204,,74204,帝刹穹天·至高龙尊
74207,,74207,月冕之曜·阿尔忒弥斯
74212,,74212,幽径拾光·达芙妮
74216,,74216,照世之澜·梅卡
74217,,74217,虚数重构·黛依的幻影
74228,,74228,天启新篇·梵天
74229,,74229,生命礼赞·可兰
74233,,74233,零阶·愚者
74236,,74236,逆理·世界
74245,,74245,裂穹之斩·龙刃
74246,,74246,魔神·以撒
74248,,74248,星轨圣裁之回响·传说羲和
74249,,74249,花晨月夕·传说洛羲的幻影
74256,,74256,崩坏·天使王
74258,,74258,禁锢审判·传说天使王
74264,,74264,灰烬熔芯·胜遇
74266,,74266,地隐微澜·小锦鲤
74267,,74267,牛气冲天·牛魔王
74268,,74268,日月轮回之龙息·传说帝俊
74281,,74281,玄鹤游方·翎
74282,,74282,凰诏天赦·烈焰凤凰
74292,,74292,绝望·尼德霍格
74293,,74293,圣剑之佑·白羽公主
74294,,74294,三皇圣祖·伏羲
74295,,74295,逆天·孙悟空
74297,,74297,罔相仪形·蜃龙
74305,,74305,华夏始祖·轩辕
74307,,74307,百药先祖·神农
74308,,74308,育灵天地间·王者女娲
74310,,74310,云墨苍生·玄霄
74313,,74313,日月曜重光·盘古
74314,,74314,后土圣女·岁岁祈（神启者）
74315,,74315,后土圣女·岁岁祈
74329,,74329,全知·律
74335,,74335,权御万界·天帝昊天
74337,,74337,恶业轮回·魔君夜渊
74342,,74342,梵音净心·乾达婆
74343,,74343,掌混沌终因果·卡奥斯
74351,,74351,黑蔷薇·莉莉丝（神启者）
74352,,74352,妖相百斩·SP洪荒无极
74353,,74353,应天·源
74356,,74356,群星之怒·上古星龙
74357,,74357,瀚空碧海之辰·上古星龙
74358,,74358,星神誓约·星魔（神启者）
74359,,74359,遨游星辰间·龙母
74363,,74363,希望龙神·厄尔庇斯
74364,,74364,苍雷怒涛·风暴龙
74366,,74366,末世幽火悯·赫菲斯托斯
74367,,74367,神域初晓之刻·王者龙母
74374,,74374,绝对水域·王者梅卡
74384,,74384,神龙佑世·帝皇龙
74385,,74385,苍龙御天·帝皇龙
74391,,74391,冥夜瞬影·王者黑翼王
74396,,74396,武绝凌天·传说貘
74398,,74398,巨神撼世·骸
74406,,74406,地龙天威·摩罗迦
74411,,74411,解构·王者世界
74412,,74412,尔等为臣·女帝
74418,,74418,旧约断罪书·撒迦利亚
74419,,74419,血色神灾·暗黑雷帝神
74427,,74427,破晓棋局·无冕之王
74428,,74428,泰坦巨神王·普罗米修斯
74431,,74431,至高冠冕之谕·真理之后
74442,,74442,赤焰星芒·王者菲尔
74443,,74443,深潜者·克拉肯
74453,,74453,神诫·宙斯
74454,,74454,缠绕者·利维坦
74457,,74457,深渊意志·拉莱耶
74474,,74474,至圣不朽之勋·奥丁大帝
74480,,74480,未来计划·传说圣修暗凯帝
74482,,74482,繁星流转宇宙生灭·银河
74484,,74484,暗物质创世母神·提亚玛特
74486,,74486,星宇之噬·银河
74495,,74495,命运福音·亚当
74496,,74496,天国恩光·天使王
74503,,74503,绿野扉光·王者可兰
74504,,74504,未来计划·传说冥夜君狼王
74514,,74514,夺命魔弹·枪神王
74517,,74517,众生自然之灵·盖亚
74519,,74519,木·虚境领主
74520,,74520,花之絮语·薇薇安
74525,,74525,无垢幻境·白皇星焰
74527,,74527,终极神威·王牌战队
74538,,74538,龙啸奥义·龙皇辉斗
74541,,74541,咏春意千秋魂·奇灵王
74543,,74543,千秋武魂·咏春
74552,,74552,万古龙魂·龍
74575,,74575,无量乐土·末那
74577,,74577,宿命之尘·尘纱
74584,,74584,天道秩序之尊·乾坤
74593,,74593,醉心梅开·洛洛离
74596,,74596,古韵琴舫·羲和
74634,,74634,噬神者·柏拉图
74639,,74639,英雄之火·菲尔
74643,,74643,虚空权能之神·格劳孔
74654,,74654,天地开辟诸界降诞·盘古
74664,,74664,山海立万物生·女娲
74674,,74674,剑挽沧溟·梅卡
74679,,74679,太阳神的庇护·阿波罗
74686,,74686,永远的精灵王·伊撒尔
74702,,74702,裂斩沧澜·帝皇龙
74703,,74703,荒宇独霸·帝皇龙
74713,,74713,生命初始之章·龙母
74714,,74714,龙族龙女·玲玲珑（神启者）
74724,,74724,大道无形·天命王
74752,,74752,臣服于我·女帝
74760,,74760,晞光的祈唤·王者羲和
74790,,74790,异星诡影·别西卜
74799,,74799,秩序之子·昆仑
74800,,74800,秩序万界之柱·乾坤
74808,,74808,最后的贤者·艾蕾
74840,,74840,重构·世界
74866,,74866,光启精灵王-伊撒尔
74867,,74867,木之精灵王-可兰
74868,,74868,净化之光-拉克丝
74869,,74869,梦幻之光-罗塔纱
74870,,74870,水之精灵王-梅卡
74871,,74871,光启时代-圣天伊
74872,,74872,火之精灵王-菲尔
74874,,74874,暗月千面-艾琳
74875,,74875,守护之光-米垭
74879,,74879,神羽曙光-奥天
74880,,74880,重枪风暴-合金猛将
74881,,74881,灯笼精灵-米迦勒
74882,,74882,灯笼精灵-路西法
74883,,74883,绝代兵神-韩信
74884,,74884,神峰圣护-山脉之魂
74890,,74890,灯笼精灵-哈迪斯
74891,,74891,怒海狂潮-金刚库巴
74892,,74892,猩红序曲-露易丝
74893,,74893,绿叶咆哮-棕叶战熊
74898,,74898,永恒源晶裁决之龙-阿卜苏
74899,,74899,生命使徒-瓦利
74900,,74900,灵魂使徒-卡莉
74904,,74904,天使圣音-姬露比
74909,,74909,灯笼精灵-银河
74910,,74910,千古一帝-秦始皇嬴政
74911,,74911,无我之境-力量王
74916,,74916,陨星-愚者
74917,,74917,灯笼精灵-圣王麒麟
74920,,74920,圣宇星轨时扉之光-羲和
74921,,74921,GOD-无冕之王
74922,,74922,GOD-无冕之王
74925,,74925,执掌因果万世轮回-帝俊
74926,,74926,瑞兔赐福-卯小兔
74927,,74927,浮生浮灭万意恒常-阿赖耶识
74939,,74939,旃檀功德-唐三藏
74940,,74940,齐天大圣-孙悟空
74941,,74941,德安万世-唐太宗李世民
74945,,74945,众里寻他千百度-梦
74946,,74946,众生乐土万灵随行-末那
74947,,74947,海枯之心-白京京
74952,,74952,谪仙剑无双-李白
74953,,74953,暗能涌动星海创生-提亚玛特
74955,,74955,凛冬之意-瓦格纳
74957,,74957,剑影抚落忆-孙尚香
74958,,74958,清辉映星河-望舒的幻影
74959,,74959,三位一体-至尊精灵王
74960,,74960,卷帘大将-沙悟净
74964,,74964,深渊安魂曲-奈亚
74965,,74965,天道暗御-阴
74967,,74967,踏阴阳定荒宇-东皇太一的幻影
74968,,74968,引尘造万物-星尘
74969,,74969,天道曜护-阳
74971,,74971,阴阳割昏晓-天道无极
74973,,74973,霜佑北境-帕里斯
74977,,74977,千山落樱之辉-夜樱
74978,,74978,荷风引水色-瑠璃
74979,,74979,大汉天子-汉武帝刘彻
74980,,74980,月魄孤影-神武月
74987,,74987,神炎日冕-战无炎
74994,,74994,至圣神王裁决-奥丁大帝
74995,,74995,源星之归引-上古星龙
74996,,74996,深渊穿梭者-律
74997,,74997,沙漠之心-阿努比斯
74999,,74999,救世的执妄愚人-公爵
75000,,75000,星穹庇世之翼-赫耳墨斯
75001,,75001,守护众生之愿-瓦尔基里
75007,,75007,永劫破灭混沌至尊-卡奥斯
75008,,75008,一代天骄-成吉思汗铁木真
75009,,75009,枯骨之花-莉莉丝
75010,,75010,曲音落花间-貂蝉
75019,,75019,创灵众生-通灵王
75020,,75020,白灵之尊-狼王
75021,,75021,万世独霸龙族至尊-帝皇龙
75022,,75022,荒宇独霸-帝皇龙
75023,,75023,倾世之寒-始祖冰龙
75025,,75025,星轨圣裁之回响-羲和
75026,,75026,雅克守护者-神罗麦提
75030,,75030,破虚空衍群龙-龙母
75033,,75033,龙族新歌-玲玲珑
75042,,75042,圣树临辉光暗双耀-奇灵王
75043,,75043,慧心渊识之智-密涅瓦
75044,,75044,大妖血脉-妖王冽
75050,,75050,春晖神女-可兰
75052,,75052,湍流激越-橙李
75053,,75053,戮器仁心-帝刃
75054,,75054,希望永存世间-潘多拉
75056,,75056,黑暗之翼-黑天使王
75064,,75064,沧海遗珠-沫夏
75066,,75066,神兵护佑-圣盾
75074,,75074,睥睨众臣-女帝
75075,,75075,至高启示-真理之后
75082,,75082,深渊之契-绮美拉
75083,,75083,绝影蚀月-黑翼王
75084,,75084,幽冥千炼-鬼墨无忧
75087,,75087,武绝凌天-貘
75093,,75093,棋临无间-无冕之王
75095,,75095,逐愿淬光之明-阿格蕾亚
75096,,75096,冥骸蚀暗-阿修罗
75097,,75097,逐梦追光-布灵灵
75104,,75104,王者加冕-圣天伊
75105,,75105,王者加冕-黄金圣天伊
75111,,75111,无垠-愚者
75114,,75114,博物馆奇妙夜-梁龙
75118,,75118,邃古凌苍-日月战武神
75121,,75121,混沌恩赐-厄瑞玻斯
75122,,75122,万象始源之刻-赫耳墨斯
75124,,75124,鸣劫制裁-雷霆青龙
75130,,75130,漆夜破空之刃-使者
75131,,75131,漆漆-使者
75132,,75132,荒炎焚天-飓焰朱雀
75136,,75136,万王天谕-圣王麒麟
75137,,75137,天地惊弦-六龙圣王
75142,,75142,圣魂觉醒-伊撒尔
75143,,75143,时序之光-洛羲
75147,,75147,绝天穿梭之界-时空王
75152,,75152,极乐欲界天魔主-波旬
75153,,75153,神威重壁-惊涛玄武
75154,,75154,圣铃妙音众识浮沉-阿赖耶识
75162,,75162,真炎神君-菲尔
75163,,75163,傲凡尘启仙灵-女娲
75166,,75166,庇天之白翼-修罗
75171,,75171,伊甸园的余晖-亚当
75174,,75174,超越纪元的新生-海蒂拉玛
75175,,75175,无言的祈愿-海蒂拉玛
75178,,75178,玄墨藏锋-龙宵
75182,,75182,源水风暴-梅卡
75185,,75185,驱灵神捕-琳琅
75187,,75187,星宇之隙穹宙之辉-银河
75188,,75188,万神之王-宙斯
75193,,75193,黄泉归引-孟婆
75196,,75196,造自然耀万物-盖亚
75197,,75197,荒秽堕墟-阿波菲斯
75199,,75199,自然恩赐-薇薇安
75203,,75203,恶魔之主-撒旦
75206,,75206,始祖大天使-尼斯洛克
75207,,75207,地狱天使-纳菲利姆
75208,,75208,夜与月的蔷薇-夜兰
75214,,75214,绝望噬影-尼德霍格
75217,,75217,神兽尊主-苍穹圣龙
75219,,75219,破天之黑刃-凯撒
75225,,75225,异界史诗-渡(虚影）
75226,,75226,异界史诗-渡（不朽者）
75227,,75227,征战之旅-神都王
75228,,75228,讨伐之旅-勇者
75230,,75230,狂肆之旅-邪神
75231,,75231,葬魂曲-死神弥尔
75235,,75235,瞰世之棘-亘古树灵
75236,,75236,余烬初王-洛兰
75240,,75240,霜寒冰域-上古龙女
75241,,75241,炽天炎境-上古龙女
75243,,75243,愤怒的钱多多
75247,,75247,天道秩序诸界主宰-乾坤
75248,,75248,花醉风清-洛洛离
75253,,75253,爱与美的赞歌-维纳斯
75254,,75254,大道无名-天命王
75257,,75257,天穹苍翼-圣修暗凯帝
75258,,75258,魔神再临-以撒
75259,,75259,赤月刀姬-曰
75262,,75262,冰与火之舞-炽寒天凤
75263,,75263,逆律之触-伊西斯
75264,,75264,龙年纪念-贝贝龙
75265,,75265,永恒炽阳-神阿波罗
75272,,75272,创世织梦之眷-赫耳墨斯
75275,,75275,如星永伴长夜-梦
75281,,75281,九霄帝姬-巫山神女
75283,,75283,炎刃燎原-赤霄
75289,,75289,破晓圣光-白羽公主
75290,,75290,惊雷烁光-幻雷
75291,,75291,原初骑士-洛兰
75293,,75293,横扫三界-孙悟空
75294,,75294,恶魔的私语-路西法
75295,,75295,永夜之主-夜王
75299,,75299,幻世镜梦-谴
75300,,75300,翼龙之子-凌风
75301,,75301,长夜墟渊-烛龙
75303,,75303,赤帝-祝融
75304,,75304,超界奇迹-龙星诺
75307,,75307,浮士德-归零者
75309,,75309,水神-共工
75314,,75314,青山沐日天地无疆-盘古
75315,,75315,后土玄黄-岁岁祈
75316,,75316,梵星音律-乾达婆
75317,,75317,日曜奇迹-太阳星诺
75318,,75318,月辉奇迹-月亮星诺
75324,,75324,星启万象-智慧王
75326,,75326,苍森奇迹-木星诺
75327,,75327,次元守护-伊撒尔
75328,,75328,沙都守护者-曼珠沙华
75330,,75330,诺言之神-星诺玛
75331,,75331,炎龙之子-炎王
75332,,75332,金翅神羽-迦楼罗
75336,,75336,群星守护寰宇光辉-神银河
75337,,75337,暗宇之质万物之初-提亚玛特
75339,,75339,魂之缚-奇诺
75344,,75344,创世罪裁龙神-撒迦利亚
75346,,75346,凰权天下-帝女夙
75347,,75347,审判命运之战-奥丁大帝
75349,,75349,末裔之歌-海伦娜
75351,,75351,神国圣赐之羽-弗丽嘉
75353,,75353,诸天神通-帝释天
75358,,75358,王权断罪之章-吉尔伽美什
75360,,75360,混沌寂烬-厄瑞玻斯
75361,,75361,苍松剑意-干将
75364,,75364,混沌始源万物终湮-卡奥斯
75365,,75365,生于哀骨之花-莉莉丝
75366,,75366,巨龙之子-明王
75370,,75370,尼伯龙根之主-法芙娜
75371,,75371,深渊缠绕者-利维坦
75376,,75376,晖光轮回女神-梅比乌斯
75377,,75377,冰霜亡域-巫妖王
75379,,75379,吾即深渊-拉莱耶
75380,,75380,吾即深渊-拉莱耶（支配者）
75381,,75381,吾即深渊-拉莱耶（真神）
75382,,75382,绝望轮回女神-梅比乌斯
75391,,75391,寰宇皆臣-女帝
75392,,75392,明月剑心-莫邪
75394,,75394,苍翠守望-终结兔
75397,,75397,终末的残响-奈亚
75400,,75400,审神律理-无冕之王
75402,,75402,断海沧澜-龙太子
75413,,75413,逐光深坠-克希拉
75414,,75414,白魔法师-真言诺亚
75422,,75422,无始无明之境-阿赖耶识
75427,,75427,寒夜破晓之刃-使者
75431,,75431,九柱神临缔世碑火-阿蒙王
75433,,75433,神威地龙-摩罗迦
75438,,75438,墟尽神临之噬-赫耳墨斯
75439,,75439,噬界傀人-赫耳墨斯
75443,,75443,星芒圣佑-创世星灵
75446,,75446,圣火炽天使-塞勒芙
75450,,75450,圣裁座天使-奥菲妮
75451,,75451,剑影迷踪-承影
75453,,75453,孤胆英雄-赵云
75457,,75457,吾即永恒-阿卜苏
75458,,75458,圣律智天使-姬露比
75464,,75464,万序之启-源
75467,,75467,灵骸烬染之潮-夜樱
75468,,75468,月影映夜斓-夜樱
75471,,75471,乘清气御阴阳-东皇太一
75474,,75474,浮游天地乘风去-逍遥
75475,,75475,瑶琴迷阵-诸葛亮
75476,,75476,风摇清荷影-瑠璃
75482,,75482,坐忘无我化生万象-天道无极
75483,,75483,日月映海晨曦微露-羲和
75484,,75484,天人共铸-纯钧
75488,,75488,黑翎之妄朽界之暗-梵天
75489,,75489,武道至尊-龙皇辉斗
75491,,75491,幻相至尊-白皇星焰
75492,,75492,涅槃至尊-雀皇紫辰
75493,,75493,天启纪元缔世圣冕-梵天
75494,,75494,横戟破军-吕布
75495,,75495,天使的守候-米迦勒
75502,,75502,神行至尊-玄皇耀凌
75505,,75505,复生者-帕克
75506,,75506,无畏重铠-达鲁
75509,,75509,诡影噬夜-黑翼王
75512,,75512,全维衍化之钥-阿比斯
75513,,75513,血月之引-露易丝
75514,,75514,异度刀姬-尤尼梅特
75515,,75515,灵智终端-黛拉
75523,,75523,建构终端-格莉娅
75524,,75524,幻游终端-妮娜
75526,,75526,圣仪临世-烈焰凤凰
75527,,75527,一剑封魂-白夜叉
75528,,75528,剑指天下-太阿
75532,,75532,穹星创迹苍宇生辉-银河
75539,,75539,空寂无尘万法唯心-阿赖耶识
75540,,75540,统界神权王者-帝皇龙
75544,,75544,绯龙之契源晶之辉-阿卜苏
75545,,75545,蛇影魔瞳-美杜莎
75546,,75546,蛇年纪念-小星诺
75552,,75552,星冕-愚者
75556,,75556,凝尘造界之星神-星尘
75561,,75561,龙吟瑞雪-圣王麒麟
75562,,75562,悟道成佛-孙悟空
75564,,75564,一桥一诺一相逢-梦
75572,,75572,忘川送魂-孟婆
75573,,75573,三生花缘-知世
75574,,75574,幽泉使者-孟婆
75576,,75576,吞天黑潮-凯撒
75577,,75577,飞剑游云-湛卢
75578,,75578,神霆点苍-奇灵王
75579,,75579,纵马引弓巾帼志-孙尚香
75588,,75588,曙天煌翼-修罗
75590,,75590,时序永前万境永在-时空王
75592,,75592,时渊裂缝-时间之神
75594,,75594,砂海栖心-洛羲
75595,,75595,玄潭游龙-七星龙渊
75597,,75597,日辉月影之扉-羲和
75598,,75598,虚堕之君王-贝利亚尔
75599,,75599,大河龙女-海纳百川
75607,,75607,荒原苍焰-狼王
75610,,75610,怒焰裁世-狂龙
75614,,75614,不朽龙主-巴哈姆特
75616,,75616,欲金之君王-撒共姆
75622,,75622,创界悯世之颂祷-龙母
75623,,75623,七罪圣裁-伊撒尔
75632,,75632,魅魇之惑-始祖影龙
75637,,75637,圣咏御天使-银
75640,,75640,万理炽天使-K
75644,,75644,光穹永耀之辉-天使王
75645,,75645,预命之君王-瓦沙克
75655,,75655,生命牧歌-辉月战骑
75657,,75657,纪元初光之回响-圣天伊
75659,,75659,雪域圣主-冰雪女皇
75663,,75663,诡匿之君王-巴拉姆
75680,,75680,天地之始祖-盘古
75682,,75682,造化之祖神-女娲
75685,,75685,日月时境御主-羲和
75686,,75686,山河息壤-岁岁祈
75689,,75689,纪元弈主-无冕之王
75691,,75691,灾变之君王-拜恩
75705,,75705,解离森罗之瞳-赫耳墨斯
75715,,75715,东方秘毒-牵机药
75717,,75717,暗潮星漩创界之渊-提亚玛特
75718,,75718,深空之眼-小宇宙
75723,,75723,纪元至高之引-海蒂拉玛
75724,,75724,渊秘之君王-派蒙
75731,,75731,绯鳞审判永恒龙辉-阿卜苏
75736,,75736,逆神意志-GOD无冕之王
75742,,75742,永茂不凋之王庭-森林女皇
75748,,75748,自然之母神-盖亚
75749,,75749,诱火之君王-阿斯摩太
75755,,75755,无竭命核-渡（不朽者）
75762,,75762,虚环-愚者
75764,,75764,大荒共主-天帝昊天
75765,,75765,九幽业火-魔君夜渊
75769,,75769,启界骑士-洛兰
75772,,75772,愿光守夜之华-阿格蕾亚
75773,,75773,隐序之君王-普尔森
75779,,75779,深渊的回音-奈亚
75783,,75783,深渊的约定-克希拉
75788,,75788,瞳中幽墟-绮美拉
75791,,75791,深渊星阶-律
75792,,75792,腐殖之君王-贝雷特
75798,,75798,众神之尊-宙斯
75805,,75805,灼天​燎宇-上古龙女
75806,,75806,冥霆之君王-巴尔
75810,,75810,永夜苍焰-冥夜君狼王
75812,,75812,爱与美的恩泽-维纳斯
75824,,75824,天垣龙谕-龍
75826,,75826,原初创生之翼-龙母
75830,,75830,星涡归溯隙间守望-银河
75839,,75839,万灵溯生之御-盖亚
75846,,75846,万识莲台​浮音渡世-阿赖耶识
75858,,75858,太古永生-乌姆尔
75879,,75879,冰羽焰翎霜火凤鸣-炽寒天凤
75898,,75898,万魂映月之主-夜樱
80006,,80006,爆焰吉拉
80009,,80009,露西亚
80010,,80010,朵朵兔
80012,,80012,寒冰玉兔
80018,,80018,霹雳河豚
80021,,80021,半沙斗士
80024,,80024,花冠狮
80026,,80026,依舞
80027,,80027,依诗
80030,,80030,变色角龙
80042,,80042,独角仙
80043,,80043,小冰犬
80051,,80051,奥特克林
80054,,80054,白古丁
80056,,80056,尖翼蝠
80057,,80057,黑蝠王
80060,,80060,扭扭大王
80061,,80061,库多兽
80062,,80062,库多
80063,,80063,库斯特
80069,,80069,乌歌拉
80072,,80072,斯多王
80078,,80078,铁甲卫士
80096,,80096,金刚库巴
80103,,80103,赤月
80105,,80105,神武月
80111,,80111,战无炎
80123,,80123,机甲勇士
80126,,80126,蝎子王
80138,,80138,小翼鸟
80140,,80140,冲刺先锋
80141,,80141,音速先锋
80146,,80146,桃花鹿
80147,,80147,芭比鹿
80150,,80150,冲锋魔方
80171,,80171,雅夫人
80174,,80174,赤炎战斗龙
80182,,80182,海马刀客
80183,,80183,海马剑士
80185,,80185,鲁纳多
80186,,80186,鲁纳比克
80204,,80204,圣地亚哥
80206,,80206,赤火猪
80207,,80207,赤火野猪
80215,,80215,青龙灵兽
80238,,80238,阿努比斯
80254,,80254,嘻哈企鹅
80255,,80255,活力企鹅
80260,,80260,卷角木羊
80261,,80261,圆角木羊
80270,,80270,冥修木人
80278,,80278,烈焰鸟
80283,,80283,大尾沙克
80284,,80284,暴风沙克
80290,,80290,七星神龙
80301,,80301,达鲁
80317,,80317,天使莱特
80320,,80320,雷帝神
80323,,80323,梅卡
80326,,80326,炎魔
80327,,80327,月魔
80328,,80328,SR战士
80364,,80364,海夜叉
80388,,80388,玄武灵兽
80418,,80418,山脉之魂
80461,,80461,黑影
80487,,80487,尖钻虎王
80504,,80504,先锋SR
80624,,80624,白虎灵兽
80659,,80659,电击拳怪
80728,,80728,凯撒
80731,,80731,修罗
80741,,80741,朱雀灵兽
80778,,80778,红莲
80794,,80794,奇灵王
80807,,80807,苍蓝
80852,,80852,碎风
80869,,80869,通灵巫师
80887,,80887,凌云
80922,,80922,寒霜
80946,,80946,紫渊
80967,,80967,巨岩
80973,,80973,红魔
81093,,81093,斗神
81122,,81122,狼王迪洛斯
81124,,81124,夜王·幻影
81142,,81142,幻灵
81159,,81159,极冰海牙
81193,,81193,零宇
81227,,81227,茜点
81230,,81230,雷泽
81240,,81240,乐天
81257,,81257,雏菊仙子
81265,,81265,多米力
81272,,81272,地裂
81296,,81296,幻炎
81312,,81312,海琪琪
81318,,81318,圣光
81350,,81350,赤翼魔龙王
81361,,81361,阿波罗
81380,,81380,金刚虎王
81382,,81382,炫光依灵
81385,,81385,炫光乌拉
81388,,81388,炫光企鹅
81391,,81391,炫光袋鼠
81414,,81414,九尾冰狐
81423,,81423,噬月武神
81426,,81426,黑炎龙幻影
81461,,81461,苍炎战神
81645,,81645,圣盾
81648,,81648,菲尔
81649,,81649,可兰
81680,,81680,帝刃
81706,,81706,暗影凯撒
81754,,81754,炎王·火龙态
81767,,81767,八阶霜炎法神
81777,,81777,帝卡
81792,,81792,天怒
81812,,81812,疾星
81824,,81824,明王
81825,,81825,斗罗明王
81830,,81830,雷霆
81843,,81843,翼·加比
81861,,81861,龙刃
81873,,81873,冰罗皇
81884,,81884,伊乐
81893,,81893,擎空
81896,,81896,光龙•圣天伊
81902,,81902,炽天
81924,,81924,精英银魂
81946,,81946,坠星
81948,,81948,精英破军
81962,,81962,凌风·翼龙态
82016,,82016,黑化奇纳
82050,,82050,煌炎战神
82061,,82061,魔小兵
82160,,82160,神照修罗王
82161,,82161,神照修罗王
82165,,82165,创圣天奇灵
82166,,82166,创圣天奇灵
82189,,82189,神焰天使乌利
82203,,82203,白皇星焰
82227,,82227,暗行罗刹
82239,,82239,天天
82328,,82328,夜灵
82379,,82379,超火精灵
82387,,82387,上古星龙
82389,,82389,炎辉
82412,,82412,噬心黑龙
82426,,82426,卡谬
82427,,82427,月神
82428,,82428,炎帝
82440,,82440,星魔
82444,,82444,圣·帝伊
82446,,82446,罗狄
82455,,82455,滔天白虎
82470,,82470,百变愚人盒
82474,,82474,史昂
82493,,82493,东皇天
82501,,82501,东皇道
82506,,82506,焚炙朱雀
82507,,82507,小阴
82508,,82508,小阳
82511,,82511,东皇无
82515,,82515,泰岳玄武
82521,,82521,阿鲁迪
82545,,82545,逍遥
82549,,82549,游乐百变盒
82551,,82551,撒加
82574,,82574,轰雷迪斯
82590,,82590,乾坤修罗神
82595,,82595,阴
82603,,82603,超念
82611,,82611,天帝龙皇
82615,,82615,艾欧尼亚
82618,,82618,堕天凯撒帝
82623,,82623,阳
82643,,82643,杰瑞米
82673,,82673,童虎
82681,,82681,天鹰雨果
82691,,82691,米罗
82696,,82696,神·玄皇耀凌
82700,,82700,威虎但丁
82701,,82701,神·龙皇辉斗
82714,,82714,超源
82716,,82716,圣星矢
82725,,82725,狂鲨歌德
82730,,82730,魔君夜王
82774,,82774,归零者
82792,,82792,自由之神
82801,,82801,龙太子
82901,,82901,麦迪文
82926,,82926,暗夜辰星
82961,,82961,天神白
82963,,82963,天神劫
82981,,82981,冰拳皇艾司
82998,,82998,白翼御天使银
83001,,83001,六翼堕天使戮
83016,,83016,金翼炽天使K
83028,,83028,天使王·完全体
83030,,83030,乾坤修罗神·完全体
83036,,83036,轩辕奇灵·完全体
83046,,83046,战火之王
83051,,83051,盘古·完全体
83075,,83075,黑翼王·完全体
83079,,83079,貘·完全体
83084,,83084,天焰菲尔·完全体
83087,,83087,战火之王·完全体
83090,,83090,无冕之王·完全体
83099,,83099,猩猩队长
83125,,83125,超源·完全体
83145,,83145,圣修暗凯帝·完全体
83157,,83157,千机变
83173,,83173,八岐蛇魂·水
83176,,83176,传奇圣天伊
83180,,83180,传奇阿波罗
83186,,83186,兵神韩信
83188,,83188,传奇哈迪斯
83192,,83192,雪无寒灵
83193,,83193,传奇阴
83196,,83196,传奇天道无极
83202,,83202,传奇莎莎
83205,,83205,天元夜神
83207,,83207,传奇月神
83210,,83210,御星璃
83214,,83214,洪荒王
83215,,83215,传奇烈焰凤凰
83216,,83216,传奇奇灵王
83217,,83217,传奇圣冕麒麟
83218,,83218,传奇龙太子
83222,,83222,传奇雷帝神
83224,,83224,传奇炎帝
83225,,83225,传奇张飞
83227,,83227,传奇黑炎龙
83230,,83230,命运之神
83234,,83234,传奇黑翼王
83238,,83238,传奇星魔
83239,,83239,审判之神
83249,,83249,传奇东皇太一
83259,,83259,传奇凯撒帝
83267,,83267,传奇修罗神
83277,,83277,传奇狼王
83282,,83282,传奇炽天使K
83288,,83288,传奇天使王
83298,,83298,力量王
83320,,83320,传奇梅卡
83380,,83380,[王者羁绊]圣天伊
83381,,83381,[远古精灵王]伊撒尔
83384,,83384,[斗转星移]智慧王
83390,,83390,[太阳]烛照
83392,,83392,[火神]祝融
83402,,83402,[雷霆主宰]风暴龙
83408,,83408,[亘古鸿蒙]力量王
83409,,83409,[天道守护]东皇太一
83414,,83414,[黄泉大神]伊邪那美
83424,,83424,[万王加冕]圣王麒麟
83427,,83427,[太阳神]阿波罗
83429,,83429,[一代宗师]奇灵王
83433,,83433,[永夜君主]夜王
83435,,83435,[白灵圣君]狼王
83446,,83446,[七十二柱]所罗门王
83453,,83453,[众灵始初]通灵王
83454,,83454,[星界霸主]上古星龙
83466,,83466,[希望之神]奥天
83469,,83469,[龙族至尊]帝皇龙
83472,,83472,[圣光之子]修罗之影
83474,,83474,[圣堂祭祀]夕颜
83479,,83479,[圣堂刺客]半夏
83480,,83480,[恶魔之子]凯撒
83482,,83482,[圣堂之主]舜华
83491,,83491,[神行谍影]黑翼王
83498,,83498,火·灭世魔龙
83510,,83510,[应汝之愿]天使王
83511,,83511,[应汝之愿]天使王
83517,,83517,[黑客帝国]诺亚
83592,,83592,[伍心开阳]姬如意
83608,,83608,[星现万物]王者智慧王
83620,,83620,[时间法则]王者伊撒尔
83664,,83664,[神爱世人]王者天使王
83666,,83666,[造就永恒]九曜
83683,,83683,[天焰至尊]王者菲尔
83697,,83697,[月亮女神]阿尔忒弥斯
83706,,83706,[贪婪之罪]神秘战无炎
83719,,83719,[蜀汉天尊]刘备
83730,,83730,[扶桑大神]伊邪那岐
83731,,83731,[黄泉大神]伊邪那美
83740,,83740,[空间法则]超维伊撒尔
83746,,83746,[龙族起源]龙母
83800,,83800,[无界无序无限]时空王
83801,,83801,[皆为序曲]过去之神（诸神）
83845,,83845,[天国咏唱]命运天使王
83898,,83898,[欲望与苦难]命运所罗门王
83918,,83918,混沌精灵
83923,,83923,星辉时代·圣天伊
83924,,83924,星辉时代·黄金圣天伊
83925,,83925,星辉少女·小熊座的蜃影
83926,,83926,辉煌城主·天龙座的幻影
83928,,83928,救世天幕·时空王
83930,,83930,绯红女王·大熊座
83932,,83932,天穹之君·仙王座
83936,,83936,自由女王·拜伦的幻影
83937,,83937,末世樱剑舞·千夏
83942,,83942,光翼缔造者·创世星灵
83946,,83946,神之战鳞·枪魂应龙
83953,,83953,末世红镰闪·希尔瓦娜斯
83954,,83954,春晖神女·可兰
83958,,83958,神之审判·白天使王的幻影
83959,,83959,魔之禁锢·黑天使王
83960,,83960,花晨月夕·洛羲
83963,,83963,大魔王·地
83966,,83966,万王天谕·圣王麒麟
83968,,83968,[樱の恋]羲和
83974,,83974,日月轮回之龙息·帝俊
83975,,83975,万世龙尊·帝皇龙
83979,,83979,真炎神君·菲尔
83981,,83981,东方灵兽·青龙的幻影
83982,,83982,南方灵兽·朱雀
83983,,83983,开天地创净土·盘古
83984,,83984,西方灵兽·白虎
83985,,83985,北方灵兽·玄武的蜃影
83986,,83986,斗战胜佛·孙悟空
83989,,83989,大暗黑·天
83990,,83990,无烬噩梦·伊撒尔
83997,,83997,森林之息·花冠公主
83999,,83999,第一真祖·黑翼王
84000,,84000,覆天之影·黑翼王
84002,,84002,第二真祖·露易丝
84004,,84004,万神之王·宙斯
84008,,84008,主天道御天下·乾坤
84025,,84025,轮回溯梦·伊撒尔
84026,,84026,天启神君·梵天
84027,,84027,春晖暖·立春
84029,,84029,神国之主·奥丁大帝
84030,,84030,太极生两仪·东皇太一
84031,,84031,荒宇生无极·东皇太一
84036,,84036,未来计划·黯帝修罗
84037,,84037,未来计划·暴君凯撒
84039,,84039,大佬有点萌·修罗
84040,,84040,大佬有点拽·凯撒
84041,,84041,源水风暴·梅卡
84042,,84042,星尊裁决·上古星龙
84043,,84043,未来计划·嗜血狼王
84044,,84044,正当时·小满
84045,,84045,大佬有点呆·狼王
84046,,84046,龙魂永曜·龍
84048,,84048,未来计划·噬魂夜王
84049,,84049,大佬有点酷·夜王
84050,,84050,破虚空衍群龙·龙母
84057,,84057,未来计划·神秘战无炎
84059,,84059,大佬有点憨·战无炎
84060,,84060,星辰造世·奇灵王
84064,,84064,空间魂梦·伊撒尔
84066,,84066,未来计划·大妖神武月
84068,,84068,大佬有点壮·神武月
84070,,84070,造自然耀万物·盖亚
84071,,84071,精英·守径者怪物
84072,,84072,精英·守径者怪物
84073,,84073,花间序·薇薇安
84083,,84083,天堂创世之光·王者天使王
84084,,84084,无限神力·力量王
84107,,84107,仙官相·哪吒
84109,,84109,十年の热血·魔焰吉拉的幻影
84113,,84113,未来计划·日月战武神
84114,,84114,未来计划·日月战武神
84119,,84119,水墨风韵·羲和
84120,,84120,梦幻绮丽之夜·羲和
84121,,84121,十年の希望·终结兔
84127,,84127,GOD·无冕之王
84128,,84128,深渊之主·拉莱耶
84132,,84132,深渊の凝视·奈亚
84134,,84134,远古精灵王·伊撒尔
84139,,84139,忘川临世·鬼墨无忧
84141,,84141,魔神之影·言灵
84165,,84165,九黎兵主·蚩尤的幻影
84166,,84166,伐天堕神·刑天
84170,,84170,未来计划·冥夜君狼王
84171,,84171,未来计划·冥夜君狼王
84174,,84174,十殿阎罗·地藏王
84176,,84176,飘渺绝尘·七星龙渊
84186,,84186,游龙回雪·金步摇
84193,,84193,彼岸永望·孟婆
84197,,84197,守径者怪物
84199,,84199,乱世英豪·吕布
84201,,84201,烈焰天辉·菲尔
84203,,84203,不语奈何·知世
84204,,84204,帝刹穹天·至高龙尊
84207,,84207,月冕之曜·阿尔忒弥斯
84212,,84212,幽径拾光·达芙妮
84216,,84216,照世之澜·梅卡
84217,,84217,虚数重构·黛依
84228,,84228,天启新篇·梵天
84229,,84229,生命礼赞·可兰
84233,,84233,零阶·愚者
84236,,84236,逆理·世界
84245,,84245,裂穹之斩·龙刃
84246,,84246,魔神·以撒
84248,,84248,星轨圣裁之回响·传说羲和
84249,,84249,花晨月夕·传说洛羲
84256,,84256,崩坏·天使王
84258,,84258,禁锢审判·传说天使王
84264,,84264,灰烬熔芯·胜遇
84266,,84266,地隐微澜·小锦鲤
84267,,84267,牛气冲天·牛魔王
84268,,84268,日月轮回之龙息·传说帝俊
84281,,84281,玄鹤游方·翎
84282,,84282,凰诏天赦·烈焰凤凰
84292,,84292,绝望·尼德霍格
84294,,84294,三皇圣祖·伏羲
84295,,84295,逆天·孙悟空
84297,,84297,罔相仪形·蜃龙
84305,,84305,华夏始祖·轩辕
84307,,84307,百药先祖·神农
84308,,84308,育灵天地间·王者女娲
84310,,84310,云墨苍生·玄霄
84313,,84313,日月曜重光·盘古
84314,,84314,后土圣女·岁岁祈（神启者）
84315,,84315,后土圣女·岁岁祈
84329,,84329,全知·律
84335,,84335,权御万界·天帝昊天
84337,,84337,痴之魔
84342,,84342,梵音净心·乾达婆
84343,,84343,掌混沌终因果·卡奥斯
84351,,84351,黑蔷薇·莉莉丝（神启者）
84353,,84353,应天·源
84357,,84357,瀚空碧海之辰·上古星龙
84358,,84358,星神誓约·星魔（神启者）
84363,,84363,希望龙神·厄尔庇斯
84364,,84364,苍雷怒涛·风暴龙
84366,,84366,末世幽火悯·赫菲斯托斯
84367,,84367,神域初晓之刻·王者龙母
84374,,84374,绝对水域·王者梅卡
84384,,84384,神龙佑世·帝皇龙
84385,,84385,苍龙御天·帝皇龙
84391,,84391,冥夜瞬影·王者黑翼王
84396,,84396,武绝凌天·传说貘
84398,,84398,巨神撼世·骸
84411,,84411,解构·王者世界
84412,,84412,尔等为臣·女帝
84418,,84418,旧约断罪书·撒迦利亚
84427,,84427,破晓棋局·无冕之王
84428,,84428,泰坦巨神王·普罗米修斯
84431,,84431,至高冠冕之谕·真理之后
84442,,84442,赤焰星芒·王者菲尔
84443,,84443,深潜者·克拉肯
84453,,84453,神诫·宙斯
84454,,84454,缠绕者·利维坦的幻影
84457,,84457,深渊意志·拉莱耶
84474,,84474,至圣不朽之勋·奥丁大帝
84480,,84480,未来计划·传说圣修暗凯帝
84482,,84482,繁星流转宇宙生灭·银河
84484,,84484,暗物质创世母神·提亚玛特
84495,,84495,命运福音·亚当
84496,,84496,天国恩光·天使王
84503,,84503,绿野扉光·王者可兰
84504,,84504,未来计划·传说冥夜君狼王
84517,,84517,众生自然之灵·盖亚
84519,,84519,自然庇护·盖亚
84520,,84520,花之絮语·薇薇安
84525,,84525,无垢幻境·白皇星焰
84538,,84538,龙啸奥义·龙皇辉斗
84577,,84577,宿命之尘·尘纱
84584,,84584,天道秩序之尊·乾坤
84593,,84593,醉心梅开·洛洛离
84596,,84596,流云碧落日月之辉·羲和
84634,,84634,噬神者·柏拉图
84643,,84643,虚空权能之神·格劳孔
84654,,84654,天地开辟诸界降诞·盘古
84664,,84664,山海立万物生·女娲
84702,,84702,裂斩沧澜·帝皇龙
84703,,84703,荒宇独霸·帝皇龙
84713,,84713,生命初始之章·龙母
84752,,84752,臣服于我·女帝
84760,,84760,晞光的祈唤·王者羲和
84790,,84790,异星诡影·别西卜
84799,,84799,秩序之子·昆仑
84866,,84866,光启精灵王-伊撒尔
84867,,84867,木之精灵王-可兰
84868,,84868,净化之光-拉克丝
84869,,84869,梦幻之光-罗塔纱
84870,,84870,水之精灵王-梅卡
84871,,84871,光启时代-圣天伊
84872,,84872,火之精灵王-菲尔
84874,,84874,暗月千面-艾琳
84875,,84875,守护之光-米垭
84879,,84879,神羽曙光-奥天
84880,,84880,重枪风暴-合金猛将
84881,,84881,灯笼精灵-米迦勒
84882,,84882,繁星余迹-路西法
84883,,84883,绝代兵神-韩信
84884,,84884,神峰圣护-山脉之魂
84890,,84890,灯笼精灵-哈迪斯
84891,,84891,怒海狂潮-金刚库巴
84892,,84892,灯笼精灵-露易丝
84893,,84893,绿叶咆哮-棕叶战熊的幻影
84898,,84898,永恒源晶裁决之龙-阿卜苏
84899,,84899,生命使徒-瓦利
84900,,84900,灵魂使徒-卡莉
84904,,84904,天使圣音-姬露比
84909,,84909,寰宇鎏金星河入怀-银河
84910,,84910,千古一帝-秦始皇嬴政
84911,,84911,无我之境-力量王
84916,,84916,陨星-愚者
84917,,84917,福瑞降人间-圣王麒麟
84920,,84920,圣宇星轨时扉之光-羲和
84921,,84921,GOD-无冕之王
84922,,84922,GOD-无冕之王
84925,,84925,执掌因果万世轮回-帝俊
84926,,84926,瑞兔赐福-卯小兔
84927,,84927,浮生浮灭万意恒常-阿赖耶识的幻影
84939,,84939,旃檀功德-唐三藏
84940,,84940,齐天大圣-孙悟空
84941,,84941,德安万世-唐太宗李世民
84945,,84945,众里寻他千百度-梦
84946,,84946,众生乐土万灵随行-末那的幻影
84947,,84947,海枯之心-白京京
84952,,84952,谪仙剑无双-李白
84953,,84953,暗能涌动星海创生-提亚玛特的幻影
84955,,84955,凛冬之意-瓦格纳
84957,,84957,剑影抚落忆-孙尚香
84958,,84958,心炉幻影·一
84959,,84959,三位一体-至尊精灵王
84960,,84960,卷帘大将-沙悟净
84964,,84964,深渊安魂曲-奈亚
84965,,84965,天道暗御-阴
84967,,84967,踏阴阳定荒宇-东皇太一
84968,,84968,引尘造万物-星尘
84969,,84969,天道曜护-阳
84971,,84971,阴阳割昏晓-天道无极
84973,,84973,霜佑北境-帕里斯
84977,,84977,千山落樱之辉-夜樱
84978,,84978,荷风引水色-瑠璃
84979,,84979,大汉天子-汉武帝刘彻
84980,,84980,月魄孤影-神武月
84987,,84987,神炎日冕-战无炎
84994,,84994,至圣神王裁决-奥丁大帝
84995,,84995,源星之归引-上古星龙
84996,,84996,深渊穿梭者-律
84997,,84997,沙漠之心-阿努比斯
84999,,84999,救世的执妄愚人-公爵
85000,,85000,星穹庇世之翼-赫耳墨斯
85007,,85007,永劫破灭混沌至尊-卡奥斯
85008,,85008,一代天骄-成吉思汗铁木真
85009,,85009,枯骨之花-莉莉丝
85010,,85010,曲音落花间-貂蝉
85019,,85019,创灵众生-通灵王
85020,,85020,白灵之尊-狼王
85021,,85021,万世独霸龙族至尊-帝皇龙
85022,,85022,荒宇独霸-帝皇龙
85023,,85023,倾世之寒-始祖冰龙
85025,,85025,星轨圣裁之回响-羲和
85026,,85026,雅克守护者-神罗麦提
85030,,85030,破虚空衍群龙-龙母
85033,,85033,龙族新歌-玲玲珑
85038,,85038,斐灵之心-皮塔
85042,,85042,圣树临辉光暗双耀-奇灵王
85043,,85043,慧心渊识之智-密涅瓦
85050,,85050,春晖神女-可兰
85052,,85052,湍流激越-橙李
85053,,85053,进攻型极乐卫兵
85054,,85054,希望永存世间-潘多拉
85055,,85055,天国守护者-白天使王
85056,,85056,黑暗之翼-黑天使王
85064,,85064,沧海遗珠-沫夏
85066,,85066,神兵护佑-圣盾
85074,,85074,睥睨众臣-女帝
85075,,85075,至高启示-真理之后
85082,,85082,深渊之契-绮美拉
85083,,85083,绝影蚀月-黑翼王
85084,,85084,幽冥千炼-鬼墨无忧
85087,,85087,武绝凌天-貘
85093,,85093,棋临无间-无冕之王
85095,,85095,逐愿淬光之明-阿格蕾亚
85096,,85096,冥骸蚀暗-阿修罗
85097,,85097,逐梦追光-布灵灵
85104,,85104,王者加冕-圣天伊
85105,,85105,王者加冕-黄金圣天伊
85111,,85111,无垠-愚者
85114,,85114,博物馆奇妙夜-梁龙
85118,,85118,邃古凌苍-日月战武神
85121,,85121,混沌恩赐-厄瑞玻斯
85122,,85122,万象始源之刻-赫耳墨斯
85124,,85124,鸣劫制裁-雷霆青龙
85130,,85130,漆夜破空之刃-使者
85131,,85131,漆漆-使者
85132,,85132,荒炎焚天-飓焰朱雀
85136,,85136,万王天谕-圣王麒麟
85137,,85137,天地惊弦-六龙圣王
85142,,85142,圣魂觉醒-伊撒尔
85143,,85143,时序之光-洛羲
85147,,85147,绝天穿梭之界-时空王
85152,,85152,极乐欲界天魔主-波旬
85153,,85153,神威重壁-惊涛玄武
85154,,85154,圣铃妙音众识浮沉-阿赖耶识
85162,,85162,真炎神君-菲尔
85163,,85163,傲凡尘启仙灵-女娲
85166,,85166,庇天之白翼-修罗
85171,,85171,伊甸园的余晖-亚当
85174,,85174,超越纪元的新生-海蒂拉玛
85175,,85175,无言的祈愿-海蒂拉玛
85182,,85182,源水风暴-梅卡
85185,,85185,驱灵神捕-琳琅
85187,,85187,星宇之隙穹宙之辉-银河
85188,,85188,万神之王-宙斯
85193,,85193,黄泉归引-孟婆
85196,,85196,造自然耀万物-盖亚
85197,,85197,荒秽堕墟-阿波菲斯
85199,,85199,自然恩赐-薇薇安
85203,,85203,恶魔之主-撒旦
85206,,85206,始祖大天使-尼斯洛克
85207,,85207,地狱天使-纳菲利姆
85208,,85208,夜与月的蔷薇-夜兰
85217,,85217,神兽尊主-苍穹圣龙
85219,,85219,破天之黑刃-凯撒
85225,,85225,异界史诗-渡
85226,,85226,异界史诗-渡（不朽者）
85227,,85227,征战之旅-神都王
85228,,85228,讨伐之旅-勇者
85230,,85230,狂肆之旅-邪神
85231,,85231,葬魂曲-死神弥尔
85235,,85235,瞰世之棘-亘古树灵
85236,,85236,余烬初王-洛兰
85240,,85240,霜寒冰域-上古龙女
85241,,85241,炽天炎境-上古龙女
85243,,85243,缘分一线牵-小狐仙
85247,,85247,天道秩序诸界主宰-乾坤
85248,,85248,花醉风清-洛洛离
85253,,85253,爱与美的赞歌-维纳斯
85254,,85254,大道无名-天命王
85257,,85257,天穹苍翼-圣修暗凯帝
85258,,85258,魔神再临-以撒
85262,,85262,冰与火之舞-炽寒天凤
85263,,85263,逆律之触-伊西斯
85264,,85264,龙年纪念-贝贝龙
85265,,85265,永恒炽阳-神阿波罗
85272,,85272,创世织梦之眷-赫耳墨斯
85275,,85275,如星永伴长夜-梦
85281,,85281,九霄帝姬-巫山神女
85283,,85283,炎刃燎原-赤霄
85289,,85289,破晓圣光-白羽公主
85290,,85290,惊雷烁光-幻雷
85291,,85291,原初骑士-洛兰
85293,,85293,横扫三界-孙悟空
85294,,85294,恶魔的私语-路西法
85295,,85295,永夜之主-夜王
85299,,85299,幻世镜梦-谴
85300,,85300,翼龙之子-凌风
85301,,85301,长夜墟渊-烛龙
85303,,85303,赤帝-祝融
85304,,85304,超界奇迹-龙星诺
85307,,85307,浮士德-归零者
85309,,85309,水神-共工
85314,,85314,青山沐日天地无疆-盘古
85315,,85315,后土玄黄-岁岁祈
85316,,85316,梵星音律-乾达婆
85317,,85317,日曜奇迹-太阳星诺
85318,,85318,月辉奇迹-月亮星诺
85324,,85324,星启万象-智慧王
85326,,85326,苍森奇迹-木星诺
85327,,85327,次元守护-伊撒尔
85328,,85328,沙都守护者-曼珠沙华
85330,,85330,诺言之神-星诺玛
85332,,85332,金翅神羽-迦楼罗
85336,,85336,群星守护寰宇光辉-神银河
85337,,85337,暗宇之质万物之初-提亚玛特
85339,,85339,魂之缚-奇诺
85344,,85344,创世罪裁龙神-撒迦利亚
85346,,85346,凰权天下-帝女夙
85347,,85347,审判命运之战-奥丁大帝
85349,,85349,末裔之歌-海伦娜
85351,,85351,神国圣赐之羽-弗丽嘉
85353,,85353,诸天神通-帝释天
85360,,85360,混沌寂烬-厄瑞玻斯
85361,,85361,苍松剑意-干将
85364,,85364,混沌始源万物终湮-卡奥斯
85365,,85365,生于哀骨之花-莉莉丝
85366,,85366,巨龙之子-明王
85370,,85370,尼伯龙根之主-法芙娜
85371,,85371,深渊缠绕者-利维坦
85376,,85376,晖光轮回女神-梅比乌斯
85377,,85377,冰霜亡域-巫妖王
85379,,85379,吾即深渊-拉莱耶
85380,,85380,吾即深渊-拉莱耶（支配者）
85381,,85381,吾即深渊-拉莱耶（真神）
85382,,85382,绝望轮回女神-梅比乌斯
85391,,85391,寰宇皆臣-女帝
85392,,85392,明月剑心-莫邪
85394,,85394,苍翠守望-终结兔
85397,,85397,终末的残响-奈亚
85400,,85400,审神律理-无冕之王
85402,,85402,断海沧澜-龙太子
85413,,85413,逐光深坠-克希拉
85414,,85414,白魔法师-真言诺亚
85422,,85422,无始无明之境-阿赖耶识
85427,,85427,寒夜破晓之刃-使者
85431,,85431,九柱神临缔世碑火-阿蒙王
85433,,85433,神威地龙-摩罗迦
85438,,85438,墟尽神临之噬-赫耳墨斯
85439,,85439,噬界傀人-赫耳墨斯
85443,,85443,星芒圣佑-创世星灵
85446,,85446,圣火炽天使-塞勒芙
85450,,85450,圣裁座天使-奥菲妮
85451,,85451,剑影迷踪-承影
85453,,85453,孤胆英雄-赵云
85457,,85457,吾即永恒-阿卜苏
85458,,85458,圣律智天使-姬露比
85464,,85464,万序之启-源
85467,,85467,灵骸烬染之潮-夜樱
85468,,85468,月影映夜斓-夜樱
85471,,85471,乘清气御阴阳-东皇太一
85474,,85474,浮游天地乘风去-逍遥
85475,,85475,瑶琴迷阵-诸葛亮
85476,,85476,风摇清荷影-瑠璃
85482,,85482,坐忘无我化生万象-天道无极
85483,,85483,日月映海晨曦微露-羲和
85484,,85484,天人共铸-纯钧
85488,,85488,黑翎之妄朽界之暗-梵天
85489,,85489,武道至尊-龙皇辉斗
85491,,85491,幻相至尊-白皇星焰
85492,,85492,涅槃至尊-雀皇紫辰
85493,,85493,天启纪元缔世圣冕-梵天
85494,,85494,横戟破军-吕布
85495,,85495,天使的守候-米迦勒
85502,,85502,神行至尊-玄皇耀凌
85505,,85505,复生者-帕克
85506,,85506,无畏重铠-达鲁
85509,,85509,诡影噬夜-黑翼王
85512,,85512,全维衍化之钥-阿比斯
85513,,85513,血月之引-露易丝
85514,,85514,异度刀姬-尤尼梅特
85515,,85515,灵智终端-黛拉
85523,,85523,建构终端-格莉娅
85524,,85524,幻游终端-妮娜
85526,,85526,圣仪临世-烈焰凤凰
85527,,85527,一剑封魂-白夜叉
85528,,85528,剑指天下-太阿
85532,,85532,穹星创迹苍宇生辉-银河
85539,,85539,空寂无尘万法唯心-阿赖耶识
85540,,85540,统界神权王者-帝皇龙
85544,,85544,绯龙之契源晶之辉-阿卜苏
85545,,85545,蛇影魔瞳-美杜莎
85546,,85546,蛇年纪念-小星诺
85552,,85552,星冕-愚者
85556,,85556,凝尘造界之星神-星尘
85561,,85561,龙吟瑞雪-圣王麒麟
85562,,85562,悟道成佛-孙悟空
85564,,85564,一桥一诺一相逢-梦
85572,,85572,忘川送魂-孟婆
85573,,85573,三生花缘-知世
85574,,85574,幽泉使者-孟婆
85576,,85576,吞天黑潮-凯撒
85577,,85577,飞剑游云-湛卢
85578,,85578,神霆点苍-奇灵王
85579,,85579,纵马引弓巾帼志-孙尚香
85588,,85588,曙天煌翼-修罗
85590,,85590,时序永前万境永在-时空王
85592,,85592,时渊裂缝-时间之神
85594,,85594,砂海栖心-洛羲
85595,,85595,玄潭游龙-七星龙渊
85597,,85597,日辉月影之扉-羲和
85598,,85598,虚堕之君王-贝利亚尔
85599,,85599,大河龙女-海纳百川
85607,,85607,荒原苍焰-狼王
85610,,85610,怒焰裁世-狂龙
85614,,85614,不朽龙主-巴哈姆特
85616,,85616,欲金之君王-撒共姆
85622,,85622,创界悯世之颂祷-龙母
85623,,85623,七罪圣裁-伊撒尔
85632,,85632,魅魇之惑-始祖影龙
85640,,85640,万理炽天使-K
85644,,85644,光穹永耀之辉-天使王
85645,,85645,预命之君王-瓦沙克
85657,,85657,纪元初光之回响-圣天伊
85659,,85659,雪域圣主-冰雪女皇
85680,,85680,天地之始祖-盘古
85682,,85682,造化之祖神-女娲
85685,,85685,日月时境御主-羲和
85689,,85689,纪元弈主-无冕之王
85691,,85691,灾变之君王-拜恩
85705,,85705,解离森罗之瞳-赫耳墨斯
85713,,85713,无尽轮回此间永恒-梅比乌斯
85717,,85717,暗潮星漩创界之渊-提亚玛特
85718,,85718,深空之眼-小宇宙
85723,,85723,纪元至高之引-海蒂拉玛
85724,,85724,渊秘之君王-派蒙
85731,,85731,绯鳞审判永恒龙辉-阿卜苏
85736,,85736,逆神意志-GOD无冕之王
85742,,85742,永茂不凋之王庭-森林女皇
85748,,85748,自然之母神-盖亚
85749,,85749,诱火之君王-阿斯摩太
85755,,85755,无竭命核-渡（不朽者）
85762,,85762,虚环-愚者
85764,,85764,大荒共主-天帝昊天
85772,,85772,愿光守夜之华-阿格蕾亚
85773,,85773,隐序之君王-普尔森
85779,,85779,深渊的回音-奈亚
85783,,85783,深渊的约定-克希拉
85788,,85788,瞳中幽墟-绮美拉
85791,,85791,深渊星阶-律
85792,,85792,腐殖之君王-贝雷特
85798,,85798,众神之尊-宙斯
85805,,85805,灼天​燎宇-上古龙女
85806,,85806,冥霆之君王-巴尔
85810,,85810,永夜苍焰-冥夜君狼王
85812,,85812,爱与美的恩泽-维纳斯
85824,,85824,天垣龙谕-龍
85830,,85830,星涡归溯隙间守望-银河
85839,,85839,万灵溯生之御-盖亚
85846,,85846,万识莲台​浮音渡世-阿赖耶识
85879,,85879,冰羽焰翎霜火凤鸣-炽寒天凤
85898,,85898,万魂映月之主-夜樱
90004,,90004,吉拉
90006,,90006,爆焰吉拉
90009,,90009,露西亚
90011,,90011,雪咪兔
90012,,90012,寒冰玉兔
90015,,90015,埃拉多夫
90018,,90018,霹雳河豚
90020,,90020,半沙拳手
90021,,90021,半沙斗士
90023,,90023,小花蝶
90024,,90024,花冠狮
90035,,90035,隆咚石
90036,,90036,震天石人
90039,,90039,伊莎女王
90041,,90041,木角虫
90044,,90044,冰角犬
90045,,90045,飞天犬
90047,,90047,火霍仔
90054,,90054,白古丁
90060,,90060,扭扭大王
90063,,90063,库斯特
90066,,90066,摩格
90068,,90068,乌可拉
90069,,90069,乌歌拉
90071,,90071,斯多恩
90072,,90072,斯多王
90075,,90075,歌拉迪
90081,,90081,夜眼风魔
90084,,90084,蓝鹰斗士
90105,,90105,神武月
90111,,90111,战无炎
90137,,90137,嘻哈鸟
90138,,90138,小翼鸟
90143,,90143,冰雾蓝
90146,,90146,桃花鹿
90147,,90147,芭比鹿
90158,,90158,鬼脸仔
90215,,90215,青龙灵兽
90260,,90260,卷角木羊
90278,,90278,烈焰鸟
90290,,90290,七星神龙
90293,,90293,焚天大圣
90296,,90296,棕叶战熊
90301,,90301,达鲁
90317,,90317,天使莱特
90320,,90320,雷帝神
90328,,90328,SR战士
90388,,90388,玄武灵兽
90418,,90418,山脉之魂
90504,,90504,先锋SR
90506,,90506,烈焰凤凰
90624,,90624,白虎灵兽
90659,,90659,电击拳怪
90728,,90728,凯撒
90731,,90731,修罗
90741,,90741,朱雀灵兽
90794,,90794,奇灵王
90869,,90869,通灵巫师
90946,,90946,紫渊
90973,,90973,红魔
90976,,90976,诸葛亮
91086,,91086,绿焰
91122,,91122,狼王迪洛斯
91124,,91124,夜王狄米特
91234,,91234,拉诺斯
91238,,91238,滑翔阿宝
91282,,91282,施瓦辛格
91336,,91336,波塞冬
91350,,91350,赤翼魔龙王
91362,,91362,阿波罗
91414,,91414,九尾冰狐
91423,,91423,噬月武神
91426,,91426,黑炎龙
91461,,91461,苍炎战神
91496,,91496,震天金刚
91575,,91575,泰利船长
91609,,91609,箭鱼士兵
91753,,91753,炎·阳
91754,,91754,炎王
91767,,91767,九阶霜炎法神
91777,,91777,帝卡·影龙态
91792,,91792,天怒
91812,,91812,疾星
91824,,91824,明王
91825,,91825,斗罗明王
91830,,91830,雷霆
91843,,91843,翼·加比
91861,,91861,龙刃
91873,,91873,冰罗皇
91884,,91884,伊乐
91893,,91893,擎空
91896,,91896,圣·天伊
91902,,91902,炽天
91924,,91924,王者银魂
91946,,91946,坠星
91948,,91948,王者破军
91962,,91962,圣羽凌风
92016,,92016,奇纳
92061,,92061,魔小兵
92062,,92062,魔大将
92165,,92165,创圣天奇灵
92166,,92166,创圣天奇灵
92189,,92189,神焰天使乌利
92203,,92203,白皇星焰
92204,,92204,白皇星焰
92227,,92227,暗行罗刹
92387,,92387,上古星龙
92412,,92412,噬心黑龙
92427,,92427,月神
92428,,92428,炎帝
92440,,92440,星魔
92455,,92455,滔天白虎
92470,,92470,百变愚人盒
92493,,92493,东皇天
92506,,92506,焚炙朱雀
92508,,92508,小阳
92511,,92511,东皇无
92549,,92549,游乐百变盒
92590,,92590,乾坤修罗神
92595,,92595,阴
92603,,92603,超念
92611,,92611,天帝龙皇
92618,,92618,堕天凯撒帝
92623,,92623,阳
92681,,92681,天鹰雨果
92696,,92696,神·玄皇耀凌
92700,,92700,威虎但丁
92701,,92701,神·龙皇辉斗
92730,,92730,魔君夜王
92774,,92774,归零者
92792,,92792,自由之神
92801,,92801,龙太子
92901,,92901,麦迪文
92961,,92961,天神白
92963,,92963,天神劫
92998,,92998,白翼御天使银
93001,,93001,六翼堕天使戮
93016,,93016,金翼炽天使K
93028,,93028,天使王·完全体
93030,,93030,乾坤修罗神·完全体
93036,,93036,轩辕奇灵·完全体
93046,,93046,战火之王
93051,,93051,盘古·完全体
93075,,93075,黑翼王·完全体
93079,,93079,貘·完全体
93087,,93087,战火之王·完全体
93090,,93090,无冕之王·完全体
93125,,93125,超源·完全体
93145,,93145,圣修暗凯帝·完全体
93172,,93172,龙吟守·完全体
93173,,93173,八岐大蛇·完全体
93176,,93176,传奇圣天伊
93180,,93180,传奇阿波罗
93186,,93186,兵神韩信
93187,,93187,传奇Zeta
93188,,93188,传奇哈迪斯
93192,,93192,雪无寒灵
93193,,93193,传奇阴
93194,,93194,传奇阳
93196,,93196,传奇天道无极
93202,,93202,传奇莎莎
93205,,93205,天元夜神
93207,,93207,传奇月神
93214,,93214,洪荒王
93216,,93216,传奇奇灵王
93217,,93217,传奇圣冕麒麟
93218,,93218,传奇龙太子
93220,,93220,传奇梅卡
93222,,93222,传奇雷帝神
93224,,93224,传奇炎帝
93225,,93225,传奇张飞
93227,,93227,传奇黑炎龙
93230,,93230,命运之神
93234,,93234,传奇黑翼王
93238,,93238,传奇星魔
93249,,93249,传奇东皇太一
93259,,93259,传奇凯撒帝
93267,,93267,传奇修罗神
93274,,93274,传奇夜王
93277,,93277,传奇狼王
93282,,93282,传奇炽天使K
93288,,93288,传奇天使王
93298,,93298,力量王
93380,,93380,[王者羁绊]圣天伊
93381,,93381,[远古精灵王]伊撒尔
93384,,93384,[斗转星移]智慧王
93390,,93390,[太阳]烛照
93392,,93392,[火神]祝融
93402,,93402,[雷霆主宰]风暴龙
93408,,93408,[亘古鸿蒙]力量王
93424,,93424,[万王加冕]圣王麒麟
93427,,93427,[太阳神]阿波罗
93429,,93429,[一代宗师]奇灵王幻影
93433,,93433,[永夜君主]夜王
93435,,93435,[白灵圣君]狼王
93453,,93453,[众灵始初]通灵王
93454,,93454,[星界霸主]上古星龙
93459,,93459,[黄泉大神]伊邪那美（圣灵）
93469,,93469,[龙族至尊]帝皇龙
93472,,93472,[圣光之子]修罗
93474,,93474,[圣堂祭祀]夕颜
93479,,93479,[圣堂刺客]半夏
93480,,93480,[恶魔之子]凯撒
93482,,93482,[圣堂之主]舜华
93498,,93498,木·灭世魔龙
93510,,93510,[应汝之愿]天使王
93511,,93511,[应汝之愿]天使王
93592,,93592,[伍心开阳]姬如意
93593,,93593,[伍心开阳]姬如意
93620,,93620,[时间法则]王者伊撒尔
93664,,93664,[神爱世人]王者天使王
93666,,93666,[湮灭诸天]九曜
93667,,93667,[湮灭诸天]九曜
93683,,93683,[天焰至尊]王者菲尔
93706,,93706,[贪婪之罪]神秘战无炎
93719,,93719,[蜀汉天尊]刘备
93720,,93720,[五虎鹏偃月]关羽（五虎）
93746,,93746,[龙族起源]龙母
93845,,93845,[天国咏唱]命运天使王（个体）
93898,,93898,[欲望与苦难]命运所罗门王（个体）
93918,,93918,混沌精灵
93923,,93923,星辉时代·圣天伊
93924,,93924,星辉时代·黄金圣天伊
93925,,93925,星辉少女·小熊座的幻影
93926,,93926,辉煌城主·天龙座的幻影
93928,,93928,救世天幕·时空王
93930,,93930,绯红女王·大熊座
93932,,93932,天穹之君·仙王座
93936,,93936,自由女王·拜伦的幻影
93937,,93937,末世樱剑舞·千夏的幻影
93942,,93942,光翼缔造者·创世星灵
93946,,93946,神之战鳞·枪魂应龙
93950,,93950,无双剑意·剑帝修纳
93953,,93953,末世红镰闪·希尔瓦娜斯
93954,,93954,春晖神女·可兰
93958,,93958,神之审判·白天使王
93959,,93959,魔之禁锢·黑天使王
93960,,93960,花晨月夕·洛羲
93963,,93963,大魔王·地
93968,,93968,[云想霓裳花想容]羲和
93975,,93975,万世龙尊·帝皇龙
93979,,93979,真炎神君·菲尔
93981,,93981,东方灵兽·青龙
93982,,93982,南方灵兽·朱雀
93983,,93983,开天地创净土·盘古
93984,,93984,西方灵兽·白虎
93985,,93985,北方灵兽·玄武的幻影
93986,,93986,斗战胜佛·孙悟空
93989,,93989,大暗黑·天
93990,,93990,无烬噩梦·伊撒尔
93995,,93995,伊邪那氏·那美x那岐
93996,,93996,伊邪那氏·那美x那岐
93997,,93997,森林之息·花冠公主
93999,,93999,第一真祖·黑翼王
94000,,94000,覆天之影·黑翼王
94002,,94002,第二真祖·露易丝
94027,,94027,春晖暖·立春
94029,,94029,神国之主·奥丁大帝
94031,,94031,荒宇生无极·东皇太一
94036,,94036,未来计划·黯帝修罗
94037,,94037,未来计划·暴君凯撒
94041,,94041,源水风暴·梅卡
94042,,94042,星尊裁决·上古星龙
94043,,94043,未来计划·嗜血狼王
94044,,94044,正当时·小满
94046,,94046,龙魂永曜·龍
94048,,94048,未来计划·噬魂夜王
94050,,94050,破虚空衍群龙·龙母
94053,,94053,惊鸿逐月·李白
94057,,94057,未来计划·神秘战无炎
94060,,94060,[探索者]奇灵王
94064,,94064,空间魂梦·伊撒尔
94073,,94073,花间序·薇薇安
94083,,94083,天堂创世之光·王者天使王
94084,,94084,无限神力·力量王
94107,,94107,仙官相·哪吒
94109,,94109,十年の热血·魔焰吉拉
94113,,94113,未来计划·日月战武神
94114,,94114,未来计划·日月战武神
94119,,94119,扉之光时之晖·王者羲和
94120,,94120,梦幻绮丽之夜·羲和的幻影
94121,,94121,十年の希望·终结兔
94127,,94127,GOD·无冕之王
94128,,94128,深渊之主·拉莱耶
94132,,94132,深渊の凝视·奈亚
94134,,94134,远古精灵王·伊撒尔
94139,,94139,忘川临世·鬼墨无忧
94141,,94141,驭灵度众生·SP通灵王
94165,,94165,九黎兵主·蚩尤
94166,,94166,伐天堕神·刑天
94170,,94170,未来计划·冥夜君狼王
94171,,94171,未来计划·冥夜君狼王
94174,,94174,十殿阎罗·地藏王
94176,,94176,飘渺绝尘·七星龙渊
94193,,94193,彼岸永望·孟婆
94199,,94199,乱世英豪·吕布
94201,,94201,烈焰天辉·菲尔
94203,,94203,不语奈何·知世
94204,,94204,帝刹穹天·至高龙尊
94207,,94207,月冕之曜·阿尔忒弥斯
94212,,94212,幽径拾光·达芙妮
94216,,94216,水·虚境领主
94217,,94217,虚数重构·黛依
94228,,94228,天启新篇·梵天
94229,,94229,生命礼赞·可兰
94233,,94233,零阶·愚者
94236,,94236,逆理·世界
94245,,94245,裂穹之斩·龙刃
94246,,94246,魔神·以撒
94248,,94248,星轨圣裁之回响·传说羲和
94256,,94256,崩坏·天使王
94258,,94258,禁锢审判·传说天使王
94264,,94264,灰烬熔芯·胜遇
94266,,94266,地隐微澜·小锦鲤
94267,,94267,牛气冲天·牛魔王
94281,,94281,玄鹤游方·翎
94282,,94282,凰诏天赦·烈焰凤凰
94292,,94292,绝望·尼德霍格
94294,,94294,三皇圣祖·伏羲
94295,,94295,逆天·孙悟空
94307,,94307,百药先祖·神农的幻影
94308,,94308,育灵天地间·王者女娲
94310,,94310,云墨苍生·玄霄
94313,,94313,日月曜重光·盘古
94314,,94314,后土圣女·岁岁祈（神启者）
94315,,94315,后土圣女·岁岁祈
94329,,94329,全知·律
94335,,94335,权御万界·天帝昊天
94337,,94337,恶业轮回·魔君夜渊
94342,,94342,梵音净心·乾达婆
94343,,94343,掌混沌终因果·卡奥斯
94351,,94351,黑蔷薇·莉莉丝（神启者）
94353,,94353,应天·源
94357,,94357,瀚空碧海之辰·上古星龙
94358,,94358,星神誓约·星魔（神启者）
94364,,94364,苍雷怒涛·风暴龙
94366,,94366,末世幽火悯·赫菲斯托斯
94367,,94367,神域初晓之刻·王者龙母
94374,,94374,绝对水域·王者梅卡
94384,,94384,神龙佑世·帝皇龙
94385,,94385,苍龙御天·帝皇龙
94391,,94391,冥夜瞬影·王者黑翼王
94396,,94396,武绝凌天·传说貘
94398,,94398,巨神撼世·骸
94411,,94411,解构·王者世界
94412,,94412,尔等为臣·女帝
94418,,94418,旧约断罪书·撒迦利亚
94424,,94424,清辉朗月·王者望舒
94427,,94427,破晓棋局·无冕之王
94428,,94428,泰坦巨神王·普罗米修斯
94442,,94442,赤焰星芒·王者菲尔
94443,,94443,深潜者·克拉肯
94453,,94453,神诫·宙斯
94454,,94454,缠绕者·利维坦
94457,,94457,深渊意志·拉莱耶
94474,,94474,至圣不朽之勋·奥丁大帝
94482,,94482,繁星流转宇宙生灭·银河
94484,,94484,暗物质创世母神·提亚玛特
94495,,94495,命运福音·亚当
94496,,94496,天国恩光·天使王
94503,,94503,绿野扉光·王者可兰
94504,,94504,未来计划·传说冥夜君狼王
94517,,94517,众生自然之灵·盖亚
94519,,94519,自然庇护·盖亚
94520,,94520,花之絮语·薇薇安
94525,,94525,无垢幻境·白皇星焰
94577,,94577,宿命之尘·尘纱
94584,,94584,天道秩序之尊·乾坤
94643,,94643,虚空权能之神·格劳孔
94674,,94674,剑挽沧溟·梅卡
94702,,94702,裂斩沧澜·帝皇龙
94703,,94703,荒宇独霸·帝皇龙
94713,,94713,生命初始之章·龙母
94790,,94790,异星诡影·别西卜
94799,,94799,秩序之子·昆仑
94866,,94866,光启精灵王-伊撒尔
94867,,94867,木之精灵王-可兰
94868,,94868,净化之光-拉克丝
94869,,94869,梦幻之光-罗塔纱
94870,,94870,水之精灵王-梅卡
94871,,94871,光启时代-圣天伊
94872,,94872,火之精灵王-菲尔
94874,,94874,灯笼精灵-艾琳
94875,,94875,守护之光-米垭
94879,,94879,神羽曙光-奥天
94880,,94880,重枪风暴-合金猛将
94881,,94881,圣窗余晖-米迦勒
94882,,94882,繁星余迹-路西法
94883,,94883,绝代兵神-韩信
94884,,94884,神峰圣护-山脉之魂
94890,,94890,幽冥主宰-哈迪斯
94891,,94891,怒海狂潮-金刚库巴
94892,,94892,灯笼精灵-露易丝
94893,,94893,绿叶咆哮-棕叶战熊
94899,,94899,生命使徒-瓦利
94900,,94900,灵魂使徒-卡莉
94904,,94904,天使圣音-姬露比
94909,,94909,寰宇鎏金星河入怀-银河
94910,,94910,千古一帝-秦始皇嬴政
94911,,94911,无我之境-力量王
94916,,94916,陨星-愚者
94917,,94917,福瑞降人间-圣王麒麟
94920,,94920,圣宇星轨时扉之光-羲和
94921,,94921,GOD-无冕之王
94922,,94922,GOD-无冕之王
94925,,94925,执掌因果万世轮回-帝俊
94926,,94926,瑞兔赐福-卯小兔
94927,,94927,浮生浮灭万意恒常-阿赖耶识
94939,,94939,旃檀功德-唐三藏
94940,,94940,齐天大圣-孙悟空
94941,,94941,德安万世-唐太宗李世民
94945,,94945,众里寻他千百度-梦
94946,,94946,众生乐土万灵随行-末那
94947,,94947,海枯之心-白京京
94952,,94952,谪仙剑无双-李白
94953,,94953,暗能涌动星海创生-提亚玛特
94955,,94955,凛冬之意-瓦格纳的幻影
94957,,94957,剑影抚落忆-孙尚香
94958,,94958,清辉映星河-望舒
94959,,94959,三位一体-至尊精灵王
94960,,94960,卷帘大将-沙悟净
94964,,94964,深渊安魂曲-奈亚
94965,,94965,天道暗御-阴
94967,,94967,踏阴阳定荒宇-东皇太一
94968,,94968,引尘造万物-星尘
94969,,94969,天道曜护-阳
94971,,94971,阴阳割昏晓-天道无极
94973,,94973,霜佑北境-帕里斯
94977,,94977,千山落樱之辉-夜樱
94978,,94978,荷风引水色-瑠璃
94979,,94979,大汉天子-汉武帝刘彻
94980,,94980,月魄孤影-神武月
94987,,94987,神炎日冕-战无炎
94994,,94994,至圣神王裁决-奥丁大帝
94995,,94995,源星之归引-上古星龙
94996,,94996,深渊穿梭者-律
94997,,94997,沙漠之心-阿努比斯
94999,,94999,救世的执妄愚人-公爵
95000,,95000,星穹庇世之翼-赫耳墨斯
95001,,95001,守护众生之愿-瓦尔基里
95007,,95007,永劫破灭混沌至尊-卡奥斯
95008,,95008,一代天骄-成吉思汗铁木真
95009,,95009,枯骨之花-莉莉丝
95019,,95019,创灵众生-通灵王
95020,,95020,白灵之尊-狼王
95021,,95021,万世独霸龙族至尊-帝皇龙
95022,,95022,荒宇独霸-帝皇龙
95023,,95023,倾世之寒-始祖冰龙
95025,,95025,星轨圣裁之回响-羲和
95026,,95026,雅克守护者-神罗麦提
95030,,95030,破虚空衍群龙-龙母
95033,,95033,龙族新歌-玲玲珑
95038,,95038,斐灵之心-皮塔
95042,,95042,圣树临辉光暗双耀-奇灵王
95043,,95043,慧心渊识之智-密涅瓦
95052,,95052,湍流激越-橙李
95053,,95053,戮器仁心-帝刃
95055,,95055,天国守护者-白天使王
95056,,95056,黑暗之翼-黑天使王
95064,,95064,沧海遗珠-沫夏
95066,,95066,神兵护佑-圣盾
95074,,95074,睥睨众臣-女帝
95075,,95075,至高启示-真理之后
95082,,95082,深渊之契-绮美拉
95083,,95083,绝影蚀月-黑翼王
95084,,95084,幽冥千炼-鬼墨无忧
95087,,95087,武绝凌天-貘
95093,,95093,棋临无间-无冕之王
95096,,95096,冥骸蚀暗-阿修罗
95097,,95097,逐梦追光-布灵灵
95104,,95104,王者加冕-圣天伊
95105,,95105,王者加冕-黄金圣天伊
95111,,95111,无垠-愚者
95112,,95112,陨灭-世界
95114,,95114,博物馆奇妙夜-梁龙
95118,,95118,邃古凌苍-日月战武神
95121,,95121,混沌恩赐-厄瑞玻斯
95124,,95124,鸣劫制裁-雷霆青龙
95130,,95130,漆夜破空之刃-使者
95131,,95131,漆漆-使者
95132,,95132,荒炎焚天-飓焰朱雀
95136,,95136,万王天谕-圣王麒麟
95137,,95137,天地惊弦-六龙圣王
95142,,95142,圣魂觉醒-伊撒尔
95143,,95143,时序之光-洛羲
95147,,95147,绝天穿梭之界-时空王
95152,,95152,极乐欲界天魔主-波旬
95153,,95153,神威重壁-惊涛玄武
95154,,95154,圣铃妙音众识浮沉-阿赖耶识
95162,,95162,真炎神君-菲尔
95163,,95163,傲凡尘启仙灵-女娲
95166,,95166,庇天之白翼-修罗
95171,,95171,伊甸园的余晖-亚当
95174,,95174,超越纪元的新生-海蒂拉玛
95175,,95175,无言的祈愿-海蒂拉玛
95182,,95182,源水风暴-梅卡
95187,,95187,星宇之隙穹宙之辉-银河
95188,,95188,万神之王-宙斯
95193,,95193,黄泉归引-孟婆
95196,,95196,造自然耀万物-盖亚
95197,,95197,荒秽堕墟-阿波菲斯
95199,,95199,自然恩赐-薇薇安
95203,,95203,恶魔之主-撒旦
95206,,95206,始祖大天使-尼斯洛克
95207,,95207,地狱天使-纳菲利姆
95208,,95208,夜与月的蔷薇-夜兰
95214,,95214,绝望噬影-尼德霍格
95217,,95217,神兽尊主-苍穹圣龙
95219,,95219,破天之黑刃-凯撒
95225,,95225,异界史诗-渡
95226,,95226,异界史诗-渡（不朽者）
95228,,95228,讨伐之旅-勇者
95230,,95230,狂肆之旅-邪神
95231,,95231,葬魂曲-死神弥尔
95235,,95235,瞰世之棘-亘古树灵
95236,,95236,余烬初王-洛兰
95241,,95241,炽天炎境-上古龙女
95247,,95247,天道秩序诸界主宰-乾坤
95253,,95253,爱与美的赞歌-维纳斯
95254,,95254,大道无名-天命王
95257,,95257,天穹苍翼-圣修暗凯帝
95258,,95258,魔神再临-以撒
95262,,95262,冰与火之舞-炽寒天凤
95263,,95263,逆律之触-伊西斯
95264,,95264,龙年纪念-贝贝龙
95265,,95265,永恒炽阳-神阿波罗
95272,,95272,创世织梦之眷-赫耳墨斯
95275,,95275,如星永伴长夜-梦
95281,,95281,九霄帝姬-巫山神女
95283,,95283,炎刃燎原-赤霄
95289,,95289,破晓圣光-白羽公主
95291,,95291,原初骑士-洛兰
95293,,95293,横扫三界-孙悟空
95294,,95294,恶魔的私语-路西法
95295,,95295,永夜之主-夜王
95299,,95299,幻世镜梦-谴
95300,,95300,翼龙之子-凌风
95301,,95301,长夜墟渊-烛龙
95303,,95303,赤帝-祝融
95304,,95304,超界奇迹-龙星诺
95307,,95307,浮士德-归零者
95309,,95309,水神-共工
95314,,95314,青山沐日天地无疆-盘古
95315,,95315,后土玄黄-岁岁祈
95316,,95316,梵星音律-乾达婆
95318,,95318,月辉奇迹-月亮星诺
95324,,95324,星启万象-智慧王
95327,,95327,次元守护-伊撒尔
95328,,95328,沙都守护者-曼珠沙华
95330,,95330,诺言之神-星诺玛
95332,,95332,金翅神羽-迦楼罗
95336,,95336,群星守护寰宇光辉-神银河
95337,,95337,暗宇之质万物之初-提亚玛特
95339,,95339,魂之缚-奇诺
95344,,95344,创世罪裁龙神-撒迦利亚
95346,,95346,凰权天下-帝女夙
95347,,95347,审判命运之战-奥丁大帝
95349,,95349,末裔之歌-海伦娜
95351,,95351,神国圣赐之羽-弗丽嘉
95353,,95353,诸天神通-帝释天
95360,,95360,混沌寂烬-厄瑞玻斯
95361,,95361,苍松剑意-干将
95364,,95364,混沌始源万物终湮-卡奥斯
95365,,95365,生于哀骨之花-莉莉丝
95366,,95366,巨龙之子-明王
95370,,95370,尼伯龙根之主-法芙娜
95371,,95371,深渊缠绕者-利维坦
95376,,95376,晖光轮回女神-梅比乌斯
95377,,95377,冰霜亡域-巫妖王
95379,,95379,吾即深渊-拉莱耶
95380,,95380,吾即深渊-拉莱耶（支配者）
95381,,95381,吾即深渊-拉莱耶（真神）
95382,,95382,绝望轮回女神-梅比乌斯
95391,,95391,寰宇皆臣-女帝
95394,,95394,苍翠守望-终结兔
95397,,95397,终末的残响-奈亚
95400,,95400,审神律理-无冕之王
95402,,95402,断海沧澜-龙太子
95413,,95413,逐光深坠-克希拉
95414,,95414,白魔法师-真言诺亚
95427,,95427,寒夜破晓之刃-使者
95431,,95431,九柱神临缔世碑火-阿蒙王
95433,,95433,神威地龙-摩罗迦
95438,,95438,墟尽神临之噬-赫耳墨斯
95439,,95439,噬界傀人-赫耳墨斯
95443,,95443,星芒圣佑-创世星灵
95446,,95446,圣火炽天使-塞勒芙
95450,,95450,圣裁座天使-奥菲妮
95451,,95451,剑影迷踪-承影
95453,,95453,孤胆英雄-赵云
95457,,95457,吾即永恒-阿卜苏
95464,,95464,万序之启-源
95467,,95467,灵骸烬染之潮-夜樱
95468,,95468,月影映夜斓-夜樱
95471,,95471,乘清气御阴阳-东皇太一
95474,,95474,浮游天地乘风去-逍遥
95475,,95475,瑶琴迷阵-诸葛亮
95482,,95482,坐忘无我化生万象-天道无极
95483,,95483,日月映海晨曦微露-羲和
95484,,95484,天人共铸-纯钧
95488,,95488,黑翎之妄朽界之暗-梵天
95489,,95489,武道至尊-龙皇辉斗
95491,,95491,幻相至尊-白皇星焰
95492,,95492,涅槃至尊-雀皇紫辰
95493,,95493,天启纪元缔世圣冕-梵天
95494,,95494,横戟破军-吕布
95495,,95495,天使的守候-米迦勒
95502,,95502,神行至尊-玄皇耀凌
95505,,95505,复生者-帕克
95506,,95506,无畏重铠-达鲁
95509,,95509,诡影噬夜-黑翼王
95512,,95512,全维衍化之钥-阿比斯
95513,,95513,血月之引-露易丝
95514,,95514,异度刀姬-尤尼梅特
95515,,95515,灵智终端-黛拉
95523,,95523,建构终端-格莉娅
95524,,95524,幻游终端-妮娜
95526,,95526,圣仪临世-烈焰凤凰
95527,,95527,一剑封魂-白夜叉
95528,,95528,剑指天下-太阿
95532,,95532,穹星创迹苍宇生辉-银河
95539,,95539,空寂无尘万法唯心-阿赖耶识
95540,,95540,统界神权王者-帝皇龙
95544,,95544,绯龙之契源晶之辉-阿卜苏
95545,,95545,蛇影魔瞳-美杜莎
95552,,95552,星冕-愚者
95556,,95556,凝尘造界之星神-星尘
95561,,95561,龙吟瑞雪-圣王麒麟
95562,,95562,悟道成佛-孙悟空
95564,,95564,一桥一诺一相逢-梦
95572,,95572,忘川送魂-孟婆
95573,,95573,三生花缘-知世
95574,,95574,幽泉使者-孟婆
95576,,95576,吞天黑潮-凯撒
95577,,95577,飞剑游云-湛卢
95578,,95578,神霆点苍-奇灵王
95579,,95579,纵马引弓巾帼志-孙尚香
95588,,95588,曙天煌翼-修罗
95590,,95590,时序永前万境永在-时空王
95594,,95594,砂海栖心-洛羲
95597,,95597,日辉月影之扉-羲和
95598,,95598,虚堕之君王-贝利亚尔
95599,,95599,大河龙女-海纳百川
95607,,95607,荒原苍焰-狼王
95610,,95610,怒焰裁世-狂龙
95614,,95614,不朽龙主-巴哈姆特
95622,,95622,创界悯世之颂祷-龙母
95623,,95623,七罪圣裁-伊撒尔
95632,,95632,魅魇之惑-始祖影龙
95640,,95640,万理炽天使-K
95644,,95644,光穹永耀之辉-天使王
95645,,95645,预命之君王-瓦沙克
95657,,95657,纪元初光之回响-圣天伊
95659,,95659,雪域圣主-冰雪女皇
95663,,95663,诡匿之君王-巴拉姆
95685,,95685,日月时境御主-羲和
95689,,95689,纪元弈主-无冕之王
95691,,95691,灾变之君王-拜恩
95713,,95713,无尽轮回此间永恒-梅比乌斯
95717,,95717,暗潮星漩创界之渊-提亚玛特
95718,,95718,深空之眼-小宇宙
95723,,95723,纪元至高之引-海蒂拉玛
95724,,95724,渊秘之君王-派蒙
95731,,95731,绯鳞审判永恒龙辉-阿卜苏
95736,,95736,逆神意志-GOD无冕之王
95748,,95748,自然之母神-盖亚
95749,,95749,诱火之君王-阿斯摩太
95755,,95755,无竭命核-渡（不朽者）
95762,,95762,虚环-愚者
95764,,95764,大荒共主-天帝昊天
95772,,95772,愿光守夜之华-阿格蕾亚
95773,,95773,隐序之君王-普尔森
95779,,95779,深渊的回音-奈亚
95783,,95783,深渊的约定-克希拉
95788,,95788,瞳中幽墟-绮美拉
95791,,95791,深渊星阶-律
95792,,95792,腐殖之君王-贝雷特
95798,,95798,众神之尊-宙斯
95805,,95805,灼天​燎宇-上古龙女
95806,,95806,冥霆之君王-巴尔
95810,,95810,永夜苍焰-冥夜君狼王
95812,,95812,爱与美的恩泽-维纳斯
95824,,95824,天垣龙谕-龍
95830,,95830,星涡归溯隙间守望-银河
95839,,95839,万灵溯生之御-盖亚
95846,,95846,万识莲台​浮音渡世-阿赖耶识
95898,,95898,万魂映月之主-夜樱
97501,,97501,魔焰吉拉
100003,,100003,大师兔
100005,,100005,吉拉狮
100006,,100006,爆焰吉拉
100009,,100009,露西亚
100027,,100027,依诗
100051,,100051,奥特克林
100068,,100068,乌可拉
100087,,100087,冰拳艾司
100090,,100090,沙麒麟
100093,,100093,木面侠
100096,,100096,金刚库巴
100102,,100102,合金猛将
100105,,100105,神武月
100108,,100108,利刺大黄蜂
100111,,100111,战无炎
100114,,100114,时间之神
100137,,100137,嘻哈鸟
100150,,100150,冲锋魔方
100153,,100153,雷云狮
100174,,100174,赤炎战斗龙
100192,,100192,修普森曼
100201,,100201,轰天雷
100215,,100215,青龙灵兽
100220,,100220,蚁族圣斗士
100221,,100221,蚁族魔斗士
100233,,100233,坚盾甲
100293,,100293,焚天大圣
100296,,100296,棕叶战熊
100301,,100301,达鲁
100317,,100317,天使莱特
100320,,100320,雷帝神
100328,,100328,SR战士
100339,,100339,霹雳闪电狗
100355,,100355,梦拉丽莎
100364,,100364,海夜叉
100371,,100371,伊尼
100388,,100388,玄武灵兽
100394,,100394,犀牛战豪
100397,,100397,红发战灵
100398,,100398,托马斯
100408,,100408,青翼绿龙
100418,,100418,山脉之魂
100427,,100427,星光角斗士
100433,,100433,伊雾女王
100436,,100436,黑暗守卫
100442,,100442,巨翅金鹏
100460,,100460,亚帝斯克
100463,,100463,变异库斯特
100472,,100472,魂斗鱼
100478,,100478,赤色梦魇
100493,,100493,年兽
100500,,100500,终结兔
100503,,100503,SR勇士
100504,,100504,先锋SR
100506,,100506,烈焰凤凰
100509,,100509,星云大圣
100512,,100512,小宇宙
100522,,100522,麦斗司令
100526,,100526,波塞亚斯
100545,,100545,金甲龙兽
100551,,100551,迪奥
100557,,100557,横行贝塔
100569,,100569,雨天娃娃
100571,,100571,蓝翎绒绒
100577,,100577,飞云骑
100601,,100601,拉格纳罗斯
100604,,100604,念
100608,,100608,安德鲁拉
100612,,100612,火纹羊驼
100619,,100619,雪精灵
100621,,100621,冰山修罗
100624,,100624,白虎灵兽
100630,,100630,蓝铁巨鳄
100659,,100659,剑中妖魔
100697,,100697,魔术小呆
100728,,100728,凯撒
100731,,100731,修罗
100741,,100741,朱雀灵兽
100782,,100782,怒风侠
100794,,100794,奇灵王
100865,,100865,超T兔
100946,,100946,紫渊
100958,,100958,嘉嘉龙王
100973,,100973,红魔
100976,,100976,诸葛亮
101004,,101004,达克机枪手
101012,,101012,暗影冥一
101014,,101014,索尼克
101018,,101018,花轮松鼠
101020,,101020,冲锋神牛
101022,,101022,双刃电子鼠
101024,,101024,焚炎鸟
101082,,101082,奥奇
101086,,101086,绿焰
101122,,101122,狼王迪洛斯
101124,,101124,夜王狄米特
101126,,101126,星妙
101167,,101167,米夜
101259,,101259,友人契约书
101263,,101263,南瓜车车
101267,,101267,多古拉伯爵
101320,,101320,伊泽
101322,,101322,迦娜
101350,,101350,赤翼魔龙王
101414,,101414,九尾冰狐
101426,,101426,黑炎龙
101461,,101461,苍炎战神
101639,,101639,圣光修罗
101706,,101706,暗影凯撒
101754,,101754,炎王
101767,,101767,十阶霜炎法神
101777,,101777,帝卡
101792,,101792,天怒
101812,,101812,疾星
101825,,101825,斗罗明王
101861,,101861,龙刃
101873,,101873,冰罗皇冰龙态
101884,,101884,伊乐
101893,,101893,擎空
101896,,101896,圣·天伊
101902,,101902,炽天
101924,,101924,银魂
101946,,101946,坠星
101948,,101948,破军
102035,,102035,暗影魔将
102039,,102039,帝夜奇纳
102061,,102061,魔小兵
102156,,102156,贪狼
102166,,102166,创圣天奇灵
102173,,102173,巨门
102184,,102184,禄存
102203,,102203,白皇星焰
102213,,102213,文曲
102227,,102227,暗行罗刹
102387,,102387,上古星龙
102412,,102412,噬心黑龙
102427,,102427,月神
102428,,102428,炎帝
102440,,102440,星魔
102470,,102470,百变愚人盒
102493,,102493,东皇天
102506,,102506,焚炙朱雀
102508,,102508,小阳
102511,,102511,东皇无
102549,,102549,游乐百变盒
102590,,102590,乾坤修罗神
102595,,102595,阴
102603,,102603,超念
102611,,102611,天帝龙皇
102618,,102618,堕天凯撒帝
102681,,102681,天鹰雨果
102701,,102701,神·龙皇辉斗
102774,,102774,归零者
102792,,102792,自由之神
102854,,102854,妖王冽
102864,,102864,花萤姬
102901,,102901,麦迪文
102926,,102926,暗夜辰星
102941,,102941,帝女夙
102961,,102961,天神白
102963,,102963,天神劫
102998,,102998,白翼御天使银
103001,,103001,六翼堕天使戮
103016,,103016,金翼炽天使K
103028,,103028,天使王·完全体
103030,,103030,乾坤修罗神·完全体
103046,,103046,战火之王
103075,,103075,黑翼王·完全体
103079,,103079,貘·完全体
103084,,103084,天焰菲尔·完全体
103087,,103087,战火之王·完全体
103090,,103090,无冕之王·完全体
103109,,103109,疾风长牙狮
103112,,103112,御星痕
103125,,103125,超源·完全体
103145,,103145,圣修暗凯帝·完全体
103168,,103168,冥夜君狼王·完全体
103172,,103172,龙吟守·完全体
103173,,103173,八岐蛇魂·光
103176,,103176,传奇圣天伊
103180,,103180,传奇阿波罗
103187,,103187,传奇Zeta
103188,,103188,传奇哈迪斯
103192,,103192,雪无寒灵
103193,,103193,传奇阴
103194,,103194,传奇阳
103196,,103196,传奇天道无极
103216,,103216,传奇奇灵王
103217,,103217,传奇圣冕麒麟
103222,,103222,传奇雷帝神
103224,,103224,传奇炎帝
103227,,103227,传奇黑炎龙
103230,,103230,命运之神
103234,,103234,传奇黑翼王
103259,,103259,传奇凯撒帝
103267,,103267,传奇修罗神
103274,,103274,传奇夜王
103277,,103277,传奇狼王
103282,,103282,传奇炽天使K
103288,,103288,传奇天使王
103298,,103298,力量王
103380,,103380,[王者羁绊]圣天伊
103381,,103381,[远古精灵王]伊撒尔
103383,,103383,[祸乱之源]黑桃K
103384,,103384,[斗转星移]智慧王
103385,,103385,[神之九尾]玉藻皇
103387,,103387,[太阴]幽荧
103388,,103388,[远古大妖]大天狗
103390,,103390,[太阳]烛照
103391,,103391,[战场萝莉]赫尔薇尔
103392,,103392,[火神]祝融
103394,,103394,[铃樱少女]欧若拉
103398,,103398,[始祖巨人]伊米尔
103399,,103399,[逢魔之约]阴阳
103402,,103402,[雷霆主宰]风暴龙
103406,,103406,[未来精灵王]梵天
103408,,103408,[亘古鸿蒙]力量王
103424,,103424,[万王加冕]圣王麒麟
103427,,103427,[太阳神]阿波罗
103429,,103429,[一代宗师]奇灵王
103435,,103435,[白灵圣君]狼王
103454,,103454,[星界霸主]上古星龙
103469,,103469,[龙族至尊]帝皇龙
103472,,103472,[圣光之子]修罗
103474,,103474,[圣堂祭祀]夕颜
103479,,103479,[圣堂刺客]半夏
103482,,103482,[圣堂之主]舜华
103498,,103498,电·灭世魔龙
103592,,103592,[伍心开阳]姬如意
103593,,103593,[伍心开阳]姬如意
103620,,103620,[时间法则]王者伊撒尔
103664,,103664,[神爱世人]王者天使王
103666,,103666,[湮灭诸天]九曜
103667,,103667,[湮灭诸天]九曜
103706,,103706,[贪婪之罪]神秘战无炎
103746,,103746,[龙族起源]龙母
103918,,103918,混沌精灵
103923,,103923,星辉时代·圣天伊
103924,,103924,星辉时代·黄金圣天伊
103925,,103925,星辉少女·小熊座的幻影
103926,,103926,辉煌城主·天龙座的幻影
103928,,103928,救世天幕·时空王
103930,,103930,绯红女王·大熊座
103932,,103932,天穹之君·仙王座的幻影
103936,,103936,自由女王·拜伦
103937,,103937,末世樱剑舞·千夏
103942,,103942,光翼缔造者·创世星灵的幻影
103946,,103946,神之战鳞·枪魂应龙
103950,,103950,无双剑意·剑帝修纳的幻影
103953,,103953,末世红镰闪·希尔瓦娜斯的幻影
103954,,103954,春晖神女·可兰的幻影
103958,,103958,神之审判·白天使王
103959,,103959,魔之禁锢·黑天使王
103960,,103960,花晨月夕·洛羲
103963,,103963,大魔王·地
103968,,103968,[血色蔷薇]羲和
103975,,103975,万世龙尊·帝皇龙
103979,,103979,真炎神君·菲尔
103981,,103981,东方灵兽·青龙
103982,,103982,南方灵兽·朱雀的幻影
103983,,103983,开天地创净土·盘古
103984,,103984,西方灵兽·白虎
103985,,103985,北方灵兽·玄武
103989,,103989,大暗黑·天
103990,,103990,无烬噩梦·伊撒尔的蜃影
103997,,103997,森林之息·花冠公主
104002,,104002,第二真祖·露易丝
104027,,104027,春晖暖·立春
104036,,104036,未来计划·黯帝修罗
104037,,104037,未来计划·暴君凯撒
104041,,104041,源水风暴·梅卡
104042,,104042,星尊裁决·上古星龙
104043,,104043,未来计划·嗜血狼王
104044,,104044,正当时·小满
104046,,104046,龙魂永曜·龍
104048,,104048,未来计划·噬魂夜王
104050,,104050,破虚空衍群龙·龙母
104057,,104057,未来计划·神秘战无炎
104060,,104060,星辰造世·奇灵王
104064,,104064,空间魂梦·伊撒尔
104073,,104073,花间序·薇薇安
104083,,104083,天堂创世之光·王者天使王
104084,,104084,无限神力·力量王
104109,,104109,十年の热血·魔焰吉拉
104119,,104119,梦沐黎明·羲和
104120,,104120,梦幻绮丽之夜·羲和
104121,,104121,精英·守径者怪物
104127,,104127,GOD·无冕之王
104128,,104128,深渊之主·拉莱耶
104132,,104132,深渊の凝视·奈亚
104139,,104139,忘川临世·鬼墨无忧
104165,,104165,九黎兵主·蚩尤
104166,,104166,嗔之鬼
104174,,104174,十殿阎罗·地藏王
104193,,104193,彼岸永望·孟婆的幻影
104199,,104199,乱世英豪·吕布
104203,,104203,不语奈何·知世
104204,,104204,帝刹穹天·至高龙尊
104207,,104207,月冕之曜·阿尔忒弥斯
104212,,104212,幽径拾光·达芙妮
104216,,104216,照世之澜·梅卡
104217,,104217,虚数重构·黛依
104228,,104228,天启新篇·梵天
104229,,104229,生命礼赞·可兰
104233,,104233,零阶·愚者
104236,,104236,逆理·世界
104246,,104246,魔神·以撒
104248,,104248,星轨圣裁之回响·传说羲和
104256,,104256,崩坏·天使王
104264,,104264,灰烬熔芯·胜遇
104266,,104266,地隐微澜·小锦鲤的幻影
104267,,104267,牛气冲天·牛魔王
104281,,104281,玄鹤游方·翎
104282,,104282,凰诏天赦·烈焰凤凰的幻影
104292,,104292,绝望·尼德霍格
104307,,104307,百药先祖·神农
104310,,104310,云墨苍生·玄霄的幻影
104313,,104313,日月曜重光·盘古
104314,,104314,后土圣女·岁岁祈（神启者）
104329,,104329,全知·律
104335,,104335,权御万界·天帝昊天
104337,,104337,恶业轮回·魔君夜渊
104343,,104343,掌混沌终因果·卡奥斯
104351,,104351,黑蔷薇·莉莉丝（神启者）
104353,,104353,应天·源
104364,,104364,苍雷怒涛·风暴龙
104366,,104366,末世幽火悯·赫菲斯托斯
104367,,104367,神域初晓之刻·王者龙母
104374,,104374,绝对水域·王者梅卡
104384,,104384,神龙佑世·帝皇龙
104385,,104385,苍龙御天·帝皇龙
104396,,104396,武绝凌天·传说貘
104398,,104398,巨神撼世·骸
104411,,104411,解构·王者世界
104412,,104412,尔等为臣·女帝
104418,,104418,旧约断罪书·撒迦利亚
104427,,104427,破晓棋局·无冕之王
104428,,104428,泰坦巨神王·普罗米修斯
104442,,104442,赤焰星芒·王者菲尔
104443,,104443,深潜者·克拉肯
104453,,104453,神诫·宙斯
104454,,104454,缠绕者·利维坦
104457,,104457,深渊意志·拉莱耶
104482,,104482,繁星流转宇宙生灭·银河
104484,,104484,暗物质创世母神·提亚玛特
104495,,104495,命运福音·亚当
104496,,104496,天国恩光·天使王
104503,,104503,绿野扉光·王者可兰
104504,,104504,未来计划·传说冥夜君狼王
104517,,104517,众生自然之灵·盖亚
104519,,104519,自然庇护·盖亚
104525,,104525,无垢幻境·白皇星焰
104584,,104584,天道秩序之尊·乾坤
104643,,104643,虚空权能之神·格劳孔
104702,,104702,裂斩沧澜·帝皇龙
104703,,104703,荒宇独霸·帝皇龙
104713,,104713,生命初始之章·龙母
104866,,104866,灯笼精灵-伊撒尔
104867,,104867,灯笼精灵-可兰
104868,,104868,净化之光-拉克丝
104869,,104869,梦幻之光-罗塔纱
104870,,104870,灯笼精灵-梅卡
104871,,104871,光启时代-圣天伊
104872,,104872,火之精灵王-菲尔
104874,,104874,灯笼精灵-艾琳
104875,,104875,守护之光-米垭
104879,,104879,神羽曙光-奥天
104880,,104880,重枪风暴-合金猛将
104881,,104881,圣窗余晖-米迦勒
104882,,104882,繁星余迹-路西法
104883,,104883,绝代兵神-韩信
104884,,104884,神峰圣护-山脉之魂
104890,,104890,幽冥主宰-哈迪斯
104891,,104891,怒海狂潮-金刚库巴的幻影
104892,,104892,猩红序曲-露易丝
104893,,104893,绿叶咆哮-棕叶战熊
104899,,104899,生命使徒-瓦利
104900,,104900,灵魂使徒-卡莉
104904,,104904,天使圣音-姬露比
104909,,104909,寰宇鎏金星河入怀-银河
104910,,104910,千古一帝-秦始皇嬴政
104911,,104911,无我之境-力量王
104916,,104916,陨星-愚者
104917,,104917,福瑞降人间-圣王麒麟
104920,,104920,圣宇星轨时扉之光-羲和
104921,,104921,GOD-无冕之王
104922,,104922,GOD-无冕之王
104925,,104925,执掌因果万世轮回-帝俊
104926,,104926,瑞兔赐福-卯小兔
104927,,104927,浮生浮灭万意恒常-阿赖耶识
104939,,104939,旃檀功德-唐三藏
104940,,104940,齐天大圣-孙悟空
104941,,104941,德安万世-唐太宗李世民
104945,,104945,众里寻他千百度-梦
104946,,104946,众生乐土万灵随行-末那
104947,,104947,海枯之心-白京京
104952,,104952,谪仙剑无双-李白
104953,,104953,暗能涌动星海创生-提亚玛特
104955,,104955,凛冬之意-瓦格纳
104957,,104957,剑影抚落忆-孙尚香
104958,,104958,清辉映星河-望舒
104959,,104959,三位一体-至尊精灵王
104960,,104960,卷帘大将-沙悟净
104964,,104964,深渊安魂曲-奈亚
104965,,104965,天道暗御-阴
104968,,104968,引尘造万物-星尘
104969,,104969,天道曜护-阳
104971,,104971,阴阳割昏晓-天道无极
104973,,104973,霜佑北境-帕里斯
104977,,104977,千山落樱之辉-夜樱
104978,,104978,荷风引水色-瑠璃
104979,,104979,大汉天子-汉武帝刘彻
104980,,104980,月魄孤影-神武月
104987,,104987,神炎日冕-战无炎
104994,,104994,至圣神王裁决-奥丁大帝
104995,,104995,源星之归引-上古星龙
104996,,104996,深渊穿梭者-律
104999,,104999,救世的执妄愚人-公爵
105000,,105000,星穹庇世之翼-赫耳墨斯
105001,,105001,守护众生之愿-瓦尔基里
105007,,105007,永劫破灭混沌至尊-卡奥斯
105008,,105008,一代天骄-成吉思汗铁木真
105009,,105009,枯骨之花-莉莉丝
105019,,105019,创灵众生-通灵王
105020,,105020,白灵之尊-狼王
105021,,105021,万世独霸龙族至尊-帝皇龙
105022,,105022,荒宇独霸-帝皇龙
105023,,105023,倾世之寒-始祖冰龙
105025,,105025,星轨圣裁之回响-羲和（现实）
105026,,105026,雅克守护者-神罗麦提
105030,,105030,破虚空衍群龙-龙母
105033,,105033,龙族新歌-玲玲珑
105038,,105038,斐灵之心-皮塔
105042,,105042,圣树临辉光暗双耀-奇灵王
105043,,105043,慧心渊识之智-密涅瓦
105050,,105050,春晖神女-可兰
105052,,105052,湍流激越-橙李
105053,,105053,戮器仁心-帝刃
105055,,105055,天国守护者-白天使王
105056,,105056,黑暗之翼-黑天使王
105064,,105064,沧海遗珠-沫夏
105066,,105066,神兵护佑-圣盾
105074,,105074,睥睨众臣-女帝
105075,,105075,至高启示-真理之后
105082,,105082,深渊之契-绮美拉
105083,,105083,绝影蚀月-黑翼王
105084,,105084,幽冥千炼-鬼墨无忧
105087,,105087,武绝凌天-貘
105093,,105093,棋临无间-无冕之王
105096,,105096,冥骸蚀暗-阿修罗
105097,,105097,逐梦追光-布灵灵
105104,,105104,王者加冕-圣天伊
105105,,105105,王者加冕-黄金圣天伊
105111,,105111,无垠-愚者
105112,,105112,陨灭-世界
105114,,105114,博物馆奇妙夜-梁龙
105118,,105118,邃古凌苍-日月战武神
105121,,105121,混沌恩赐-厄瑞玻斯
105122,,105122,万象始源之刻-赫耳墨斯
105124,,105124,鸣劫制裁-雷霆青龙
105130,,105130,漆夜破空之刃-使者
105131,,105131,漆漆-使者
105132,,105132,荒炎焚天-飓焰朱雀
105136,,105136,万王天谕-圣王麒麟
105137,,105137,天地惊弦-六龙圣王
105142,,105142,圣魂觉醒-伊撒尔
105143,,105143,时序之光-洛羲
105147,,105147,绝天穿梭之界-时空王
105152,,105152,极乐欲界天魔主-波旬
105153,,105153,神威重壁-惊涛玄武
105154,,105154,圣铃妙音众识浮沉-阿赖耶识
105162,,105162,真炎神君-菲尔
105163,,105163,傲凡尘启仙灵-女娲
105166,,105166,庇天之白翼-修罗
105171,,105171,伊甸园的余晖-亚当
105174,,105174,超越纪元的新生-海蒂拉玛
105175,,105175,无言的祈愿-海蒂拉玛
105182,,105182,源水风暴-梅卡
105187,,105187,星宇之隙穹宙之辉-银河
105188,,105188,万神之王-宙斯
105193,,105193,黄泉归引-孟婆
105196,,105196,造自然耀万物-盖亚
105197,,105197,荒秽堕墟-阿波菲斯
105199,,105199,自然恩赐-薇薇安
105203,,105203,恶魔之主-撒旦
105206,,105206,始祖大天使-尼斯洛克
105207,,105207,地狱天使-纳菲利姆
105208,,105208,夜与月的蔷薇-夜兰
105214,,105214,绝望噬影-尼德霍格
105217,,105217,神兽尊主-苍穹圣龙
105219,,105219,破天之黑刃-凯撒
105225,,105225,异界史诗-渡
105226,,105226,异界史诗-渡（不朽者）
105230,,105230,狂肆之旅-邪神
105231,,105231,葬魂曲-死神弥尔
105235,,105235,瞰世之棘-亘古树灵
105236,,105236,余烬初王-洛兰
105240,,105240,霜寒冰域-上古龙女
105241,,105241,炽天炎境-上古龙女
105243,,105243,缘分一线牵-小狐仙
105247,,105247,天道秩序诸界主宰-乾坤
105253,,105253,爱与美的赞歌-维纳斯
105254,,105254,大道无名-天命王
105257,,105257,天穹苍翼-圣修暗凯帝
105258,,105258,魔神再临-以撒
105262,,105262,冰与火之舞-炽寒天凤
105263,,105263,逆律之触-伊西斯
105265,,105265,永恒炽阳-神阿波罗
105272,,105272,创世织梦之眷-赫耳墨斯
105275,,105275,如星永伴长夜-梦
105281,,105281,九霄帝姬-巫山神女
105283,,105283,炎刃燎原-赤霄
105289,,105289,破晓圣光-白羽公主
105291,,105291,原初骑士-洛兰
105293,,105293,横扫三界-孙悟空
105294,,105294,恶魔的私语-路西法
105295,,105295,永夜之主-夜王
105299,,105299,幻世镜梦-谴
105300,,105300,翼龙之子-凌风
105301,,105301,长夜墟渊-烛龙
105303,,105303,赤帝-祝融
105304,,105304,超界奇迹-龙星诺
105307,,105307,浮士德-归零者
105309,,105309,水神-共工
105314,,105314,青山沐日天地无疆-盘古
105315,,105315,后土玄黄-岁岁祈
105316,,105316,梵星音律-乾达婆
105318,,105318,月辉奇迹-月亮星诺
105324,,105324,星启万象-智慧王
105327,,105327,次元守护-伊撒尔
105328,,105328,沙都守护者-曼珠沙华
105330,,105330,诺言之神-星诺玛
105332,,105332,金翅神羽-迦楼罗
105336,,105336,群星守护寰宇光辉-神银河
105337,,105337,暗宇之质万物之初-提亚玛特
105339,,105339,魂之缚-奇诺
105344,,105344,创世罪裁龙神-撒迦利亚
105346,,105346,凰权天下-帝女夙
105347,,105347,审判命运之战-奥丁大帝
105349,,105349,末裔之歌-海伦娜
105353,,105353,诸天神通-帝释天
105360,,105360,混沌寂烬-厄瑞玻斯
105361,,105361,苍松剑意-干将
105364,,105364,混沌始源万物终湮-卡奥斯
105365,,105365,生于哀骨之花-莉莉丝
105366,,105366,巨龙之子-明王
105370,,105370,尼伯龙根之主-法芙娜
105371,,105371,深渊缠绕者-利维坦
105376,,105376,晖光轮回女神-梅比乌斯
105377,,105377,冰霜亡域-巫妖王
105379,,105379,吾即深渊-拉莱耶
105380,,105380,吾即深渊-拉莱耶（支配者）
105381,,105381,吾即深渊-拉莱耶（真神）
105382,,105382,绝望轮回女神-梅比乌斯
105391,,105391,寰宇皆臣-女帝
105394,,105394,苍翠守望-终结兔
105397,,105397,终末的残响-奈亚
105400,,105400,审神律理-无冕之王
105402,,105402,断海沧澜-龙太子
105413,,105413,逐光深坠-克希拉
105414,,105414,白魔法师-真言诺亚
105427,,105427,寒夜破晓之刃-使者
105431,,105431,九柱神临缔世碑火-阿蒙王
105433,,105433,神威地龙-摩罗迦
105438,,105438,墟尽神临之噬-赫耳墨斯
105439,,105439,噬界傀人-赫耳墨斯
105443,,105443,星芒圣佑-创世星灵
105446,,105446,圣火炽天使-塞勒芙
105450,,105450,圣裁座天使-奥菲妮
105451,,105451,剑影迷踪-承影
105453,,105453,孤胆英雄-赵云
105457,,105457,吾即永恒-阿卜苏
105458,,105458,圣律智天使-姬露比
105464,,105464,万序之启-源
105467,,105467,灵骸烬染之潮-夜樱
105471,,105471,乘清气御阴阳-东皇太一
105474,,105474,浮游天地乘风去-逍遥
105475,,105475,瑶琴迷阵-诸葛亮
105482,,105482,坐忘无我化生万象-天道无极
105483,,105483,日月映海晨曦微露-羲和
105484,,105484,天人共铸-纯钧
105488,,105488,黑翎之妄朽界之暗-梵天
105489,,105489,武道至尊-龙皇辉斗
105491,,105491,幻相至尊-白皇星焰
105493,,105493,天启纪元缔世圣冕-梵天
105494,,105494,横戟破军-吕布
105502,,105502,神行至尊-玄皇耀凌
105505,,105505,复生者-帕克
105506,,105506,无畏重铠-达鲁
105509,,105509,诡影噬夜-黑翼王
105512,,105512,全维衍化之钥-阿比斯
105513,,105513,血月之引-露易丝
105514,,105514,异度刀姬-尤尼梅特
105515,,105515,灵智终端-黛拉
105523,,105523,建构终端-格莉娅
105524,,105524,幻游终端-妮娜
105526,,105526,圣仪临世-烈焰凤凰
105527,,105527,一剑封魂-白夜叉
105528,,105528,剑指天下-太阿
105532,,105532,穹星创迹苍宇生辉-银河
105539,,105539,空寂无尘万法唯心-阿赖耶识
105540,,105540,统界神权王者-帝皇龙
105544,,105544,绯龙之契源晶之辉-阿卜苏
105545,,105545,蛇影魔瞳-美杜莎
105552,,105552,星冕-愚者
105556,,105556,凝尘造界之星神-星尘
105561,,105561,龙吟瑞雪-圣王麒麟
105562,,105562,悟道成佛-孙悟空
105564,,105564,一桥一诺一相逢-梦
105572,,105572,忘川送魂-孟婆
105573,,105573,三生花缘-知世
105576,,105576,吞天黑潮-凯撒
105578,,105578,神霆点苍-奇灵王
105579,,105579,纵马引弓巾帼志-孙尚香
105588,,105588,曙天煌翼-修罗
105590,,105590,时序永前万境永在-时空王
105594,,105594,砂海栖心-洛羲
105597,,105597,日辉月影之扉-羲和
105598,,105598,虚堕之君王-贝利亚尔
105599,,105599,大河龙女-海纳百川
105607,,105607,荒原苍焰-狼王
105610,,105610,怒焰裁世-狂龙
105614,,105614,不朽龙主-巴哈姆特
105622,,105622,创界悯世之颂祷-龙母
105623,,105623,七罪圣裁-伊撒尔
105632,,105632,魅魇之惑-始祖影龙
105640,,105640,万理炽天使-K
105644,,105644,光穹永耀之辉-天使王
105645,,105645,预命之君王-瓦沙克
105657,,105657,纪元初光之回响-圣天伊
105659,,105659,雪域圣主-冰雪女皇
105663,,105663,诡匿之君王-巴拉姆
105680,,105680,天地之始祖-盘古
105685,,105685,日月时境御主-羲和
105689,,105689,纪元弈主-无冕之王
105691,,105691,灾变之君王-拜恩
105713,,105713,无尽轮回此间永恒-梅比乌斯
105717,,105717,暗潮星漩创界之渊-提亚玛特
105718,,105718,深空之眼-小宇宙
105723,,105723,纪元至高之引-海蒂拉玛
105724,,105724,渊秘之君王-派蒙
105731,,105731,绯鳞审判永恒龙辉-阿卜苏
105736,,105736,逆神意志-GOD无冕之王
105748,,105748,自然之母神-盖亚
105749,,105749,诱火之君王-阿斯摩太
105755,,105755,无竭命核-渡（不朽者）
105762,,105762,虚环-愚者
105764,,105764,大荒共主-天帝昊天
105772,,105772,愿光守夜之华-阿格蕾亚
105773,,105773,隐序之君王-普尔森
105779,,105779,深渊的回音-奈亚
105783,,105783,深渊的约定-克希拉
105791,,105791,深渊星阶-律
105792,,105792,腐殖之君王-贝雷特
105798,,105798,众神之尊-宙斯
105805,,105805,灼天​燎宇-上古龙女
105806,,105806,冥霆之君王-巴尔
105812,,105812,爱与美的恩泽-维纳斯
105830,,105830,星涡归溯隙间守望-银河
105839,,105839,万灵溯生之御-盖亚
105846,,105846,万识莲台​浮音渡世-阿赖耶识
105898,,105898,万魂映月之主-夜樱
110002,,110002,犀利兔
110003,,110003,大师兔
110005,,110005,吉拉狮
110006,,110006,爆焰吉拉
110008,,110008,露滴
110009,,110009,露西亚
110011,,110011,雪咪兔
110012,,110012,寒冰玉兔
110014,,110014,熔炎怪
110015,,110015,埃拉多夫
110017,,110017,电击河豚
110018,,110018,霹雳河豚
110020,,110020,半沙拳手
110021,,110021,半沙斗士
110023,,110023,小花蝶
110024,,110024,花冠狮
110027,,110027,依诗
110029,,110029,变色刺龙
110030,,110030,变色角龙
110033,,110033,鲨鱼王
110036,,110036,震天石人
110041,,110041,木角虫
110042,,110042,独角仙
110044,,110044,冰角犬
110045,,110045,飞天犬
110047,,110047,火霍仔
110048,,110048,火巨人
110051,,110051,奥特克林
110054,,110054,白古丁
110057,,110057,黑蝠王
110060,,110060,扭扭大王
110063,,110063,库斯特
110066,,110066,摩格
110068,,110068,乌可拉
110069,,110069,乌歌拉
110071,,110071,斯多恩
110072,,110072,斯多王
110075,,110075,歌拉迪
110078,,110078,铁甲卫士
110081,,110081,夜眼风魔
110084,,110084,蓝鹰斗士
110087,,110087,冰拳艾司
110090,,110090,沙麒麟
110093,,110093,木面侠
110096,,110096,金刚库巴
110099,,110099,火花龙
110102,,110102,合金猛将
110105,,110105,神武月
110108,,110108,利刺大黄蜂
110111,,110111,战无炎
110114,,110114,时间之神
110123,,110123,机甲勇士
110126,,110126,蝎子王
110129,,110129,彩羽贝拉
110132,,110132,暗夜卡伦
110135,,110135,魅影魔
110138,,110138,小翼鸟
110141,,110141,音速先锋
110144,,110144,雪雾怪
110147,,110147,芭比鹿
110150,,110150,冲锋魔方
110153,,110153,雷云狮
110155,,110155,闪电星
110156,,110156,霹雳星
110158,,110158,鬼脸仔
110159,,110159,电击拳仔
110162,,110162,法拉帝
110165,,110165,雷鸣托尔索
110168,,110168,神杖执事
110171,,110171,雅夫人
110174,,110174,赤炎战斗龙
110177,,110177,骰子大王
110180,,110180,夜一
110183,,110183,海马剑士
110185,,110185,鲁纳多
110189,,110189,犄角麋鹿
110192,,110192,修普森曼
110195,,110195,影刃
110198,,110198,卡布罗格
110201,,110201,轰天雷
110203,,110203,圣地亚
110204,,110204,圣地亚哥
110207,,110207,赤火野猪
110208,,110208,黑小问
110215,,110215,青龙灵兽
110218,,110218,守护力士
110219,,110219,守护法师
110220,,110220,蚁族圣斗士
110221,,110221,蚁族魔斗士
110222,,110222,贝德威尓
110223,,110223,兰斯罗特
110224,,110224,哥拉海德
110225,,110225,保斯
110227,,110227,变异蚁将军
110230,,110230,艾尔利克
110232,,110232,刺头甲
110233,,110233,坚盾甲
110238,,110238,阿努比斯
110240,,110240,法老王
110241,,110241,毒菇球
110242,,110242,金刚蛤蟆
110243,,110243,下水猛鳄
110249,,110249,尤莱亚
110255,,110255,活力企鹅
110258,,110258,水冻贝
110261,,110261,圆角木羊
110265,,110265,红火兔
110266,,110266,绿叶熊
110267,,110267,黄金朵朵兔
110271,,110271,小龙人
110278,,110278,烈焰鸟
110284,,110284,暴风沙克
110287,,110287,雪风铃
110293,,110293,焚天大圣
110296,,110296,棕叶战熊
110299,,110299,斑斓神马
110301,,110301,达鲁
110302,,110302,龙族重剑士
110303,,110303,龙族神射手
110305,,110305,龙族大法师
110317,,110317,天使莱特
110320,,110320,雷帝神
110328,,110328,SR战士
110339,,110339,霹雳闪电狗
110343,,110343,霸王钻
110346,,110346,海盗雷格
110349,,110349,暗夜紫管狐
110355,,110355,梦拉丽莎
110358,,110358,寒烈
110364,,110364,海夜叉
110366,,110366,小号卡卡
110367,,110367,提琴卡卡
110368,,110368,竖琴卡卡
110370,,110370,萨克斯卡卡
110371,,110371,伊尼
110372,,110372,功夫伊尼
110373,,110373,工程伊尼
110374,,110374,科学伊尼
110375,,110375,邮差伊尼
110382,,110382,十字匹诺
110383,,110383,音爵卡卡
110388,,110388,玄武灵兽
110393,,110393,犀牛小怪
110394,,110394,犀牛战豪
110397,,110397,红发战灵
110398,,110398,托马斯
110408,,110408,青翼绿龙
110411,,110411,卡拉
110414,,110414,火云牛斗士
110418,,110418,山脉之魂
110424,,110424,鸟族武士
110427,,110427,星光角斗士
110430,,110430,黑白国王
110433,,110433,伊雾女王
110436,,110436,黑暗守卫
110439,,110439,皓月鸟
110442,,110442,巨翅金鹏
110445,,110445,嘟嘟长老
110457,,110457,肥皂泡泡
110460,,110460,亚帝斯克
110463,,110463,变异库斯特
110469,,110469,雷纳瑞
110472,,110472,魂斗鱼
110475,,110475,浮云尊者
110484,,110484,魔力粉兔
110487,,110487,尖钻虎王
110493,,110493,年兽
110499,,110499,黄金粽总兵
110503,,110503,SR勇士
110504,,110504,先锋SR
110506,,110506,烈焰凤凰
110509,,110509,星云大圣
110512,,110512,小宇宙
110514,,110514,猪阿饼
110516,,110516,猪阿酱
110522,,110522,麦斗司令
110526,,110526,波塞亚斯
110533,,110533,犀牛鸟
110542,,110542,彩翼飞鱼
110545,,110545,金甲龙兽
110548,,110548,蓝鳍海鲨
110551,,110551,迪奥
110554,,110554,紫云长尾猫
110557,,110557,横行贝塔
110566,,110566,利牙海狮
110569,,110569,雨天娃娃
110571,,110571,蓝翎绒绒
110574,,110574,巨蟹魔法师
110577,,110577,飞云骑
110580,,110580,金银童子
110583,,110583,雷欧火狮
110598,,110598,伊符利特
110601,,110601,拉格纳罗斯
110608,,110608,安德鲁拉
110612,,110612,火纹羊驼
110615,,110615,蓝魅娃娃
110619,,110619,雪精灵
110620,,110620,冰晶女巫
110621,,110621,冰山修罗
110622,,110622,冰蝠侠
110624,,110624,白虎灵兽
110633,,110633,极速威锋
110639,,110639,满月巨灵
110641,,110641,兔儿爷
110643,,110643,魔灯鬼王
110644,,110644,巨斧鬼王
110650,,110650,绿光精灵
110653,,110653,飞天独角兽
110654,,110654,仙林独角兽
110655,,110655,先哲独角兽
110656,,110656,铠甲独角兽
110659,,110659,电击拳怪
110662,,110662,阿斯特雷亚
110665,,110665,天之巨灵
110672,,110672,兵仔童童
110673,,110673,勇士童童
110678,,110678,赤砂巨蝎
110682,,110682,黑夜童心
110697,,110697,魔术小呆
110699,,110699,魔幻摩卡
110701,,110701,野绿战魂
110704,,110704,冰霜射手
110710,,110710,紫晶海兽
110711,,110711,达黑黑
110715,,110715,远古灵龟
110728,,110728,凯撒残影
110731,,110731,修罗
110794,,110794,奇灵王
110815,,110815,丸少爷
110884,,110884,猪猪超人
110946,,110946,紫渊
110951,,110951,小布
110973,,110973,红魔
111081,,111081,奇奇
111086,,111086,绿焰
111121,,111121,洛洛
111122,,111122,狼王迪洛斯
111124,,111124,夜王狄米特
111125,,111125,妙妙
111139,,111139,炽羽火燕
111157,,111157,海门
111166,,111166,小米
111170,,111170,夜兰
111237,,111237,阿宝
111239,,111239,乐乐
111247,,111247,阿莫
111263,,111263,南瓜车车
111319,,111319,小伊
111321,,111321,小迦
111426,,111426,黑炎龙
111754,,111754,炎王
111767,,111767,霜炎法神
111777,,111777,帝卡
111792,,111792,天怒
111812,,111812,疾星
111825,,111825,明王·巨龙态
111861,,111861,龙刃
111873,,111873,冰罗皇
111884,,111884,伊乐
111896,,111896,圣·天伊
111902,,111902,炽天
111946,,111946,坠星
111948,,111948,破军
111977,,111977,源
112061,,112061,魔小兵
112203,,112203,白皇星焰
112227,,112227,暗行罗刹
112387,,112387,上古星龙
112412,,112412,噬心黑龙
112440,,112440,星魔
112455,,112455,滔天白虎
112470,,112470,百变愚人盒
112493,,112493,东皇天
112501,,112501,东皇道
112508,,112508,小阳
112511,,112511,东皇无
112517,,112517,东皇极
112549,,112549,游乐百变盒
112590,,112590,乾坤修罗神
112595,,112595,阴
112603,,112603,超念
112611,,112611,天帝龙皇
112671,,112671,神·白皇星焰
112681,,112681,天鹰雨果
112689,,112689,神·雀皇紫辰
112696,,112696,神·玄皇耀凌
112701,,112701,神·龙皇辉斗
112774,,112774,归零者
112901,,112901,麦迪文
112926,,112926,暗夜辰星
112961,,112961,天神白
112963,,112963,天神劫
112998,,112998,白翼御天使银
113001,,113001,六翼堕天使戮
113016,,113016,金翼炽天使K
113028,,113028,天使王·完全体
113046,,113046,战火之王
113075,,113075,黑翼王·完全体
113079,,113079,貘·完全体
113087,,113087,战火之王·完全体
113090,,113090,无冕之王·完全体
113145,,113145,圣修暗凯帝·完全体
113168,,113168,冥夜君狼王·完全体
113172,,113172,龙吟守·完全体
113173,,113173,八岐蛇魂·暗
113176,,113176,传奇圣天伊
113180,,113180,传奇阿波罗
113187,,113187,传奇Zeta
113188,,113188,传奇哈迪斯
113193,,113193,传奇阴
113194,,113194,传奇阳
113196,,113196,传奇天道无极
113207,,113207,传奇月神
113216,,113216,传奇奇灵王
113222,,113222,传奇雷帝神
113224,,113224,传奇炎帝
113234,,113234,传奇黑翼王
113274,,113274,传奇夜王
113277,,113277,传奇狼王
113288,,113288,传奇天使王
113298,,113298,力量王
113380,,113380,[王者羁绊]圣天伊
113381,,113381,[远古精灵王]伊撒尔
113384,,113384,[斗转星移]智慧王
113390,,113390,[太阳]烛照
113406,,113406,[未来精灵王]梵天（个体）
113408,,113408,[亘古鸿蒙]力量王
113424,,113424,[万王加冕]圣王麒麟
113427,,113427,[太阳神]阿波罗
113454,,113454,[星界霸主]上古星龙
113472,,113472,[圣光之子]修罗
113474,,113474,[圣堂祭祀]夕颜
113479,,113479,[圣堂刺客]半夏
113482,,113482,[圣堂之主]舜华
113498,,113498,土·灭世魔龙
113620,,113620,[时间法则]王者伊撒尔
113664,,113664,[神爱世人]王者天使王
113666,,113666,[湮灭诸天]九曜
113667,,113667,[湮灭诸天]九曜
113923,,113923,星辉时代·圣天伊
113925,,113925,星辉少女·小熊座
113926,,113926,辉煌城主·天龙座的幻影
113928,,113928,救世天幕·时空王
113930,,113930,绯红女王·大熊座
113932,,113932,天穹之君·仙王座
113936,,113936,自由女王·拜伦
113937,,113937,末世樱剑舞·千夏
113950,,113950,无双剑意·剑帝修纳的幻影
113953,,113953,末世红镰闪·希尔瓦娜斯
113954,,113954,春晖神女·可兰
113958,,113958,神之审判·白天使王
113959,,113959,魔之禁锢·黑天使王
113963,,113963,大魔王·地
113975,,113975,万世龙尊·帝皇龙
113979,,113979,真炎神君·菲尔
113981,,113981,东方灵兽·青龙
113982,,113982,南方灵兽·朱雀
113983,,113983,开天地创净土·盘古
113985,,113985,北方灵兽·玄武
113989,,113989,大暗黑·天
113990,,113990,无烬噩梦·伊撒尔的幻影
113997,,113997,守径者怪物
114027,,114027,春晖暖·立春
114036,,114036,未来计划·黯帝修罗
114037,,114037,未来计划·暴君凯撒
114041,,114041,源水风暴·梅卡
114042,,114042,星尊裁决·上古星龙的幻影
114043,,114043,未来计划·嗜血狼王
114044,,114044,正当时·小满
114046,,114046,龙魂永曜·龍
114048,,114048,未来计划·噬魂夜王
114050,,114050,破虚空衍群龙·龙母
114057,,114057,未来计划·神秘战无炎
114060,,114060,星辰造世·奇灵王
114064,,114064,空间魂梦·伊撒尔
114073,,114073,花间序·薇薇安
114083,,114083,天堂创世之光·王者天使王
114119,,114119,未来之貌·羲和
114120,,114120,梦幻绮丽之夜·羲和
114127,,114127,GOD·无冕之王
114128,,114128,深渊之主·拉莱耶
114132,,114132,深渊の凝视·奈亚
114165,,114165,九黎兵主·蚩尤的幻影
114166,,114166,伐天堕神·刑天
114174,,114174,十殿阎罗·地藏王
114193,,114193,彼岸永望·孟婆
114203,,114203,不语奈何·知世的幻影
114207,,114207,月冕之曜·阿尔忒弥斯
114212,,114212,幽径拾光·达芙妮
114216,,114216,照世之澜·梅卡
114217,,114217,虚数重构·黛依
114229,,114229,生命礼赞·可兰
114233,,114233,零阶·愚者
114236,,114236,逆理·世界
114246,,114246,魔神·以撒
114248,,114248,星轨圣裁之回响·传说羲和
114256,,114256,崩坏·天使王
114264,,114264,灰烬熔芯·胜遇的幻影
114266,,114266,地隐微澜·小锦鲤
114281,,114281,玄鹤游方·翎
114282,,114282,凰诏天赦·烈焰凤凰
114292,,114292,绝望·尼德霍格
114307,,114307,百药先祖·神农
114310,,114310,云墨苍生·玄霄
114313,,114313,日月曜重光·盘古
114314,,114314,后土圣女·岁岁祈（神启者）
114329,,114329,全知·律
114335,,114335,权御万界·天帝昊天
114337,,114337,恶业轮回·魔君夜渊
114353,,114353,应天·源
114364,,114364,苍雷怒涛·风暴龙
114366,,114366,末世幽火悯·赫菲斯托斯
114367,,114367,神域初晓之刻·王者龙母
114374,,114374,绝对水域·王者梅卡
114385,,114385,精英·守径者怪物
114396,,114396,魔神之影·无形
114398,,114398,巨神撼世·骸
114411,,114411,解构·王者世界
114412,,114412,尔等为臣·女帝
114418,,114418,旧约断罪书·撒迦利亚
114428,,114428,泰坦巨神王·普罗米修斯
114443,,114443,深潜者·克拉肯
114454,,114454,缠绕者·利维坦
114457,,114457,深渊意志·拉莱耶
114482,,114482,繁星流转宇宙生灭·银河
114484,,114484,暗物质创世母神·提亚玛特
114495,,114495,命运福音·亚当
114503,,114503,绿野扉光·王者可兰
114517,,114517,众生自然之灵·盖亚
114525,,114525,无垢幻境·白皇星焰
114584,,114584,天道秩序之尊·乾坤
114643,,114643,虚空权能之神·格劳孔
114866,,114866,灯笼精灵-伊撒尔
114867,,114867,灯笼精灵-可兰
114868,,114868,净化之光-拉克丝
114869,,114869,梦幻之光-罗塔纱
114870,,114870,灯笼精灵-梅卡
114871,,114871,灯笼精灵-圣天伊
114872,,114872,火之精灵王-菲尔
114874,,114874,暗月千面-艾琳
114875,,114875,守护之光-米垭
114879,,114879,神羽曙光-奥天
114880,,114880,重枪风暴-合金猛将
114881,,114881,圣窗余晖-米迦勒
114882,,114882,繁星余迹-路西法
114883,,114883,绝代兵神-韩信
114884,,114884,神峰圣护-山脉之魂的幻影
114890,,114890,幽冥主宰-哈迪斯
114891,,114891,怒海狂潮-金刚库巴
114892,,114892,猩红序曲-露易丝
114893,,114893,绿叶咆哮-棕叶战熊
114899,,114899,生命使徒-瓦利
114900,,114900,灵魂使徒-卡莉
114904,,114904,天使圣音-姬露比
114909,,114909,寰宇鎏金星河入怀-银河
114910,,114910,千古一帝-秦始皇嬴政
114911,,114911,无我之境-力量王
114916,,114916,陨星-愚者
114917,,114917,福瑞降人间-圣王麒麟
114920,,114920,圣宇星轨时扉之光-羲和
114921,,114921,GOD-无冕之王
114922,,114922,GOD-无冕之王
114925,,114925,执掌因果万世轮回-帝俊
114926,,114926,瑞兔赐福-卯小兔
114927,,114927,浮生浮灭万意恒常-阿赖耶识
114939,,114939,旃檀功德-唐三藏
114940,,114940,齐天大圣-孙悟空
114941,,114941,德安万世-唐太宗李世民
114945,,114945,众里寻他千百度-梦
114946,,114946,心炉幻影·二
114947,,114947,海枯之心-白京京
114952,,114952,谪仙剑无双-李白
114953,,114953,暗能涌动星海创生-提亚玛特
114955,,114955,凛冬之意-瓦格纳
114957,,114957,剑影抚落忆-孙尚香
114958,,114958,清辉映星河-望舒
114959,,114959,三位一体-至尊精灵王
114960,,114960,卷帘大将-沙悟净
114964,,114964,深渊安魂曲-奈亚
114965,,114965,天道暗御-阴
114967,,114967,踏阴阳定荒宇-东皇太一
114968,,114968,引尘造万物-星尘
114969,,114969,天道曜护-阳
114971,,114971,阴阳割昏晓-天道无极
114973,,114973,霜佑北境-帕里斯
114977,,114977,千山落樱之辉-夜樱
114978,,114978,荷风引水色-瑠璃的幻影
114979,,114979,大汉天子-汉武帝刘彻
114980,,114980,月魄孤影-神武月
114987,,114987,神炎日冕-战无炎
114994,,114994,至圣神王裁决-奥丁大帝
114995,,114995,源星之归引-上古星龙
114996,,114996,深渊穿梭者-律
114999,,114999,救世的执妄愚人-公爵
115000,,115000,星穹庇世之翼-赫耳墨斯
115007,,115007,永劫破灭混沌至尊-卡奥斯
115008,,115008,一代天骄-成吉思汗铁木真
115009,,115009,枯骨之花-莉莉丝
115019,,115019,创灵众生-通灵王
115020,,115020,白灵之尊-狼王
115021,,115021,万世独霸龙族至尊-帝皇龙
115022,,115022,荒宇独霸-帝皇龙
115023,,115023,倾世之寒-始祖冰龙
115025,,115025,星轨圣裁之回响-羲和（魔镜）
115026,,115026,雅克守护者-神罗麦提
115030,,115030,破虚空衍群龙-龙母
115033,,115033,龙族新歌-玲玲珑
115038,,115038,斐灵之心-皮塔
115042,,115042,圣树临辉光暗双耀-奇灵王
115043,,115043,慧心渊识之智-密涅瓦
115050,,115050,春晖神女-可兰
115052,,115052,湍流激越-橙李
115053,,115053,戮器仁心-帝刃
115055,,115055,天国守护者-白天使王
115056,,115056,黑暗之翼-黑天使王
115066,,115066,神兵护佑-圣盾
115074,,115074,睥睨众臣-女帝
115075,,115075,至高启示-真理之后
115082,,115082,深渊之契-绮美拉
115083,,115083,绝影蚀月-黑翼王
115084,,115084,幽冥千炼-鬼墨无忧
115087,,115087,武绝凌天-貘
115093,,115093,棋临无间-无冕之王
115096,,115096,冥骸蚀暗-阿修罗
115097,,115097,逐梦追光-布灵灵
115104,,115104,王者加冕-圣天伊
115105,,115105,王者加冕-黄金圣天伊
115111,,115111,无垠-愚者
115112,,115112,陨灭-世界
115114,,115114,博物馆奇妙夜-梁龙
115118,,115118,邃古凌苍-日月战武神
115121,,115121,混沌恩赐-厄瑞玻斯
115122,,115122,万象始源之刻-赫耳墨斯
115124,,115124,鸣劫制裁-雷霆青龙
115130,,115130,漆夜破空之刃-使者
115131,,115131,漆漆-使者
115136,,115136,万王天谕-圣王麒麟
115137,,115137,天地惊弦-六龙圣王
115142,,115142,圣魂觉醒-伊撒尔
115143,,115143,时序之光-洛羲
115147,,115147,绝天穿梭之界-时空王
115152,,115152,极乐欲界天魔主-波旬
115153,,115153,神威重壁-惊涛玄武
115154,,115154,圣铃妙音众识浮沉-阿赖耶识
115162,,115162,真炎神君-菲尔
115163,,115163,傲凡尘启仙灵-女娲
115171,,115171,伊甸园的余晖-亚当
115174,,115174,超越纪元的新生-海蒂拉玛
115175,,115175,无言的祈愿-海蒂拉玛
115182,,115182,源水风暴-梅卡
115187,,115187,星宇之隙穹宙之辉-银河
115188,,115188,万神之王-宙斯
115193,,115193,黄泉归引-孟婆
115196,,115196,造自然耀万物-盖亚
115197,,115197,荒秽堕墟-阿波菲斯
115199,,115199,自然恩赐-薇薇安
115203,,115203,恶魔之主-撒旦
115206,,115206,始祖大天使-尼斯洛克
115207,,115207,地狱天使-纳菲利姆
115208,,115208,夜与月的蔷薇-夜兰
115214,,115214,绝望噬影-尼德霍格
115217,,115217,神兽尊主-苍穹圣龙
115219,,115219,破天之黑刃-凯撒
115225,,115225,异界史诗-渡
115226,,115226,异界史诗-渡（不朽者）
115230,,115230,狂肆之旅-邪神
115231,,115231,葬魂曲-死神弥尔
115235,,115235,瞰世之棘-亘古树灵
115236,,115236,余烬初王-洛兰
115240,,115240,霜寒冰域-上古龙女
115241,,115241,炽天炎境-上古龙女
115243,,115243,缘分一线牵-小狐仙
115247,,115247,天道秩序诸界主宰-乾坤
115253,,115253,爱与美的赞歌-维纳斯
115254,,115254,大道无名-天命王
115257,,115257,天穹苍翼-圣修暗凯帝
115258,,115258,魔神再临-以撒
115262,,115262,冰与火之舞-炽寒天凤
115265,,115265,永恒炽阳-神阿波罗
115272,,115272,创世织梦之眷-赫耳墨斯
115275,,115275,如星永伴长夜-梦
115283,,115283,炎刃燎原-赤霄
115289,,115289,破晓圣光-白羽公主
115291,,115291,原初骑士-洛兰
115293,,115293,横扫三界-孙悟空
115294,,115294,恶魔的私语-路西法
115295,,115295,永夜之主-夜王
115299,,115299,幻世镜梦-谴
115300,,115300,翼龙之子-凌风
115301,,115301,长夜墟渊-烛龙
115304,,115304,超界奇迹-龙星诺
115307,,115307,浮士德-归零者
115314,,115314,青山沐日天地无疆-盘古
115315,,115315,后土玄黄-岁岁祈
115316,,115316,梵星音律-乾达婆
115318,,115318,月辉奇迹-月亮星诺
115324,,115324,星启万象-智慧王
115327,,115327,次元守护-伊撒尔
115328,,115328,沙都守护者-曼珠沙华
115330,,115330,诺言之神-星诺玛
115332,,115332,金翅神羽-迦楼罗
115336,,115336,群星守护寰宇光辉-神银河
115337,,115337,暗宇之质万物之初-提亚玛特
115339,,115339,魂之缚-奇诺
115344,,115344,创世罪裁龙神-撒迦利亚
115346,,115346,凰权天下-帝女夙
115347,,115347,审判命运之战-奥丁大帝
115349,,115349,末裔之歌-海伦娜
115351,,115351,神国圣赐之羽-弗丽嘉
115353,,115353,诸天神通-帝释天
115360,,115360,混沌寂烬-厄瑞玻斯
115361,,115361,苍松剑意-干将
115364,,115364,混沌始源万物终湮-卡奥斯
115365,,115365,生于哀骨之花-莉莉丝
115366,,115366,巨龙之子-明王
115370,,115370,尼伯龙根之主-法芙娜
115376,,115376,晖光轮回女神-梅比乌斯
115377,,115377,冰霜亡域-巫妖王
115379,,115379,吾即深渊-拉莱耶
115380,,115380,吾即深渊-拉莱耶（支配者）
115381,,115381,吾即深渊-拉莱耶（真神）
115391,,115391,寰宇皆臣-女帝
115397,,115397,终末的残响-奈亚
115400,,115400,审神律理-无冕之王
115402,,115402,断海沧澜-龙太子
115413,,115413,逐光深坠-克希拉
115414,,115414,白魔法师-真言诺亚
115427,,115427,寒夜破晓之刃-使者
115431,,115431,九柱神临缔世碑火-阿蒙王
115433,,115433,神威地龙-摩罗迦
115438,,115438,墟尽神临之噬-赫耳墨斯
115439,,115439,噬界傀人-赫耳墨斯
115443,,115443,星芒圣佑-创世星灵
115446,,115446,圣火炽天使-塞勒芙
115450,,115450,圣裁座天使-奥菲妮
115451,,115451,剑影迷踪-承影
115453,,115453,孤胆英雄-赵云
115457,,115457,吾即永恒-阿卜苏
115458,,115458,圣律智天使-姬露比
115464,,115464,万序之启-源
115467,,115467,灵骸烬染之潮-夜樱
115471,,115471,乘清气御阴阳-东皇太一
115474,,115474,浮游天地乘风去-逍遥
115482,,115482,坐忘无我化生万象-天道无极
115483,,115483,日月映海晨曦微露-羲和
115488,,115488,黑翎之妄朽界之暗-梵天
115489,,115489,武道至尊-龙皇辉斗
115491,,115491,幻相至尊-白皇星焰
115493,,115493,天启纪元缔世圣冕-梵天
115494,,115494,横戟破军-吕布
115502,,115502,神行至尊-玄皇耀凌
115505,,115505,复生者-帕克
115506,,115506,无畏重铠-达鲁
115509,,115509,诡影噬夜-黑翼王
115512,,115512,全维衍化之钥-阿比斯
115513,,115513,血月之引-露易丝
115514,,115514,异度刀姬-尤尼梅特
115515,,115515,灵智终端-黛拉
115523,,115523,建构终端-格莉娅
115524,,115524,幻游终端-妮娜
115526,,115526,圣仪临世-烈焰凤凰
115527,,115527,一剑封魂-白夜叉
115528,,115528,剑指天下-太阿
115532,,115532,穹星创迹苍宇生辉-银河
115539,,115539,空寂无尘万法唯心-阿赖耶识
115540,,115540,统界神权王者-帝皇龙
115544,,115544,绯龙之契源晶之辉-阿卜苏
115545,,115545,蛇影魔瞳-美杜莎
115552,,115552,星冕-愚者
115556,,115556,凝尘造界之星神-星尘
115561,,115561,龙吟瑞雪-圣王麒麟
115562,,115562,悟道成佛-孙悟空
115564,,115564,一桥一诺一相逢-梦
115572,,115572,忘川送魂-孟婆
115573,,115573,三生花缘-知世
115576,,115576,吞天黑潮-凯撒
115578,,115578,神霆点苍-奇灵王
115579,,115579,纵马引弓巾帼志-孙尚香
115590,,115590,时序永前万境永在-时空王
115594,,115594,砂海栖心-洛羲
115597,,115597,日辉月影之扉-羲和
115598,,115598,虚堕之君王-贝利亚尔
115607,,115607,荒原苍焰-狼王
115610,,115610,怒焰裁世-狂龙
115614,,115614,不朽龙主-巴哈姆特
115622,,115622,创界悯世之颂祷-龙母
115623,,115623,七罪圣裁-伊撒尔
115632,,115632,魅魇之惑-始祖影龙
115640,,115640,万理炽天使-K
115644,,115644,光穹永耀之辉-天使王
115645,,115645,预命之君王-瓦沙克
115657,,115657,纪元初光之回响-圣天伊
115659,,115659,雪域圣主-冰雪女皇
115663,,115663,诡匿之君王-巴拉姆
115680,,115680,天地之始祖-盘古
115685,,115685,日月时境御主-羲和
115689,,115689,纪元弈主-无冕之王
115691,,115691,灾变之君王-拜恩
115717,,115717,暗潮星漩创界之渊-提亚玛特
115718,,115718,深空之眼-小宇宙
115723,,115723,纪元至高之引-海蒂拉玛
115724,,115724,渊秘之君王-派蒙
115731,,115731,绯鳞审判永恒龙辉-阿卜苏
115736,,115736,逆神意志-GOD无冕之王
115748,,115748,自然之母神-盖亚
115749,,115749,诱火之君王-阿斯摩太
115755,,115755,无竭命核-渡（不朽者）
115764,,115764,大荒共主-天帝昊天
115772,,115772,愿光守夜之华-阿格蕾亚
115773,,115773,隐序之君王-普尔森
115779,,115779,深渊的回音-奈亚
115783,,115783,深渊的约定-克希拉
115791,,115791,深渊星阶-律
115792,,115792,腐殖之君王-贝雷特
115798,,115798,众神之尊-宙斯
115805,,115805,灼天​燎宇-上古龙女
115806,,115806,冥霆之君王-巴尔
115812,,115812,爱与美的恩泽-维纳斯
115830,,115830,星涡归溯隙间守望-银河
115839,,115839,万灵溯生之御-盖亚
115898,,115898,万魂映月之主-夜樱
120005,,120005,吉拉狮
120006,,120006,爆焰吉拉
120009,,120009,露西亚
120105,,120105,神武月
120111,,120111,战无炎
120153,,120153,雷云狮
120215,,120215,青龙灵兽
120216,,120216,兵蚁
120217,,120217,工蚁
120218,,120218,守护力士
120219,,120219,守护法师
120220,,120220,蚁族圣斗士
120221,,120221,蚁族魔斗士
120222,,120222,贝德威尓
120223,,120223,兰斯罗特
120224,,120224,哥拉海德
120225,,120225,保斯
120226,,120226,蚁将军
120227,,120227,变异蚁将军
120241,,120241,毒菇球
120242,,120242,金刚蛤蟆
120243,,120243,下水猛鳄
120244,,120244,牛角滴滴
120249,,120249,尤莱亚
120271,,120271,小龙人
120278,,120278,烈焰鸟
120301,,120301,达鲁
120320,,120320,雷帝神
120328,,120328,SR战士
120388,,120388,玄武灵兽
120415,,120415,埃黑多夫
120421,,120421,冰沙斗士
120427,,120427,星光角斗士
120436,,120436,黑暗守卫
120448,,120448,冰火巨人
120466,,120466,冰摩格
120504,,120504,先锋SR
120624,,120624,白虎灵兽
120728,,120728,凯撒
120731,,120731,修罗
120794,,120794,奇灵王
120973,,120973,红魔
120999,,120999,拉贝尔幻影
121001,,121001,变异库斯特
121122,,121122,狼王迪洛斯
121124,,121124,夜王狄米特
121426,,121426,黑炎龙
121754,,121754,炎王
121777,,121777,帝卡
121792,,121792,天怒
121812,,121812,疾星
121825,,121825,斗罗明王
121861,,121861,龙刃
121873,,121873,冰罗皇
121884,,121884,伊乐
121893,,121893,擎空
121896,,121896,圣·天伊
121902,,121902,炽天
121946,,121946,坠星
121977,,121977,源
122061,,122061,魔小兵
122227,,122227,暗行罗刹
122387,,122387,上古星龙
122412,,122412,噬心黑龙
122440,,122440,星魔
122470,,122470,百变愚人盒
122511,,122511,东皇无
122549,,122549,游乐百变盒
122590,,122590,乾坤修罗神
122595,,122595,阴
122603,,122603,超念
122611,,122611,天帝龙皇
122671,,122671,神·白皇星焰
122681,,122681,天鹰雨果
122689,,122689,神·雀皇紫辰
122696,,122696,神·玄皇耀凌
122701,,122701,神·龙皇辉斗
122901,,122901,麦迪文
122961,,122961,天神白
122998,,122998,白翼御天使银
123001,,123001,六翼堕天使戮
123030,,123030,乾坤修罗神·完全体
123046,,123046,战火之王
123079,,123079,貘·完全体
123087,,123087,战火之王·完全体
123090,,123090,无冕之王·完全体
123168,,123168,冥夜君狼王·完全体
123173,,123173,八岐蛇魂·上古
123176,,123176,传奇圣天伊
123187,,123187,传奇Zeta
123193,,123193,传奇阴
123194,,123194,传奇阳
123207,,123207,传奇月神
123216,,123216,传奇奇灵王
123224,,123224,传奇炎帝
123234,,123234,传奇黑翼王
123288,,123288,传奇天使王
123380,,123380,[王者羁绊]圣天伊
123381,,123381,[远古精灵王]伊撒尔
123384,,123384,[斗转星移]智慧王
123408,,123408,[亘古鸿蒙]力量王
123424,,123424,[万王加冕]圣王麒麟
123427,,123427,[太阳神]阿波罗
123454,,123454,[星界霸主]上古星龙
123472,,123472,[圣光之子]修罗
123474,,123474,[圣堂祭祀]夕颜
123479,,123479,[圣堂刺客]半夏
123482,,123482,[圣堂之主]舜华
123498,,123498,数码·灭世魔龙
123620,,123620,[时间法则]王者伊撒尔
123666,,123666,[湮灭诸天]九曜
123667,,123667,[湮灭诸天]九曜
123869,,123869,[君临四象]王者万灵王
123925,,123925,星辉少女·小熊座
123926,,123926,辉煌城主·天龙座的幻影
123930,,123930,绯红女王·大熊座
123932,,123932,天穹之君·仙王座
123950,,123950,无双剑意·剑帝修纳
123953,,123953,末世红镰闪·希尔瓦娜斯
123958,,123958,神之审判·白天使王
123959,,123959,魔之禁锢·黑天使王
123963,,123963,大魔王·地
123975,,123975,万世龙尊·帝皇龙
123979,,123979,真炎神君·菲尔
123981,,123981,东方灵兽·青龙
123982,,123982,南方灵兽·朱雀
123983,,123983,开天地创净土·盘古
123985,,123985,北方灵兽·玄武
123989,,123989,大暗黑·天
123990,,123990,无烬噩梦·伊撒尔的幻影
123997,,123997,森林之息·花冠公主
124027,,124027,春晖暖·立春
124036,,124036,未来计划·黯帝修罗
124037,,124037,未来计划·暴君凯撒
124041,,124041,源水风暴·梅卡
124042,,124042,星尊裁决·上古星龙
124043,,124043,未来计划·嗜血狼王
124044,,124044,正当时·小满
124048,,124048,未来计划·噬魂夜王
124060,,124060,星辰造世·奇灵王
124064,,124064,空间魂梦·伊撒尔
124083,,124083,天堂创世之光·王者天使王
124119,,124119,[YES.I.DO]羲和
124120,,124120,梦幻绮丽之夜·羲和
124127,,124127,GOD·无冕之王
124128,,124128,深渊之主·拉莱耶
124132,,124132,深渊の凝视·奈亚
124165,,124165,九黎兵主·蚩尤的幻影
124166,,124166,伐天堕神·刑天
124174,,124174,十殿阎罗·地藏王
124193,,124193,彼岸永望·孟婆
124203,,124203,不语奈何·知世的幻影
124207,,124207,月冕之曜·阿尔忒弥斯
124212,,124212,幽径拾光·达芙妮
124217,,124217,虚数重构·黛依
124229,,124229,生命礼赞·可兰
124233,,124233,零阶·愚者
124236,,124236,逆理·世界
124246,,124246,魔神·以撒
124248,,124248,女仆·羲和
124256,,124256,崩坏·天使王
124264,,124264,灰烬熔芯·胜遇
124266,,124266,地隐微澜·小锦鲤
124282,,124282,凰诏天赦·烈焰凤凰
124292,,124292,绝望·尼德霍格
124307,,124307,百药先祖·神农
124310,,124310,云墨苍生·玄霄
124313,,124313,日月曜重光·盘古
124314,,124314,后土圣女·岁岁祈（神启者）
124335,,124335,权御万界·天帝昊天
124337,,124337,恶业轮回·魔君夜渊
124364,,124364,苍雷怒涛·风暴龙
124366,,124366,末世幽火悯·赫菲斯托斯
124367,,124367,神域初晓之刻·王者龙母
124374,,124374,绝对水域·王者梅卡
124385,,124385,苍龙御天·帝皇龙
124396,,124396,武绝凌天·传说貘
124398,,124398,巨神撼世·骸
124411,,124411,解构·王者世界
124418,,124418,旧约断罪书·撒迦利亚
124428,,124428,泰坦巨神王·普罗米修斯
124443,,124443,深潜者·克拉肯
124454,,124454,缠绕者·利维坦
124457,,124457,深渊意志·拉莱耶
124482,,124482,繁星流转宇宙生灭·银河
124495,,124495,命运福音·亚当
124503,,124503,绿野扉光·王者可兰
124517,,124517,众生自然之灵·盖亚
124584,,124584,天道秩序之尊·乾坤
124643,,124643,虚空权能之神·格劳孔
124866,,124866,光启精灵王-伊撒尔
124867,,124867,木之精灵王-可兰
124868,,124868,净化之光-拉克丝
124869,,124869,梦幻之光-罗塔纱
124870,,124870,水之精灵王-梅卡
124871,,124871,灯笼精灵-圣天伊
124872,,124872,火之精灵王-菲尔
124874,,124874,暗月千面-艾琳
124875,,124875,守护之光-米垭
124879,,124879,神羽曙光-奥天的幻影
124880,,124880,重枪风暴-合金猛将
124881,,124881,圣窗余晖-米迦勒
124882,,124882,繁星余迹-路西法
124883,,124883,绝代兵神-韩信
124884,,124884,神峰圣护-山脉之魂
124890,,124890,幽冥主宰-哈迪斯
124891,,124891,木人桩-超数码系
124892,,124892,猩红序曲-露易丝
124893,,124893,绿叶咆哮-棕叶战熊
124898,,124898,永恒源晶裁决之龙-阿卜苏
124899,,124899,生命使徒-瓦利
124900,,124900,灵魂使徒-卡莉
124904,,124904,天使圣音-姬露比
124909,,124909,寰宇鎏金星河入怀-银河
124910,,124910,千古一帝-秦始皇嬴政
124911,,124911,无我之境-力量王
124916,,124916,陨星-愚者
124917,,124917,福瑞降人间-圣王麒麟
124920,,124920,圣宇星轨时扉之光-羲和
124921,,124921,GOD-无冕之王
124922,,124922,GOD-无冕之王
124925,,124925,执掌因果万世轮回-帝俊
124926,,124926,瑞兔赐福-卯小兔
124927,,124927,浮生浮灭万意恒常-阿赖耶识
124939,,124939,旃檀功德-唐三藏
124940,,124940,齐天大圣-孙悟空
124941,,124941,德安万世-唐太宗李世民
124945,,124945,众里寻他千百度-梦
124946,,124946,众生乐土万灵随行-末那
124947,,124947,海枯之心-白京京
124952,,124952,谪仙剑无双-李白的幻影
124953,,124953,暗能涌动星海创生-提亚玛特
124955,,124955,凛冬之意-瓦格纳
124957,,124957,剑影抚落忆-孙尚香
124958,,124958,清辉映星河-望舒
124959,,124959,三位一体-至尊精灵王
124960,,124960,卷帘大将-沙悟净
124964,,124964,深渊安魂曲-奈亚
124967,,124967,踏阴阳定荒宇-东皇太一
124968,,124968,引尘造万物-星尘
124969,,124969,天道曜护-阳
124971,,124971,阴阳割昏晓-天道无极
124973,,124973,霜佑北境-帕里斯
124977,,124977,千山落樱之辉-夜樱
124978,,124978,荷风引水色-瑠璃
124979,,124979,大汉天子-汉武帝刘彻
124980,,124980,月魄孤影-神武月
124987,,124987,神炎日冕-战无炎
124994,,124994,至圣神王裁决-奥丁大帝
124995,,124995,源星之归引-上古星龙
124996,,124996,深渊穿梭者-律
124999,,124999,救世的执妄愚人-公爵
125000,,125000,星穹庇世之翼-赫耳墨斯
125007,,125007,永劫破灭混沌至尊-卡奥斯
125008,,125008,一代天骄-成吉思汗铁木真
125009,,125009,枯骨之花-莉莉丝
125019,,125019,创灵众生-通灵王
125020,,125020,白灵之尊-狼王
125021,,125021,万世独霸龙族至尊-帝皇龙
125022,,125022,荒宇独霸-帝皇龙
125023,,125023,倾世之寒-始祖冰龙
125025,,125025,星轨圣裁之回响-羲和
125026,,125026,雅克守护者-神罗麦提
125030,,125030,破虚空衍群龙-龙母
125038,,125038,斐灵之心-皮塔
125042,,125042,圣树临辉光暗双耀-奇灵王
125043,,125043,慧心渊识之智-密涅瓦
125050,,125050,春晖神女-可兰
125052,,125052,湍流激越-橙李
125053,,125053,戮器仁心-帝刃
125055,,125055,天国守护者-白天使王
125056,,125056,黑暗之翼-黑天使王
125074,,125074,睥睨众臣-女帝
125075,,125075,至高启示-真理之后
125082,,125082,深渊之契-绮美拉
125083,,125083,绝影蚀月-黑翼王
125084,,125084,幽冥千炼-鬼墨无忧
125087,,125087,武绝凌天-貘
125093,,125093,棋临无间-无冕之王
125096,,125096,冥骸蚀暗-阿修罗
125097,,125097,逐梦追光-布灵灵
125104,,125104,王者加冕-圣天伊
125105,,125105,王者加冕-黄金圣天伊
125111,,125111,无垠-愚者
125112,,125112,陨灭-世界
125114,,125114,博物馆奇妙夜-梁龙
125118,,125118,邃古凌苍-日月战武神
125121,,125121,混沌恩赐-厄瑞玻斯
125124,,125124,鸣劫制裁-雷霆青龙
125130,,125130,漆夜破空之刃-使者
125131,,125131,漆漆-使者
125136,,125136,万王天谕-圣王麒麟
125137,,125137,天地惊弦-六龙圣王
125142,,125142,圣魂觉醒-伊撒尔
125143,,125143,时序之光-洛羲
125147,,125147,绝天穿梭之界-时空王
125152,,125152,极乐欲界天魔主-波旬
125153,,125153,神威重壁-惊涛玄武
125154,,125154,圣铃妙音众识浮沉-阿赖耶识
125162,,125162,真炎神君-菲尔
125163,,125163,傲凡尘启仙灵-女娲
125171,,125171,伊甸园的余晖-亚当
125174,,125174,超越纪元的新生-海蒂拉玛
125182,,125182,源水风暴-梅卡
125187,,125187,星宇之隙穹宙之辉-银河
125188,,125188,万神之王-宙斯
125193,,125193,黄泉归引-孟婆
125196,,125196,造自然耀万物-盖亚
125197,,125197,荒秽堕墟-阿波菲斯
125199,,125199,自然恩赐-薇薇安
125203,,125203,恶魔之主-撒旦
125206,,125206,始祖大天使-尼斯洛克
125207,,125207,地狱天使-纳菲利姆
125208,,125208,夜与月的蔷薇-夜兰
125214,,125214,绝望噬影-尼德霍格
125217,,125217,神兽尊主-苍穹圣龙
125219,,125219,破天之黑刃-凯撒
125225,,125225,异界史诗-渡
125226,,125226,异界史诗-渡（不朽者）
125230,,125230,狂肆之旅-邪神
125231,,125231,葬魂曲-死神弥尔
125235,,125235,瞰世之棘-亘古树灵
125240,,125240,霜寒冰域-上古龙女
125241,,125241,炽天炎境-上古龙女
125243,,125243,缘分一线牵-小狐仙
125247,,125247,天道秩序诸界主宰-乾坤
125253,,125253,爱与美的赞歌-维纳斯
125254,,125254,大道无名-天命王
125257,,125257,天穹苍翼-圣修暗凯帝
125258,,125258,魔神再临-以撒
125262,,125262,冰与火之舞-炽寒天凤
125265,,125265,永恒炽阳-神阿波罗
125272,,125272,创世织梦之眷-赫耳墨斯
125275,,125275,如星永伴长夜-梦
125283,,125283,炎刃燎原-赤霄
125289,,125289,破晓圣光-白羽公主
125291,,125291,原初骑士-洛兰
125293,,125293,横扫三界-孙悟空
125294,,125294,恶魔的私语-路西法
125295,,125295,永夜之主-夜王
125299,,125299,幻世镜梦-谴
125301,,125301,长夜墟渊-烛龙
125304,,125304,超界奇迹-龙星诺
125307,,125307,浮士德-归零者
125314,,125314,青山沐日天地无疆-盘古
125315,,125315,后土玄黄-岁岁祈
125316,,125316,梵星音律-乾达婆
125318,,125318,月辉奇迹-月亮星诺
125324,,125324,星启万象-智慧王
125327,,125327,次元守护-伊撒尔
125328,,125328,沙都守护者-曼珠沙华
125330,,125330,诺言之神-星诺玛
125332,,125332,金翅神羽-迦楼罗
125336,,125336,群星守护寰宇光辉-神银河
125339,,125339,魂之缚-奇诺
125344,,125344,创世罪裁龙神-撒迦利亚
125346,,125346,凰权天下-帝女夙
125347,,125347,审判命运之战-奥丁大帝
125349,,125349,末裔之歌-海伦娜
125351,,125351,神国圣赐之羽-弗丽嘉
125353,,125353,诸天神通-帝释天
125360,,125360,混沌寂烬-厄瑞玻斯
125361,,125361,苍松剑意-干将
125364,,125364,混沌始源万物终湮-卡奥斯
125365,,125365,生于哀骨之花-莉莉丝
125370,,125370,尼伯龙根之主-法芙娜
125376,,125376,晖光轮回女神-梅比乌斯
125377,,125377,冰霜亡域-巫妖王
125379,,125379,吾即深渊-拉莱耶
125380,,125380,吾即深渊-拉莱耶（支配者）
125381,,125381,吾即深渊-拉莱耶（真神）
125391,,125391,寰宇皆臣-女帝
125397,,125397,终末的残响-奈亚
125400,,125400,审神律理-无冕之王
125402,,125402,断海沧澜-龙太子
125413,,125413,逐光深坠-克希拉
125414,,125414,白魔法师-真言诺亚
125427,,125427,寒夜破晓之刃-使者
125431,,125431,九柱神临缔世碑火-阿蒙王
125433,,125433,神威地龙-摩罗迦
125438,,125438,墟尽神临之噬-赫耳墨斯
125439,,125439,噬界傀人-赫耳墨斯
125443,,125443,星芒圣佑-创世星灵
125450,,125450,圣裁座天使-奥菲妮
125451,,125451,剑影迷踪-承影
125453,,125453,孤胆英雄-赵云
125457,,125457,吾即永恒-阿卜苏
125458,,125458,圣律智天使-姬露比
125464,,125464,万序之启-源
125467,,125467,灵骸烬染之潮-夜樱
125471,,125471,乘清气御阴阳-东皇太一
125474,,125474,浮游天地乘风去-逍遥
125475,,125475,瑶琴迷阵-诸葛亮
125483,,125483,日月映海晨曦微露-羲和
125488,,125488,黑翎之妄朽界之暗-梵天
125491,,125491,幻相至尊-白皇星焰
125493,,125493,天启纪元缔世圣冕-梵天
125494,,125494,横戟破军-吕布
125502,,125502,神行至尊-玄皇耀凌
125505,,125505,复生者-帕克
125512,,125512,全维衍化之钥-阿比斯
125513,,125513,血月之引-露易丝
125514,,125514,异度刀姬-尤尼梅特
125515,,125515,灵智终端-黛拉
125524,,125524,幻游终端-妮娜
125526,,125526,圣仪临世-烈焰凤凰
125527,,125527,一剑封魂-白夜叉
125532,,125532,穹星创迹苍宇生辉-银河
125539,,125539,空寂无尘万法唯心-阿赖耶识
125540,,125540,统界神权王者-帝皇龙
125544,,125544,绯龙之契源晶之辉-阿卜苏
125545,,125545,蛇影魔瞳-美杜莎
125552,,125552,星冕-愚者
125556,,125556,凝尘造界之星神-星尘
125561,,125561,龙吟瑞雪-圣王麒麟
125564,,125564,一桥一诺一相逢-梦
125572,,125572,忘川送魂-孟婆
125573,,125573,三生花缘-知世
125576,,125576,吞天黑潮-凯撒
125578,,125578,神霆点苍-奇灵王
125579,,125579,纵马引弓巾帼志-孙尚香
125590,,125590,时序永前万境永在-时空王
125594,,125594,砂海栖心-洛羲
125597,,125597,日辉月影之扉-羲和
125598,,125598,虚堕之君王-贝利亚尔
125607,,125607,荒原苍焰-狼王
125614,,125614,不朽龙主-巴哈姆特
125622,,125622,创界悯世之颂祷-龙母
125623,,125623,七罪圣裁-伊撒尔
125632,,125632,魅魇之惑-始祖影龙
125640,,125640,万理炽天使-K
125644,,125644,光穹永耀之辉-天使王
125645,,125645,预命之君王-瓦沙克
125657,,125657,纪元初光之回响-圣天伊
125659,,125659,雪域圣主-冰雪女皇
125663,,125663,诡匿之君王-巴拉姆
125680,,125680,天地之始祖-盘古
125689,,125689,纪元弈主-无冕之王
125691,,125691,灾变之君王-拜恩
125717,,125717,暗潮星漩创界之渊-提亚玛特
125718,,125718,深空之眼-小宇宙
125723,,125723,纪元至高之引-海蒂拉玛
125724,,125724,渊秘之君王-派蒙
125731,,125731,绯鳞审判永恒龙辉-阿卜苏
125736,,125736,逆神意志-GOD无冕之王
125748,,125748,自然之母神-盖亚
125749,,125749,诱火之君王-阿斯摩太
125755,,125755,无竭命核-渡（不朽者）
125764,,125764,大荒共主-天帝昊天
125773,,125773,隐序之君王-普尔森
125779,,125779,深渊的回音-奈亚
125783,,125783,深渊的约定-克希拉
125791,,125791,深渊星阶-律
125792,,125792,腐殖之君王-贝雷特
125798,,125798,众神之尊-宙斯
125805,,125805,灼天​燎宇-上古龙女
125806,,125806,冥霆之君王-巴尔
125812,,125812,爱与美的恩泽-维纳斯
125839,,125839,万灵溯生之御-盖亚
125898,,125898,万魂映月之主-夜樱
130003,,130003,大师兔
130006,,130006,爆焰吉拉
130009,,130009,露西亚
130012,,130012,寒冰玉兔
130021,,130021,半沙斗士
130054,,130054,白古丁
130069,,130069,乌歌拉
130096,,130096,金刚库巴
130102,,130102,合金猛将
130105,,130105,神武月
130111,,130111,战无炎
130147,,130147,芭比鹿
130153,,130153,雷云狮
130215,,130215,青龙灵兽
130233,,130233,坚盾甲
130238,,130238,阿努比斯
130255,,130255,活力企鹅
130259,,130259,木羊羊
130290,,130290,七星神龙
130293,,130293,焚天大圣
130305,,130305,龙族大法师
130320,,130320,雷帝神
130328,,130328,SR战士
130436,,130436,黑暗守卫
130463,,130463,变异库斯特
130493,,130493,年兽
130500,,130500,终结兔
130501,,130501,魔焰吉拉
130502,,130502,古渊露龙
130504,,130504,先锋SR
130505,,130505,寒冰公主
130506,,130506,烈焰凤凰
130551,,130551,迪奥
130589,,130589,雷角兽
130624,,130624,白虎灵兽
130653,,130653,飞天独角兽
130665,,130665,天之巨灵
130728,,130728,凯撒
130731,,130731,修罗
130744,,130744,海之妖将
130775,,130775,帝皇龙
130778,,130778,红莲
130780,,130780,天辉侠
130782,,130782,怒风侠
130794,,130794,奇灵王
130807,,130807,苍蓝
130836,,130836,兰亚斯特
130852,,130852,碎风
130872,,130872,白羽艾一
130874,,130874,火焰飞侠
131014,,131014,索尼克
131122,,131122,狼王迪洛斯
131124,,131124,夜王狄米特
131426,,131426,黑炎龙
131777,,131777,帝卡分身
131792,,131792,天怒
131812,,131812,疾星
131825,,131825,斗罗明王
131873,,131873,冰罗皇冰龙态
131884,,131884,伊乐
131896,,131896,圣·天伊
131946,,131946,坠星
131977,,131977,源
132061,,132061,魔小兵
132203,,132203,白皇星焰
132227,,132227,暗行罗刹
132387,,132387,上古星龙
132412,,132412,噬心黑龙
132440,,132440,星魔
132470,,132470,百变愚人盒
132590,,132590,乾坤修罗神
132595,,132595,阴
132603,,132603,超念
132618,,132618,堕天凯撒帝
132681,,132681,天鹰雨果
132701,,132701,神·龙皇辉斗
132961,,132961,天神白
133079,,133079,貘·完全体
133087,,133087,战火之王·完全体
133173,,133173,八岐蛇魂·圣灵
133176,,133176,传奇圣天伊
133180,,133180,传奇阿波罗
133187,,133187,传奇Zeta
133188,,133188,传奇哈迪斯
133193,,133193,传奇阴
133194,,133194,传奇阳
133196,,133196,传奇天道无极
133207,,133207,传奇月神
133216,,133216,传奇奇灵王
133224,,133224,传奇炎帝
133380,,133380,[王者羁绊]圣天伊
133381,,133381,[远古精灵王]伊撒尔
133427,,133427,[太阳神]阿波罗
133454,,133454,[星界霸主]上古星龙
133472,,133472,[圣光之子]修罗
133474,,133474,[圣堂祭祀]夕颜
133479,,133479,[圣堂刺客]半夏
133482,,133482,[圣堂之主]舜华
133498,,133498,上古·灭世魔龙
133666,,133666,[湮灭诸天]九曜
133667,,133667,[湮灭诸天]九曜
133925,,133925,星辉少女·小熊座
133926,,133926,辉煌城主·天龙座的幻影
133930,,133930,绯红女王·大熊座
133932,,133932,天穹之君·仙王座
133950,,133950,无双剑意·剑帝修纳
133953,,133953,末世红镰闪·希尔瓦娜斯
133954,,133954,春晖神女·可兰的幻影
133958,,133958,神之审判·白天使王
133959,,133959,魔之禁锢·黑天使王
133963,,133963,大魔王·地
133975,,133975,万世龙尊·帝皇龙的幻影
133979,,133979,真炎神君·菲尔
133981,,133981,东方灵兽·青龙
133982,,133982,南方灵兽·朱雀
133983,,133983,开天地创净土·盘古
133985,,133985,北方灵兽·玄武
133989,,133989,大暗黑·天
133990,,133990,无烬噩梦·伊撒尔
134027,,134027,春晖暖·立春
134037,,134037,未来计划·暴君凯撒
134041,,134041,源水风暴·梅卡
134042,,134042,星尊裁决·上古星龙
134043,,134043,未来计划·嗜血狼王
134048,,134048,未来计划·噬魂夜王的幻影
134120,,134120,梦幻绮丽之夜·羲和
134127,,134127,GOD·无冕之王
134132,,134132,深渊の凝视·奈亚
134165,,134165,九黎兵主·蚩尤
134166,,134166,伐天堕神·刑天
134193,,134193,彼岸永望·孟婆
134203,,134203,不语奈何·知世
134212,,134212,幽径拾光·达芙妮
134217,,134217,虚数重构·黛依
134229,,134229,生命礼赞·可兰
134233,,134233,零阶·愚者
134236,,134236,逆理·世界
134264,,134264,灰烬熔芯·胜遇
134266,,134266,地隐微澜·小锦鲤
134282,,134282,凰诏天赦·烈焰凤凰
134292,,134292,绝望·尼德霍格
134310,,134310,云墨苍生·玄霄
134337,,134337,恶业轮回·魔君夜渊
134364,,134364,苍雷怒涛·风暴龙
134366,,134366,末世幽火悯·赫菲斯托斯
134367,,134367,神域初晓之刻·王者龙母
134374,,134374,绝对水域·王者梅卡
134396,,134396,武绝凌天·传说貘
134411,,134411,解构·王者世界
134418,,134418,旧约断罪书·撒迦利亚
134428,,134428,泰坦巨神王·普罗米修斯
134443,,134443,深潜者·克拉肯
134454,,134454,缠绕者·利维坦
134457,,134457,深渊意志·拉莱耶
134482,,134482,繁星流转宇宙生灭·银河
134503,,134503,绿野扉光·王者可兰
134517,,134517,众生自然之灵·盖亚
134866,,134866,光启精灵王-伊撒尔
134867,,134867,木之精灵王-可兰
134868,,134868,净化之光-拉克丝
134869,,134869,梦幻之光-罗塔纱
134870,,134870,水之精灵王-梅卡
134871,,134871,光启时代-圣天伊
134872,,134872,灯笼精灵-菲尔
134874,,134874,暗月千面-艾琳
134875,,134875,守护之光-米垭
134879,,134879,神羽曙光-奥天
134880,,134880,重枪风暴-合金猛将
134881,,134881,圣窗余晖-米迦勒
134882,,134882,繁星余迹-路西法
134883,,134883,绝代兵神-韩信
134884,,134884,神峰圣护-山脉之魂
134890,,134890,幽冥主宰-哈迪斯的幻影
134891,,134891,木人桩-超木系
134892,,134892,猩红序曲-露易丝
134893,,134893,绿叶咆哮-棕叶战熊
134898,,134898,永恒源晶裁决之龙-阿卜苏
134899,,134899,生命使徒-瓦利
134900,,134900,灵魂使徒-卡莉
134904,,134904,天使圣音-姬露比
134909,,134909,寰宇鎏金星河入怀-银河
134910,,134910,千古一帝-秦始皇嬴政的幻影
134911,,134911,无我之境-力量王
134916,,134916,陨星-愚者
134917,,134917,福瑞降人间-圣王麒麟
134920,,134920,圣宇星轨时扉之光-羲和
134921,,134921,GOD-无冕之王
134922,,134922,GOD-无冕之王
134925,,134925,执掌因果万世轮回-帝俊
134939,,134939,旃檀功德-唐三藏
134940,,134940,齐天大圣-孙悟空
134941,,134941,德安万世-唐太宗李世民
134945,,134945,众里寻他千百度-梦
134946,,134946,众生乐土万灵随行-末那
134947,,134947,海枯之心-白京京
134952,,134952,谪仙剑无双-李白
134953,,134953,暗能涌动星海创生-提亚玛特
134955,,134955,凛冬之意-瓦格纳
134957,,134957,剑影抚落忆-孙尚香
134958,,134958,清辉映星河-望舒
134959,,134959,三位一体-至尊精灵王
134960,,134960,卷帘大将-沙悟净
134964,,134964,深渊安魂曲-奈亚
134967,,134967,踏阴阳定荒宇-东皇太一
134968,,134968,引尘造万物-星尘
134971,,134971,阴阳割昏晓-天道无极
134973,,134973,霜佑北境-帕里斯
134977,,134977,千山落樱之辉-夜樱
134978,,134978,荷风引水色-瑠璃
134979,,134979,大汉天子-汉武帝刘彻
134980,,134980,月魄孤影-神武月
134987,,134987,神炎日冕-战无炎
134994,,134994,至圣神王裁决-奥丁大帝
134995,,134995,源星之归引-上古星龙
134996,,134996,深渊穿梭者-律
134999,,134999,救世的执妄愚人-公爵
135000,,135000,星穹庇世之翼-赫耳墨斯
135007,,135007,永劫破灭混沌至尊-卡奥斯
135008,,135008,一代天骄-成吉思汗铁木真
135009,,135009,枯骨之花-莉莉丝
135019,,135019,创灵众生-通灵王
135020,,135020,白灵之尊-狼王
135021,,135021,万世独霸龙族至尊-帝皇龙
135022,,135022,荒宇独霸-帝皇龙
135023,,135023,倾世之寒-始祖冰龙
135025,,135025,星轨圣裁之回响-羲和
135026,,135026,雅克守护者-神罗麦提
135030,,135030,破虚空衍群龙-龙母
135038,,135038,斐灵之心-皮塔
135042,,135042,圣树临辉光暗双耀-奇灵王
135043,,135043,慧心渊识之智-密涅瓦
135050,,135050,春晖神女-可兰
135052,,135052,湍流激越-橙李
135053,,135053,戮器仁心-帝刃
135055,,135055,天国守护者-白天使王
135056,,135056,黑暗之翼-黑天使王
135074,,135074,睥睨众臣-女帝
135075,,135075,至高启示-真理之后
135082,,135082,深渊之契-绮美拉
135083,,135083,绝影蚀月-黑翼王
135084,,135084,幽冥千炼-鬼墨无忧
135087,,135087,武绝凌天-貘
135093,,135093,棋临无间-无冕之王
135096,,135096,冥骸蚀暗-阿修罗
135097,,135097,逐梦追光-布灵灵
135104,,135104,王者加冕-圣天伊
135105,,135105,王者加冕-黄金圣天伊
135111,,135111,无垠-愚者
135112,,135112,陨灭-世界
135118,,135118,邃古凌苍-日月战武神
135121,,135121,混沌恩赐-厄瑞玻斯
135124,,135124,鸣劫制裁-雷霆青龙
135130,,135130,漆夜破空之刃-使者
135131,,135131,漆漆-使者
135136,,135136,万王天谕-圣王麒麟
135137,,135137,天地惊弦-六龙圣王
135142,,135142,圣魂觉醒-伊撒尔
135147,,135147,绝天穿梭之界-时空王
135152,,135152,极乐欲界天魔主-波旬
135153,,135153,神威重壁-惊涛玄武
135154,,135154,圣铃妙音众识浮沉-阿赖耶识
135162,,135162,真炎神君-菲尔
135163,,135163,傲凡尘启仙灵-女娲
135171,,135171,伊甸园的余晖-亚当
135174,,135174,超越纪元的新生-海蒂拉玛
135182,,135182,源水风暴-梅卡
135187,,135187,星宇之隙穹宙之辉-银河
135188,,135188,万神之王-宙斯
135193,,135193,黄泉归引-孟婆
135196,,135196,造自然耀万物-盖亚
135197,,135197,荒秽堕墟-阿波菲斯
135199,,135199,自然恩赐-薇薇安
135203,,135203,恶魔之主-撒旦
135206,,135206,始祖大天使-尼斯洛克
135207,,135207,地狱天使-纳菲利姆
135208,,135208,夜与月的蔷薇-夜兰
135214,,135214,绝望噬影-尼德霍格
135217,,135217,神兽尊主-苍穹圣龙
135219,,135219,破天之黑刃-凯撒
135225,,135225,异界史诗-渡
135226,,135226,异界史诗-渡（不朽者）
135230,,135230,狂肆之旅-邪神
135231,,135231,葬魂曲-死神弥尔
135235,,135235,瞰世之棘-亘古树灵
135240,,135240,霜寒冰域-上古龙女
135241,,135241,炽天炎境-上古龙女
135243,,135243,缘分一线牵-小狐仙
135247,,135247,天道秩序诸界主宰-乾坤
135253,,135253,爱与美的赞歌-维纳斯
135254,,135254,大道无名-天命王
135257,,135257,天穹苍翼-圣修暗凯帝
135258,,135258,魔神再临-以撒
135262,,135262,冰与火之舞-炽寒天凤
135265,,135265,永恒炽阳-神阿波罗（虚影）
135272,,135272,创世织梦之眷-赫耳墨斯
135275,,135275,如星永伴长夜-梦
135289,,135289,破晓圣光-白羽公主
135291,,135291,原初骑士-洛兰
135293,,135293,横扫三界-孙悟空
135294,,135294,恶魔的私语-路西法
135295,,135295,永夜之主-夜王
135299,,135299,幻世镜梦-谴
135300,,135300,翼龙之子-凌风
135301,,135301,长夜墟渊-烛龙
135304,,135304,超界奇迹-龙星诺
135307,,135307,浮士德-归零者
135314,,135314,青山沐日天地无疆-盘古
135315,,135315,后土玄黄-岁岁祈
135316,,135316,梵星音律-乾达婆
135318,,135318,月辉奇迹-月亮星诺
135324,,135324,星启万象-智慧王
135327,,135327,次元守护-伊撒尔
135330,,135330,诺言之神-星诺玛
135332,,135332,金翅神羽-迦楼罗
135336,,135336,群星守护寰宇光辉-神银河
135339,,135339,魂之缚-奇诺
135344,,135344,创世罪裁龙神-撒迦利亚
135346,,135346,凰权天下-帝女夙
135347,,135347,审判命运之战-奥丁大帝
135349,,135349,末裔之歌-海伦娜
135351,,135351,神国圣赐之羽-弗丽嘉
135353,,135353,诸天神通-帝释天
135360,,135360,混沌寂烬-厄瑞玻斯
135361,,135361,苍松剑意-干将
135364,,135364,混沌始源万物终湮-卡奥斯
135365,,135365,生于哀骨之花-莉莉丝
135370,,135370,尼伯龙根之主-法芙娜
135376,,135376,晖光轮回女神-梅比乌斯
135377,,135377,冰霜亡域-巫妖王
135379,,135379,吾即深渊-拉莱耶
135380,,135380,吾即深渊-拉莱耶（支配者）
135381,,135381,吾即深渊-拉莱耶（真神）
135391,,135391,寰宇皆臣-女帝
135397,,135397,终末的残响-奈亚
135400,,135400,审神律理-无冕之王
135402,,135402,断海沧澜-龙太子
135413,,135413,逐光深坠-克希拉
135414,,135414,白魔法师-真言诺亚
135427,,135427,寒夜破晓之刃-使者
135431,,135431,九柱神临缔世碑火-阿蒙王
135433,,135433,神威地龙-摩罗迦
135438,,135438,墟尽神临之噬-赫耳墨斯
135439,,135439,噬界傀人-赫耳墨斯
135443,,135443,星芒圣佑-创世星灵
135450,,135450,圣裁座天使-奥菲妮
135453,,135453,孤胆英雄-赵云
135457,,135457,吾即永恒-阿卜苏
135464,,135464,万序之启-源
135467,,135467,灵骸烬染之潮-夜樱
135471,,135471,乘清气御阴阳-东皇太一
135474,,135474,浮游天地乘风去-逍遥
135475,,135475,瑶琴迷阵-诸葛亮
135483,,135483,日月映海晨曦微露-羲和
135488,,135488,黑翎之妄朽界之暗-梵天
135491,,135491,幻相至尊-白皇星焰
135493,,135493,天启纪元缔世圣冕-梵天
135494,,135494,横戟破军-吕布
135502,,135502,神行至尊-玄皇耀凌
135505,,135505,复生者-帕克
135512,,135512,全维衍化之钥-阿比斯
135513,,135513,血月之引-露易丝
135514,,135514,异度刀姬-尤尼梅特
135515,,135515,灵智终端-黛拉
135526,,135526,圣仪临世-烈焰凤凰
135527,,135527,一剑封魂-白夜叉
135532,,135532,穹星创迹苍宇生辉-银河
135539,,135539,空寂无尘万法唯心-阿赖耶识
135540,,135540,统界神权王者-帝皇龙
135544,,135544,绯龙之契源晶之辉-阿卜苏
135545,,135545,蛇影魔瞳-美杜莎
135552,,135552,星冕-愚者
135556,,135556,凝尘造界之星神-星尘
135561,,135561,龙吟瑞雪-圣王麒麟
135564,,135564,一桥一诺一相逢-梦
135572,,135572,忘川送魂-孟婆
135573,,135573,三生花缘-知世
135576,,135576,吞天黑潮-凯撒
135578,,135578,神霆点苍-奇灵王
135579,,135579,纵马引弓巾帼志-孙尚香
135590,,135590,时序永前万境永在-时空王
135597,,135597,日辉月影之扉-羲和
135598,,135598,虚堕之君王-贝利亚尔
135607,,135607,荒原苍焰-狼王
135614,,135614,不朽龙主-巴哈姆特
135622,,135622,创界悯世之颂祷-龙母
135623,,135623,七罪圣裁-伊撒尔
135632,,135632,魅魇之惑-始祖影龙
135640,,135640,万理炽天使-K
135644,,135644,光穹永耀之辉-天使王
135645,,135645,预命之君王-瓦沙克
135657,,135657,纪元初光之回响-圣天伊
135659,,135659,雪域圣主-冰雪女皇
135663,,135663,诡匿之君王-巴拉姆
135680,,135680,天地之始祖-盘古
135689,,135689,纪元弈主-无冕之王
135691,,135691,灾变之君王-拜恩
135717,,135717,暗潮星漩创界之渊-提亚玛特
135718,,135718,深空之眼-小宇宙
135723,,135723,纪元至高之引-海蒂拉玛
135724,,135724,渊秘之君王-派蒙
135731,,135731,绯鳞审判永恒龙辉-阿卜苏
135748,,135748,自然之母神-盖亚
135749,,135749,诱火之君王-阿斯摩太
135755,,135755,无竭命核-渡（不朽者）
135764,,135764,大荒共主-天帝昊天
135773,,135773,隐序之君王-普尔森
135779,,135779,深渊的回音-奈亚
135783,,135783,深渊的约定-克希拉
135791,,135791,深渊星阶-律
135792,,135792,腐殖之君王-贝雷特
135798,,135798,众神之尊-宙斯
135806,,135806,冥霆之君王-巴尔
135812,,135812,爱与美的恩泽-维纳斯
135839,,135839,万灵溯生之御-盖亚
135898,,135898,万魂映月之主-夜樱
140003,,140003,大师兔
140006,,140006,爆焰吉拉
140009,,140009,露西亚
140012,,140012,寒冰玉兔
140015,,140015,埃拉多夫
140017,,140017,电击河豚
140024,,140024,花冠狮
140027,,140027,依诗
140030,,140030,变色角龙
140036,,140036,震天石人
140039,,140039,伊莎女王
140042,,140042,独角仙
140048,,140048,火巨人
140051,,140051,奥特克林
140054,,140054,白古丁
140057,,140057,黑蝠王
140060,,140060,扭扭大王
140063,,140063,库斯特
140066,,140066,摩格
140069,,140069,乌歌拉
140072,,140072,斯多王
140075,,140075,歌拉迪
140078,,140078,铁甲卫士
140081,,140081,夜眼风魔
140084,,140084,蓝鹰斗士
140087,,140087,冰拳艾司
140090,,140090,沙麒麟
140093,,140093,木面侠
140096,,140096,金刚库巴
140099,,140099,火花龙
140105,,140105,神武月
140111,,140111,战无炎
140123,,140123,机甲勇士
140126,,140126,蝎子王
140129,,140129,彩羽贝拉
140132,,140132,暗夜卡伦
140135,,140135,魅影魔
140138,,140138,小翼鸟
140141,,140141,音速先锋
140144,,140144,雪雾怪
140150,,140150,冲锋魔方
140153,,140153,雷云狮
140156,,140156,霹雳星
140159,,140159,电击拳仔
140162,,140162,法拉帝
140168,,140168,神杖执事
140174,,140174,赤炎战斗龙
140177,,140177,骰子大王
140180,,140180,夜一
140183,,140183,海马剑士
140185,,140185,鲁纳多
140201,,140201,轰天雷
140207,,140207,赤火野猪
140208,,140208,黑小问
140220,,140220,蚁族圣斗士
140221,,140221,蚁族魔斗士
140227,,140227,变异蚁将军
140233,,140233,坚盾甲
140238,,140238,阿努比斯
140255,,140255,活力企鹅
140258,,140258,水冻贝
140261,,140261,圆角木羊
140271,,140271,小龙人
140278,,140278,烈焰鸟
140284,,140284,暴风沙克
140293,,140293,焚天大圣
140296,,140296,棕叶战熊
140299,,140299,斑斓神马
140302,,140302,龙族重剑士
140303,,140303,龙族神射手
140305,,140305,龙族大法师
140317,,140317,天使莱特
140320,,140320,雷帝神
140328,,140328,SR战士
140343,,140343,霸王钻
140349,,140349,暗夜紫管狐
140364,,140364,海夜叉
140371,,140371,伊尼
140394,,140394,犀牛战豪
140408,,140408,青翼绿龙
140427,,140427,星光角斗士
140445,,140445,嘟嘟长老
140463,,140463,变异库斯特
140469,,140469,雷纳瑞
140472,,140472,魂斗鱼
140499,,140499,黄金粽总兵
140503,,140503,SR勇士
140504,,140504,先锋SR
140509,,140509,星云大圣
140512,,140512,小宇宙
140514,,140514,猪阿饼
140516,,140516,猪阿酱
140526,,140526,波塞亚斯
140545,,140545,金甲龙兽
140577,,140577,飞云骑
140673,,140673,勇士童童
140701,,140701,野绿战魂
140731,,140731,修罗
140794,,140794,奇灵王
140819,,140819,天女若希
140822,,140822,天使丘比特
140840,,140840,神罗麦提
140865,,140865,超T兔
140891,,140891,刀锋
140892,,140892,明净使者
140893,,140893,暗夜使者
141122,,141122,狼王迪洛斯
141124,,141124,夜王狄米特
141426,,141426,黑炎龙
141884,,141884,伊乐
141896,,141896,光龙态·圣天伊
141946,,141946,坠星
141977,,141977,源
142061,,142061,魔小兵
142203,,142203,白皇星焰
142227,,142227,暗行罗刹
142387,,142387,上古星龙
142412,,142412,噬心黑龙
142440,,142440,星魔
142470,,142470,百变愚人盒
142595,,142595,阴
142603,,142603,超念
143079,,143079,貘·完全体
143173,,143173,八岐蛇魂·王
143176,,143176,传奇圣天伊
143180,,143180,传奇阿波罗
143193,,143193,传奇阴
143196,,143196,传奇天道无极
143216,,143216,传奇奇灵王
143224,,143224,传奇炎帝
143380,,143380,[王者羁绊]圣天伊
143381,,143381,[远古精灵王]伊撒尔
143427,,143427,[太阳神]阿波罗
143454,,143454,[星界霸主]上古星龙
143472,,143472,[圣光之子]修罗
143474,,143474,[圣堂祭祀]夕颜
143479,,143479,[圣堂刺客]半夏
143482,,143482,[圣堂之主]舜华
143498,,143498,圣灵·灭世魔龙
143666,,143666,[湮灭诸天]九曜
143667,,143667,[湮灭诸天]九曜
143849,,143849,[浩海之主]王者梅卡
143926,,143926,辉煌城主·天龙座
143932,,143932,天穹之君·仙王座
143950,,143950,无双剑意·剑帝修纳的幻影
143953,,143953,末世红镰闪·希尔瓦娜斯
143954,,143954,春晖神女·可兰
143958,,143958,神之审判·白天使王
143959,,143959,魔之禁锢·黑天使王
143963,,143963,大魔王·地
143975,,143975,万世龙尊·帝皇龙
143979,,143979,真炎神君·菲尔
143981,,143981,东方灵兽·青龙
143982,,143982,南方灵兽·朱雀
143983,,143983,开天地创净土·盘古
143985,,143985,北方灵兽·玄武
143989,,143989,大暗黑·天
143990,,143990,无烬噩梦·伊撒尔
144027,,144027,春晖暖·立春
144036,,144036,未来计划·黯帝修罗
144041,,144041,源水风暴·梅卡
144042,,144042,星尊裁决·上古星龙
144043,,144043,未来计划·嗜血狼王
144120,,144120,梦幻绮丽之夜·羲和
144127,,144127,GOD·无冕之王
144132,,144132,深渊の凝视·奈亚
144165,,144165,九黎兵主·蚩尤
144166,,144166,伐天堕神·刑天
144193,,144193,彼岸永望·孟婆
144203,,144203,不语奈何·知世
144212,,144212,幽径拾光·达芙妮
144217,,144217,虚数重构·黛依
144229,,144229,生命礼赞·可兰
144233,,144233,零阶·愚者
144264,,144264,灰烬熔芯·胜遇
144266,,144266,地隐微澜·小锦鲤
144282,,144282,凰诏天赦·烈焰凤凰
144292,,144292,绝望·尼德霍格
144310,,144310,云墨苍生·玄霄
144364,,144364,苍雷怒涛·风暴龙
144366,,144366,末世幽火悯·赫菲斯托斯
144367,,144367,神域初晓之刻·王者龙母
144374,,144374,绝对水域·王者梅卡
144396,,144396,武绝凌天·传说貘（虚拟态）
144418,,144418,旧约断罪书·撒迦利亚
144428,,144428,泰坦巨神王·普罗米修斯
144443,,144443,深潜者·克拉肯
144454,,144454,缠绕者·利维坦
144482,,144482,繁星流转宇宙生灭·银河
144503,,144503,绿野扉光·王者可兰
144517,,144517,众生自然之灵·盖亚
144616,,144616,星穹溯光苍生为棋·银河
144866,,144866,光启精灵王-伊撒尔
144867,,144867,木之精灵王-可兰
144868,,144868,净化之光-拉克丝
144869,,144869,梦幻之光-罗塔纱
144870,,144870,水之精灵王-梅卡
144871,,144871,光启时代-圣天伊
144872,,144872,灯笼精灵-菲尔
144874,,144874,暗月千面-艾琳
144875,,144875,守护之光-米垭
144879,,144879,神羽曙光-奥天
144880,,144880,重枪风暴-合金猛将
144881,,144881,圣窗余晖-米迦勒
144882,,144882,繁星余迹-路西法
144883,,144883,绝代兵神-韩信
144884,,144884,神峰圣护-山脉之魂
144890,,144890,幽冥主宰-哈迪斯
144891,,144891,木人桩-超水系
144892,,144892,猩红序曲-露易丝
144893,,144893,绿叶咆哮-棕叶战熊
144898,,144898,永恒源晶裁决之龙-阿卜苏
144899,,144899,生命使徒-瓦利
144904,,144904,天使圣音-姬露比
144909,,144909,寰宇鎏金星河入怀-银河
144910,,144910,千古一帝-秦始皇嬴政
144911,,144911,无我之境-力量王
144916,,144916,陨星-愚者
144917,,144917,福瑞降人间-圣王麒麟
144920,,144920,圣宇星轨时扉之光-羲和
144921,,144921,GOD-无冕之王
144922,,144922,GOD-无冕之王
144925,,144925,执掌因果万世轮回-帝俊
144939,,144939,旃檀功德-唐三藏
144940,,144940,齐天大圣-孙悟空
144945,,144945,众里寻他千百度-梦
144946,,144946,众生乐土万灵随行-末那
144947,,144947,海枯之心-白京京
144952,,144952,谪仙剑无双-李白
144953,,144953,心炉幻影·三
144955,,144955,凛冬之意-瓦格纳
144957,,144957,剑影抚落忆-孙尚香
144958,,144958,清辉映星河-望舒
144959,,144959,三位一体-至尊精灵王
144960,,144960,卷帘大将-沙悟净
144964,,144964,深渊安魂曲-奈亚
144967,,144967,踏阴阳定荒宇-东皇太一
144968,,144968,引尘造万物-星尘
144971,,144971,阴阳割昏晓-天道无极
144973,,144973,霜佑北境-帕里斯
144977,,144977,千山落樱之辉-夜樱
144978,,144978,荷风引水色-瑠璃
144979,,144979,大汉天子-汉武帝刘彻
144980,,144980,月魄孤影-神武月
144987,,144987,神炎日冕-战无炎
144995,,144995,源星之归引-上古星龙
144996,,144996,心炉幻影·四
144999,,144999,救世的执妄愚人-公爵
145000,,145000,星穹庇世之翼-赫耳墨斯
145007,,145007,永劫破灭混沌至尊-卡奥斯
145008,,145008,一代天骄-成吉思汗铁木真
145019,,145019,创灵众生-通灵王
145020,,145020,白灵之尊-狼王
145021,,145021,万世独霸龙族至尊-帝皇龙
145022,,145022,荒宇独霸-帝皇龙
145023,,145023,倾世之寒-始祖冰龙
145025,,145025,星轨圣裁之回响-羲和
145026,,145026,雅克守护者-神罗麦提
145030,,145030,破虚空衍群龙-龙母
145038,,145038,斐灵之心-皮塔
145042,,145042,圣树临辉光暗双耀-奇灵王
145043,,145043,慧心渊识之智-密涅瓦
145050,,145050,春晖神女-可兰
145052,,145052,湍流激越-橙李
145053,,145053,戮器仁心-帝刃
145055,,145055,天国守护者-白天使王
145056,,145056,黑暗之翼-黑天使王
145074,,145074,睥睨众臣-女帝
145075,,145075,至高启示-真理之后
145082,,145082,深渊之契-绮美拉
145083,,145083,绝影蚀月-黑翼王
145084,,145084,幽冥千炼-鬼墨无忧
145087,,145087,武绝凌天-貘
145093,,145093,棋临无间-无冕之王
145096,,145096,冥骸蚀暗-阿修罗
145097,,145097,逐梦追光-布灵灵
145104,,145104,王者加冕-圣天伊
145105,,145105,王者加冕-黄金圣天伊
145111,,145111,无垠-愚者
145112,,145112,陨灭-世界
145118,,145118,邃古凌苍-日月战武神
145121,,145121,混沌恩赐-厄瑞玻斯
145124,,145124,鸣劫制裁-雷霆青龙
145130,,145130,漆夜破空之刃-使者
145131,,145131,漆漆-使者
145136,,145136,万王天谕-圣王麒麟
145137,,145137,天地惊弦-六龙圣王
145142,,145142,圣魂觉醒-伊撒尔
145147,,145147,绝天穿梭之界-时空王
145152,,145152,极乐欲界天魔主-波旬
145153,,145153,神威重壁-惊涛玄武
145154,,145154,圣铃妙音众识浮沉-阿赖耶识
145162,,145162,真炎神君-菲尔
145171,,145171,伊甸园的余晖-亚当
145174,,145174,超越纪元的新生-海蒂拉玛
145182,,145182,源水风暴-梅卡
145187,,145187,星宇之隙穹宙之辉-银河
145188,,145188,万神之王-宙斯
145193,,145193,黄泉归引-孟婆
145196,,145196,造自然耀万物-盖亚
145197,,145197,荒秽堕墟-阿波菲斯
145199,,145199,自然恩赐-薇薇安
145203,,145203,恶魔之主-撒旦
145206,,145206,始祖大天使-尼斯洛克
145207,,145207,地狱天使-纳菲利姆
145214,,145214,绝望噬影-尼德霍格
145225,,145225,异界史诗-渡
145226,,145226,异界史诗-渡（不朽者）
145231,,145231,葬魂曲-死神弥尔
145235,,145235,瞰世之棘-亘古树灵
145240,,145240,霜寒冰域-上古龙女
145241,,145241,炽天炎境-上古龙女
145243,,145243,缘分一线牵-小狐仙
145247,,145247,天道秩序诸界主宰-乾坤
145253,,145253,爱与美的赞歌-维纳斯
145254,,145254,大道无名-天命王
145257,,145257,天穹苍翼-圣修暗凯帝
145258,,145258,魔神再临-以撒
145262,,145262,冰与火之舞-炽寒天凤
145265,,145265,永恒炽阳-神阿波罗
145272,,145272,创世织梦之眷-赫耳墨斯
145275,,145275,如星永伴长夜-梦
145291,,145291,原初骑士-洛兰
145293,,145293,横扫三界-孙悟空
145294,,145294,恶魔的私语-路西法
145295,,145295,永夜之主-夜王
145299,,145299,幻世镜梦-谴
145300,,145300,翼龙之子-凌风
145301,,145301,长夜墟渊-烛龙
145304,,145304,超界奇迹-龙星诺
145307,,145307,浮士德-归零者
145314,,145314,青山沐日天地无疆-盘古
145315,,145315,后土玄黄-岁岁祈
145316,,145316,梵星音律-乾达婆
145318,,145318,月辉奇迹-月亮星诺
145324,,145324,星启万象-智慧王
145327,,145327,次元守护-伊撒尔
145330,,145330,诺言之神-星诺玛
145332,,145332,金翅神羽-迦楼罗
145336,,145336,群星守护寰宇光辉-神银河
145339,,145339,魂之缚-奇诺
145344,,145344,创世罪裁龙神-撒迦利亚
145346,,145346,凰权天下-帝女夙
145347,,145347,审判命运之战-奥丁大帝
145349,,145349,末裔之歌-海伦娜
145351,,145351,神国圣赐之羽-弗丽嘉
145353,,145353,诸天神通-帝释天
145360,,145360,混沌寂烬-厄瑞玻斯
145361,,145361,苍松剑意-干将
145364,,145364,混沌始源万物终湮-卡奥斯
145370,,145370,尼伯龙根之主-法芙娜
145377,,145377,冰霜亡域-巫妖王
145379,,145379,吾即深渊-拉莱耶
145380,,145380,吾即深渊-拉莱耶（支配者）
145381,,145381,吾即深渊-拉莱耶（真神）
145391,,145391,寰宇皆臣-女帝
145397,,145397,终末的残响-奈亚
145400,,145400,审神律理-无冕之王
145402,,145402,断海沧澜-龙太子
145413,,145413,逐光深坠-克希拉
145414,,145414,白魔法师-真言诺亚
145427,,145427,寒夜破晓之刃-使者
145431,,145431,九柱神临缔世碑火-阿蒙王
145433,,145433,神威地龙-摩罗迦
145438,,145438,墟尽神临之噬-赫耳墨斯
145439,,145439,噬界傀人-赫耳墨斯
145443,,145443,星芒圣佑-创世星灵
145450,,145450,圣裁座天使-奥菲妮
145453,,145453,孤胆英雄-赵云
145457,,145457,吾即永恒-阿卜苏
145464,,145464,万序之启-源
145467,,145467,灵骸烬染之潮-夜樱
145471,,145471,乘清气御阴阳-东皇太一
145474,,145474,浮游天地乘风去-逍遥
145475,,145475,瑶琴迷阵-诸葛亮
145483,,145483,日月映海晨曦微露-羲和
145488,,145488,黑翎之妄朽界之暗-梵天
145493,,145493,天启纪元缔世圣冕-梵天
145494,,145494,横戟破军-吕布
145502,,145502,神行至尊-玄皇耀凌
145505,,145505,复生者-帕克
145512,,145512,全维衍化之钥-阿比斯
145513,,145513,血月之引-露易丝
145514,,145514,异度刀姬-尤尼梅特
145515,,145515,灵智终端-黛拉
145526,,145526,圣仪临世-烈焰凤凰
145527,,145527,一剑封魂-白夜叉
145532,,145532,穹星创迹苍宇生辉-银河
145539,,145539,空寂无尘万法唯心-阿赖耶识
145540,,145540,统界神权王者-帝皇龙
145544,,145544,绯龙之契源晶之辉-阿卜苏
145545,,145545,蛇影魔瞳-美杜莎
145552,,145552,星冕-愚者
145556,,145556,凝尘造界之星神-星尘
145561,,145561,龙吟瑞雪-圣王麒麟
145564,,145564,一桥一诺一相逢-梦
145572,,145572,忘川送魂-孟婆
145573,,145573,三生花缘-知世
145576,,145576,吞天黑潮-凯撒
145578,,145578,神霆点苍-奇灵王
145579,,145579,纵马引弓巾帼志-孙尚香
145590,,145590,时序永前万境永在-时空王
145597,,145597,日辉月影之扉-羲和
145598,,145598,虚堕之君王-贝利亚尔
145607,,145607,荒原苍焰-狼王
145614,,145614,不朽龙主-巴哈姆特
145622,,145622,创界悯世之颂祷-龙母
145623,,145623,七罪圣裁-伊撒尔
145632,,145632,魅魇之惑-始祖影龙
145640,,145640,万理炽天使-K
145644,,145644,光穹永耀之辉-天使王
145645,,145645,预命之君王-瓦沙克
145657,,145657,纪元初光之回响-圣天伊
145659,,145659,雪域圣主-冰雪女皇
145663,,145663,诡匿之君王-巴拉姆
145680,,145680,天地之始祖-盘古
145689,,145689,纪元弈主-无冕之王
145691,,145691,灾变之君王-拜恩
145717,,145717,暗潮星漩创界之渊-提亚玛特
145723,,145723,纪元至高之引-海蒂拉玛
145724,,145724,渊秘之君王-派蒙
145748,,145748,自然之母神-盖亚
145749,,145749,诱火之君王-阿斯摩太
145755,,145755,无竭命核-渡（不朽者）
145764,,145764,大荒共主-天帝昊天
145773,,145773,隐序之君王-普尔森
145779,,145779,深渊的回音-奈亚
145783,,145783,深渊的约定-克希拉
145791,,145791,深渊星阶-律
145792,,145792,腐殖之君王-贝雷特
145798,,145798,众神之尊-宙斯
145806,,145806,冥霆之君王-巴尔
145812,,145812,爱与美的恩泽-维纳斯
145839,,145839,万灵溯生之御-盖亚
145898,,145898,万魂映月之主-夜樱
150003,,150003,大师兔
150006,,150006,爆焰吉拉
150009,,150009,露西亚
150027,,150027,依诗
150051,,150051,奥特克林
150060,,150060,扭扭大王
150105,,150105,神武月
150111,,150111,战无炎
150153,,150153,雷云狮
150183,,150183,海马剑士
150207,,150207,赤火野猪
150215,,150215,青龙灵兽
150236,,150236,雷鸣女王
150328,,150328,SR战士
150364,,150364,海夜叉
150371,,150371,伊尼
150372,,150372,功夫伊尼
150388,,150388,玄武灵兽
150398,,150398,托马斯
150436,,150436,黑暗守卫
150460,,150460,亚帝斯克
150487,,150487,尖钻虎王
150500,,150500,终结兔
150504,,150504,先锋SR
150551,,150551,迪奥
150569,,150569,雨天娃娃
150624,,150624,白虎灵兽
150712,,150712,白京京
150728,,150728,凯撒
150731,,150731,修罗
150741,,150741,朱雀灵兽
150747,,150747,冰凌豆
150766,,150766,蛋蛋鹿
150773,,150773,福气蛋
150785,,150785,银盾卫士
150787,,150787,六芒守卫
150794,,150794,奇灵王
150801,,150801,贝贝龙
150822,,150822,天使丘比特
150840,,150840,神罗麦提
150847,,150847,大白吐
150859,,150859,缨络
150874,,150874,火焰飞侠
150899,,150899,冰铠力士
150910,,150910,金甲战牛
150912,,150912,木叶战狮
150913,,150913,泽秒
150914,,150914,泽分
150915,,150915,泽时
150934,,150934,骑士若水
150936,,150936,骑士萧辰
150938,,150938,骑士瑞阳
150940,,150940,骑士浩然
151014,,151014,索尼克
151018,,151018,花轮松鼠
151024,,151024,焚炎鸟
151028,,151028,蓝蝶仙子
151076,,151076,忍者神猫
151122,,151122,狼王迪洛斯
151124,,151124,夜王狄米特
151234,,151234,拉诺斯
151282,,151282,施瓦辛格
151336,,151336,波塞冬
151426,,151426,黑炎龙
151706,,151706,暗影凯撒
151837,,151837,使者加比
151842,,151842,光·加比
151843,,151843,翼·加比
151858,,151858,训练师加比
151876,,151876,炼金师加比
151884,,151884,伊乐
151896,,151896,光龙态·圣天伊
151899,,151899,智慧加比
151908,,151908,勇气加比
151937,,151937,梦想加比
151946,,151946,坠星
151985,,151985,断空翼皇
151990,,151990,苍耀光圣
152061,,152061,魏国士兵甲
152203,,152203,白皇星焰
152227,,152227,暗行罗刹
152412,,152412,噬心黑龙
152440,,152440,星魔分身
152470,,152470,百变愚人盒
152590,,152590,乾坤修罗神
152603,,152603,超念
152618,,152618,堕天凯撒帝
152961,,152961,天神白
153065,,153065,堕天凯撒帝·完全体
153079,,153079,貘·完全体
153101,,153101,天宇圣龙·完全体
153176,,153176,传奇圣天伊
153180,,153180,传奇阿波罗
153188,,153188,传奇哈迪斯
153196,,153196,传奇天道无极
153207,,153207,传奇月神
153216,,153216,传奇奇灵王
153224,,153224,传奇炎帝
153313,,153313,传奇八岐龙吟
153380,,153380,[王者羁绊]圣天伊
153381,,153381,[远古精灵王]伊撒尔
153472,,153472,[圣光之子]修罗
153479,,153479,[圣堂刺客]半夏
153482,,153482,[圣堂之主]舜华
153498,,153498,王·灭世魔龙
153666,,153666,[湮灭诸天]九曜
153667,,153667,[湮灭诸天]九曜
153926,,153926,辉煌城主·天龙座
153932,,153932,守径者怪物
153950,,153950,无双剑意·剑帝修纳
153953,,153953,末世红镰闪·希尔瓦娜斯
153954,,153954,春晖神女·可兰
153958,,153958,神之审判·白天使王
153959,,153959,魔之禁锢·黑天使王
153963,,153963,大魔王·地
153975,,153975,万世龙尊·帝皇龙
153979,,153979,真炎神君·菲尔
153981,,153981,东方灵兽·青龙
153983,,153983,开天地创净土·盘古
153985,,153985,北方灵兽·玄武
153989,,153989,大暗黑·天
153990,,153990,无烬噩梦·伊撒尔
154036,,154036,未来计划·黯帝修罗
154037,,154037,未来计划·暴君凯撒
154041,,154041,源水风暴·梅卡
154042,,154042,星尊裁决·上古星龙
154043,,154043,未来计划·嗜血狼王的幻影
154048,,154048,未来计划·噬魂夜王
154057,,154057,未来计划·神秘战无炎
154066,,154066,未来计划·大妖神武月
154132,,154132,深渊の凝视·奈亚
154165,,154165,九黎兵主·蚩尤
154193,,154193,彼岸永望·孟婆
154203,,154203,不语奈何·知世
154217,,154217,虚数重构·黛依
154229,,154229,生命礼赞·可兰
154233,,154233,零阶·愚者
154264,,154264,灰烬熔芯·胜遇
154266,,154266,地隐微澜·小锦鲤
154282,,154282,凰诏天赦·烈焰凤凰
154292,,154292,绝望·尼德霍格
154310,,154310,云墨苍生·玄霄
154364,,154364,苍雷怒涛·风暴龙
154366,,154366,末世幽火悯·赫菲斯托斯
154367,,154367,神域初晓之刻·王者龙母
154374,,154374,绝对水域·王者梅卡
154396,,154396,武绝凌天·传说貘（实体态）
154428,,154428,泰坦巨神王·普罗米修斯
154443,,154443,深潜者·克拉肯
154503,,154503,绿野扉光·王者可兰
154866,,154866,光启精灵王-伊撒尔
154867,,154867,木之精灵王-可兰
154868,,154868,净化之光-拉克丝
154869,,154869,梦幻之光-罗塔纱
154870,,154870,水之精灵王-梅卡
154871,,154871,光启时代-圣天伊
154872,,154872,火之精灵王-菲尔
154874,,154874,暗月千面-艾琳
154875,,154875,守护之光-米垭
154879,,154879,神羽曙光-奥天
154880,,154880,重枪风暴-合金猛将
154881,,154881,圣窗余晖-米迦勒
154882,,154882,繁星余迹-路西法
154883,,154883,绝代兵神-韩信
154884,,154884,神峰圣护-山脉之魂
154890,,154890,幽冥主宰-哈迪斯
154891,,154891,木人桩-超火系
154892,,154892,猩红序曲-露易丝
154893,,154893,绿叶咆哮-棕叶战熊
154898,,154898,永恒源晶裁决之龙-阿卜苏
154899,,154899,生命使徒-瓦利
154909,,154909,寰宇鎏金星河入怀-银河
154910,,154910,千古一帝-秦始皇嬴政
154911,,154911,无我之境-力量王
154916,,154916,陨星-愚者
154917,,154917,福瑞降人间-圣王麒麟
154921,,154921,GOD-无冕之王
154922,,154922,GOD-无冕之王
154925,,154925,执掌因果万世轮回-帝俊
154939,,154939,旃檀功德-唐三藏
154940,,154940,齐天大圣-孙悟空
154945,,154945,众里寻他千百度-梦
154946,,154946,众生乐土万灵随行-末那
154952,,154952,谪仙剑无双-李白
154953,,154953,暗能涌动星海创生-提亚玛特
154955,,154955,凛冬之意-瓦格纳
154957,,154957,剑影抚落忆-孙尚香
154958,,154958,清辉映星河-望舒
154959,,154959,三位一体-至尊精灵王
154960,,154960,卷帘大将-沙悟净
154964,,154964,深渊安魂曲-奈亚
154967,,154967,踏阴阳定荒宇-东皇太一
154968,,154968,引尘造万物-星尘
154971,,154971,阴阳割昏晓-天道无极
154973,,154973,霜佑北境-帕里斯
154977,,154977,千山落樱之辉-夜樱
154978,,154978,荷风引水色-瑠璃
154980,,154980,月魄孤影-神武月
154987,,154987,神炎日冕-战无炎
154995,,154995,源星之归引-上古星龙
154996,,154996,深渊穿梭者-律
154999,,154999,救世的执妄愚人-公爵
155000,,155000,星穹庇世之翼-赫耳墨斯
155007,,155007,永劫破灭混沌至尊-卡奥斯
155019,,155019,创灵众生-通灵王
155020,,155020,白灵之尊-狼王
155021,,155021,万世独霸龙族至尊-帝皇龙
155022,,155022,荒宇独霸-帝皇龙
155023,,155023,倾世之寒-始祖冰龙
155025,,155025,星轨圣裁之回响-羲和
155026,,155026,雅克守护者-神罗麦提
155030,,155030,破虚空衍群龙-龙母
155038,,155038,斐灵之心-皮塔
155042,,155042,圣树临辉光暗双耀-奇灵王
155043,,155043,慧心渊识之智-密涅瓦
155050,,155050,春晖神女-可兰
155052,,155052,湍流激越-橙李
155053,,155053,戮器仁心-帝刃
155055,,155055,天国守护者-白天使王
155056,,155056,黑暗之翼-黑天使王
155074,,155074,睥睨众臣-女帝
155075,,155075,至高启示-真理之后
155082,,155082,深渊之契-绮美拉
155083,,155083,绝影蚀月-黑翼王
155084,,155084,幽冥千炼-鬼墨无忧
155087,,155087,武绝凌天-貘
155093,,155093,棋临无间-无冕之王
155096,,155096,冥骸蚀暗-阿修罗
155105,,155105,王者加冕-黄金圣天伊
155111,,155111,无垠-愚者
155112,,155112,陨灭-世界
155118,,155118,邃古凌苍-日月战武神
155121,,155121,混沌恩赐-厄瑞玻斯
155124,,155124,鸣劫制裁-雷霆青龙
155130,,155130,漆夜破空之刃-使者
155131,,155131,漆漆-使者
155136,,155136,万王天谕-圣王麒麟
155137,,155137,天地惊弦-六龙圣王
155142,,155142,圣魂觉醒-伊撒尔
155147,,155147,绝天穿梭之界-时空王
155153,,155153,神威重壁-惊涛玄武
155154,,155154,圣铃妙音众识浮沉-阿赖耶识
155162,,155162,真炎神君-菲尔
155171,,155171,伊甸园的余晖-亚当
155174,,155174,超越纪元的新生-海蒂拉玛
155187,,155187,星宇之隙穹宙之辉-银河
155188,,155188,万神之王-宙斯
155193,,155193,黄泉归引-孟婆
155196,,155196,造自然耀万物-盖亚
155197,,155197,荒秽堕墟-阿波菲斯
155199,,155199,自然恩赐-薇薇安
155203,,155203,恶魔之主-撒旦
155206,,155206,始祖大天使-尼斯洛克
155207,,155207,地狱天使-纳菲利姆
155214,,155214,绝望噬影-尼德霍格
155225,,155225,异界史诗-渡
155226,,155226,异界史诗-渡（不朽者）
155231,,155231,葬魂曲-死神弥尔
155235,,155235,瞰世之棘-亘古树灵
155240,,155240,霜寒冰域-上古龙女
155241,,155241,炽天炎境-上古龙女
155243,,155243,缘分一线牵-小狐仙
155247,,155247,天道秩序诸界主宰-乾坤
155253,,155253,爱与美的赞歌-维纳斯
155254,,155254,大道无名-天命王
155257,,155257,天穹苍翼-圣修暗凯帝
155258,,155258,魔神再临-以撒
155262,,155262,冰与火之舞-炽寒天凤
155265,,155265,永恒炽阳-神阿波罗
155272,,155272,创世织梦之眷-赫耳墨斯
155275,,155275,如星永伴长夜-梦
155291,,155291,原初骑士-洛兰
155293,,155293,横扫三界-孙悟空
155294,,155294,恶魔的私语-路西法
155295,,155295,永夜之主-夜王
155299,,155299,幻世镜梦-谴
155300,,155300,翼龙之子-凌风
155301,,155301,长夜墟渊-烛龙
155314,,155314,青山沐日天地无疆-盘古
155315,,155315,后土玄黄-岁岁祈
155316,,155316,梵星音律-乾达婆
155318,,155318,月辉奇迹-月亮星诺
155327,,155327,次元守护-伊撒尔
155330,,155330,诺言之神-星诺玛
155332,,155332,金翅神羽-迦楼罗
155336,,155336,群星守护寰宇光辉-神银河
155339,,155339,魂之缚-奇诺
155344,,155344,创世罪裁龙神-撒迦利亚
155346,,155346,凰权天下-帝女夙
155347,,155347,审判命运之战-奥丁大帝
155351,,155351,神国圣赐之羽-弗丽嘉
155353,,155353,诸天神通-帝释天
155360,,155360,混沌寂烬-厄瑞玻斯
155361,,155361,苍松剑意-干将
155364,,155364,混沌始源万物终湮-卡奥斯
155370,,155370,尼伯龙根之主-法芙娜
155377,,155377,冰霜亡域-巫妖王
155379,,155379,吾即深渊-拉莱耶
155380,,155380,吾即深渊-拉莱耶（支配者）
155381,,155381,吾即深渊-拉莱耶（真神）
155391,,155391,寰宇皆臣-女帝
155397,,155397,终末的残响-奈亚
155400,,155400,审神律理-无冕之王
155402,,155402,断海沧澜-龙太子
155413,,155413,逐光深坠-克希拉
155414,,155414,白魔法师-真言诺亚
155427,,155427,寒夜破晓之刃-使者
155431,,155431,九柱神临缔世碑火-阿蒙王
155433,,155433,神威地龙-摩罗迦
155438,,155438,墟尽神临之噬-赫耳墨斯
155439,,155439,噬界傀人-赫耳墨斯
155443,,155443,星芒圣佑-创世星灵
155450,,155450,圣裁座天使-奥菲妮
155453,,155453,孤胆英雄-赵云
155457,,155457,吾即永恒-阿卜苏
155464,,155464,万序之启-源
155467,,155467,灵骸烬染之潮-夜樱
155474,,155474,浮游天地乘风去-逍遥
155475,,155475,瑶琴迷阵-诸葛亮
155483,,155483,日月映海晨曦微露-羲和
155488,,155488,黑翎之妄朽界之暗-梵天
155493,,155493,天启纪元缔世圣冕-梵天
155494,,155494,横戟破军-吕布
155502,,155502,神行至尊-玄皇耀凌
155505,,155505,复生者-帕克
155512,,155512,全维衍化之钥-阿比斯
155513,,155513,血月之引-露易丝
155514,,155514,异度刀姬-尤尼梅特
155515,,155515,灵智终端-黛拉
155526,,155526,圣仪临世-烈焰凤凰
155527,,155527,一剑封魂-白夜叉
155532,,155532,穹星创迹苍宇生辉-银河
155539,,155539,空寂无尘万法唯心-阿赖耶识
155540,,155540,统界神权王者-帝皇龙
155544,,155544,绯龙之契源晶之辉-阿卜苏
155545,,155545,蛇影魔瞳-美杜莎
155552,,155552,星冕-愚者
155556,,155556,凝尘造界之星神-星尘
155561,,155561,龙吟瑞雪-圣王麒麟
155564,,155564,一桥一诺一相逢-梦
155572,,155572,忘川送魂-孟婆
155573,,155573,三生花缘-知世
155576,,155576,吞天黑潮-凯撒
155578,,155578,神霆点苍-奇灵王
155579,,155579,纵马引弓巾帼志-孙尚香
155590,,155590,时序永前万境永在-时空王
155597,,155597,日辉月影之扉-羲和
155598,,155598,虚堕之君王-贝利亚尔
155607,,155607,荒原苍焰-狼王
155622,,155622,创界悯世之颂祷-龙母
155623,,155623,七罪圣裁-伊撒尔
155632,,155632,魅魇之惑-始祖影龙
155640,,155640,万理炽天使-K
155644,,155644,光穹永耀之辉-天使王
155645,,155645,预命之君王-瓦沙克
155657,,155657,纪元初光之回响-圣天伊
155659,,155659,雪域圣主-冰雪女皇
155663,,155663,诡匿之君王-巴拉姆
155680,,155680,天地之始祖-盘古
155691,,155691,灾变之君王-拜恩
155717,,155717,暗潮星漩创界之渊-提亚玛特
155723,,155723,纪元至高之引-海蒂拉玛
155724,,155724,渊秘之君王-派蒙
155748,,155748,自然之母神-盖亚
155749,,155749,诱火之君王-阿斯摩太
155764,,155764,大荒共主-天帝昊天
155773,,155773,隐序之君王-普尔森
155779,,155779,深渊的回音-奈亚
155783,,155783,深渊的约定-克希拉
155791,,155791,深渊星阶-律
155798,,155798,众神之尊-宙斯
155806,,155806,冥霆之君王-巴尔
155812,,155812,爱与美的恩泽-维纳斯
155839,,155839,万灵溯生之御-盖亚
155898,,155898,万魂映月之主-夜樱
160006,,160006,爆焰吉拉
160009,,160009,露西亚
160039,,160039,伊莎女王
160066,,160066,摩格
160075,,160075,歌拉迪
160081,,160081,夜眼风魔
160084,,160084,蓝鹰斗士
160096,,160096,金刚库巴
160105,,160105,神武月
160111,,160111,战无炎
160162,,160162,法拉帝
160317,,160317,天使莱特
160322,,160322,达达
160328,,160328,SR战士
160427,,160427,星光角斗士
160504,,160504,先锋SR
160523,,160523,终极麦斗王
160775,,160775,帝皇龙
160778,,160778,红莲
160794,,160794,奇灵王
160807,,160807,苍蓝
160852,,160852,碎风
160887,,160887,凌云
160922,,160922,寒霜
160946,,160946,紫渊
160967,,160967,巨岩
160973,,160973,红魔
161082,,161082,奥奇
161086,,161086,绿焰
161093,,161093,斗神
161122,,161122,狼王迪洛斯
161124,,161124,夜王狄米特
161142,,161142,幻灵
161193,,161193,零宇
161230,,161230,雷泽
161272,,161272,地裂
161318,,161318,圣光
161426,,161426,黑炎龙
161896,,161896,光龙态·圣天伊
162227,,162227,暗行罗刹
162440,,162440,星魔幻影
162470,,162470,百变愚人盒
163079,,163079,貘·完全体
163173,,163173,八岐蛇魂·火
163176,,163176,传奇圣天伊
163180,,163180,传奇阿波罗
163188,,163188,传奇哈迪斯
163207,,163207,传奇月神
163216,,163216,传奇奇灵王
163380,,163380,[王者羁绊]圣天伊
163381,,163381,[远古精灵王]伊撒尔
163479,,163479,[圣堂刺客]半夏
163482,,163482,[圣堂之主]舜华
163498,,163498,乾坤·灭世魔龙
163926,,163926,辉煌城主·天龙座
163953,,163953,末世红镰闪·希尔瓦娜斯
163954,,163954,春晖神女·可兰
163958,,163958,神之审判·白天使王
163959,,163959,魔之禁锢·黑天使王
163963,,163963,大魔王·地
163975,,163975,万世龙尊·帝皇龙
163979,,163979,真炎神君·菲尔
163983,,163983,开天地创净土·盘古
163985,,163985,北方灵兽·玄武
163989,,163989,大暗黑·天
163990,,163990,无烬噩梦·伊撒尔
164036,,164036,未来计划·黯帝修罗
164042,,164042,星尊裁决·上古星龙
164043,,164043,未来计划·嗜血狼王
164132,,164132,深渊の凝视·奈亚
164165,,164165,九黎兵主·蚩尤
164166,,164166,伐天堕神·刑天
164193,,164193,彼岸永望·孟婆
164203,,164203,不语奈何·知世
164217,,164217,虚数重构·黛依
164264,,164264,灰烬熔芯·胜遇
164266,,164266,地隐微澜·小锦鲤
164282,,164282,凰诏天赦·烈焰凤凰
164292,,164292,绝望·尼德霍格
164310,,164310,云墨苍生·玄霄
164364,,164364,苍雷怒涛·风暴龙
164366,,164366,末世幽火悯·赫菲斯托斯
164374,,164374,绝对水域·王者梅卡
164428,,164428,泰坦巨神王·普罗米修斯
164443,,164443,深潜者·克拉肯
164503,,164503,绿野扉光·王者可兰
164866,,164866,光启精灵王-伊撒尔
164867,,164867,木之精灵王-可兰
164868,,164868,净化之光-拉克丝
164869,,164869,梦幻之光-罗塔纱
164870,,164870,水之精灵王-梅卡
164871,,164871,光启时代-圣天伊
164872,,164872,火之精灵王-菲尔
164875,,164875,守护之光-米垭
164879,,164879,神羽曙光-奥天
164880,,164880,重枪风暴-合金猛将
164881,,164881,圣窗余晖-米迦勒
164882,,164882,繁星余迹-路西法
164883,,164883,绝代兵神-韩信
164884,,164884,神峰圣护-山脉之魂
164890,,164890,幽冥主宰-哈迪斯
164891,,164891,木人桩-超土系
164892,,164892,猩红序曲-露易丝
164893,,164893,绿叶咆哮-棕叶战熊
164898,,164898,永恒源晶裁决之龙-阿卜苏
164899,,164899,生命使徒-瓦利
164909,,164909,寰宇鎏金星河入怀-银河
164911,,164911,无我之境-力量王
164916,,164916,陨星-愚者
164917,,164917,福瑞降人间-圣王麒麟
164921,,164921,GOD-无冕之王
164922,,164922,GOD-无冕之王
164925,,164925,执掌因果万世轮回-帝俊
164939,,164939,旃檀功德-唐三藏
164940,,164940,齐天大圣-孙悟空
164941,,164941,德安万世-唐太宗李世民
164945,,164945,众里寻他千百度-梦
164946,,164946,众生乐土万灵随行-末那
164952,,164952,谪仙剑无双-李白
164953,,164953,暗能涌动星海创生-提亚玛特
164955,,164955,凛冬之意-瓦格纳
164957,,164957,剑影抚落忆-孙尚香
164958,,164958,清辉映星河-望舒
164959,,164959,三位一体-至尊精灵王
164960,,164960,卷帘大将-沙悟净
164964,,164964,深渊安魂曲-奈亚
164967,,164967,踏阴阳定荒宇-东皇太一
164968,,164968,引尘造万物-星尘
164971,,164971,阴阳割昏晓-天道无极
164973,,164973,霜佑北境-帕里斯
164977,,164977,千山落樱之辉-夜樱
164978,,164978,荷风引水色-瑠璃
164980,,164980,月魄孤影-神武月
164987,,164987,神炎日冕-战无炎
164995,,164995,源星之归引-上古星龙
164996,,164996,深渊穿梭者-律
164999,,164999,救世的执妄愚人-公爵
165000,,165000,星穹庇世之翼-赫耳墨斯
165007,,165007,永劫破灭混沌至尊-卡奥斯
165020,,165020,白灵之尊-狼王
165021,,165021,万世独霸龙族至尊-帝皇龙
165022,,165022,荒宇独霸-帝皇龙
165023,,165023,倾世之寒-始祖冰龙
165026,,165026,雅克守护者-神罗麦提
165030,,165030,破虚空衍群龙-龙母
165038,,165038,斐灵之心-皮塔
165042,,165042,圣树临辉光暗双耀-奇灵王
165043,,165043,慧心渊识之智-密涅瓦
165050,,165050,春晖神女-可兰
165052,,165052,湍流激越-橙李
165053,,165053,戮器仁心-帝刃
165055,,165055,天国守护者-白天使王
165056,,165056,黑暗之翼-黑天使王
165074,,165074,睥睨众臣-女帝
165075,,165075,至高启示-真理之后
165082,,165082,深渊之契-绮美拉
165083,,165083,绝影蚀月-黑翼王
165087,,165087,武绝凌天-貘
165093,,165093,棋临无间-无冕之王
165096,,165096,冥骸蚀暗-阿修罗
165105,,165105,王者加冕-黄金圣天伊
165111,,165111,无垠-愚者
165112,,165112,陨灭-世界
165118,,165118,邃古凌苍-日月战武神
165121,,165121,混沌恩赐-厄瑞玻斯
165124,,165124,鸣劫制裁-雷霆青龙
165130,,165130,漆夜破空之刃-使者
165131,,165131,漆漆-使者
165136,,165136,万王天谕-圣王麒麟
165137,,165137,天地惊弦-六龙圣王
165142,,165142,圣魂觉醒-伊撒尔
165147,,165147,绝天穿梭之界-时空王
165153,,165153,神威重壁-惊涛玄武
165154,,165154,圣铃妙音众识浮沉-阿赖耶识
165162,,165162,真炎神君-菲尔
165171,,165171,伊甸园的余晖-亚当
165174,,165174,超越纪元的新生-海蒂拉玛
165187,,165187,星宇之隙穹宙之辉-银河
165188,,165188,万神之王-宙斯
165196,,165196,造自然耀万物-盖亚
165197,,165197,荒秽堕墟-阿波菲斯
165199,,165199,自然恩赐-薇薇安
165203,,165203,恶魔之主-撒旦
165206,,165206,始祖大天使-尼斯洛克
165207,,165207,地狱天使-纳菲利姆
165214,,165214,绝望噬影-尼德霍格
165225,,165225,异界史诗-渡
165226,,165226,异界史诗-渡（不朽者）
165231,,165231,葬魂曲-死神弥尔
165235,,165235,瞰世之棘-亘古树灵
165240,,165240,霜寒冰域-上古龙女
165241,,165241,炽天炎境-上古龙女
165243,,165243,缘分一线牵-小狐仙
165247,,165247,天道秩序诸界主宰-乾坤
165253,,165253,爱与美的赞歌-维纳斯
165254,,165254,大道无名-天命王
165257,,165257,天穹苍翼-圣修暗凯帝
165258,,165258,魔神再临-以撒
165262,,165262,冰与火之舞-炽寒天凤
165265,,165265,永恒炽阳-神阿波罗
165272,,165272,创世织梦之眷-赫耳墨斯
165275,,165275,如星永伴长夜-梦
165291,,165291,原初骑士-洛兰
165293,,165293,横扫三界-孙悟空
165294,,165294,恶魔的私语-路西法
165295,,165295,永夜之主-夜王
165299,,165299,幻世镜梦-谴
165300,,165300,翼龙之子-凌风
165301,,165301,长夜墟渊-烛龙
165314,,165314,青山沐日天地无疆-盘古
165315,,165315,后土玄黄-岁岁祈
165316,,165316,梵星音律-乾达婆
165327,,165327,次元守护-伊撒尔
165330,,165330,诺言之神-星诺玛
165332,,165332,金翅神羽-迦楼罗
165336,,165336,群星守护寰宇光辉-神银河
165344,,165344,创世罪裁龙神-撒迦利亚
165346,,165346,凰权天下-帝女夙
165347,,165347,审判命运之战-奥丁大帝
165351,,165351,神国圣赐之羽-弗丽嘉
165353,,165353,诸天神通-帝释天
165360,,165360,混沌寂烬-厄瑞玻斯
165364,,165364,混沌始源万物终湮-卡奥斯
165377,,165377,冰霜亡域-巫妖王
165379,,165379,吾即深渊-拉莱耶
165380,,165380,吾即深渊-拉莱耶（支配者）
165381,,165381,吾即深渊-拉莱耶（真神）
165391,,165391,寰宇皆臣-女帝
165397,,165397,终末的残响-奈亚
165400,,165400,审神律理-无冕之王
165402,,165402,断海沧澜-龙太子
165413,,165413,逐光深坠-克希拉
165414,,165414,白魔法师-真言诺亚
165427,,165427,寒夜破晓之刃-使者
165431,,165431,九柱神临缔世碑火-阿蒙王
165433,,165433,神威地龙-摩罗迦
165438,,165438,墟尽神临之噬-赫耳墨斯
165439,,165439,噬界傀人-赫耳墨斯
165443,,165443,星芒圣佑-创世星灵
165450,,165450,圣裁座天使-奥菲妮
165453,,165453,孤胆英雄-赵云
165457,,165457,吾即永恒-阿卜苏
165464,,165464,万序之启-源
165467,,165467,灵骸烬染之潮-夜樱
165474,,165474,浮游天地乘风去-逍遥
165475,,165475,瑶琴迷阵-诸葛亮
165483,,165483,日月映海晨曦微露-羲和
165488,,165488,黑翎之妄朽界之暗-梵天
165493,,165493,天启纪元缔世圣冕-梵天
165494,,165494,横戟破军-吕布
165502,,165502,神行至尊-玄皇耀凌
165505,,165505,复生者-帕克
165512,,165512,全维衍化之钥-阿比斯
165513,,165513,血月之引-露易丝
165515,,165515,灵智终端-黛拉
165526,,165526,圣仪临世-烈焰凤凰
165527,,165527,一剑封魂-白夜叉
165532,,165532,穹星创迹苍宇生辉-银河
165539,,165539,空寂无尘万法唯心-阿赖耶识
165540,,165540,统界神权王者-帝皇龙
165544,,165544,绯龙之契源晶之辉-阿卜苏
165545,,165545,蛇影魔瞳-美杜莎
165552,,165552,星冕-愚者
165556,,165556,凝尘造界之星神-星尘
165561,,165561,龙吟瑞雪-圣王麒麟
165564,,165564,一桥一诺一相逢-梦
165572,,165572,忘川送魂-孟婆
165573,,165573,三生花缘-知世
165576,,165576,吞天黑潮-凯撒
165578,,165578,神霆点苍-奇灵王
165579,,165579,纵马引弓巾帼志-孙尚香
165590,,165590,时序永前万境永在-时空王
165597,,165597,日辉月影之扉-羲和
165598,,165598,虚堕之君王-贝利亚尔
165607,,165607,荒原苍焰-狼王
165614,,165614,不朽龙主-巴哈姆特
165622,,165622,创界悯世之颂祷-龙母
165623,,165623,七罪圣裁-伊撒尔
165632,,165632,魅魇之惑-始祖影龙
165640,,165640,万理炽天使-K
165644,,165644,光穹永耀之辉-天使王
165645,,165645,预命之君王-瓦沙克
165657,,165657,纪元初光之回响-圣天伊
165659,,165659,雪域圣主-冰雪女皇
165663,,165663,诡匿之君王-巴拉姆
165680,,165680,天地之始祖-盘古
165691,,165691,灾变之君王-拜恩
165717,,165717,暗潮星漩创界之渊-提亚玛特
165723,,165723,纪元至高之引-海蒂拉玛
165724,,165724,渊秘之君王-派蒙
165748,,165748,自然之母神-盖亚
165749,,165749,诱火之君王-阿斯摩太
165764,,165764,大荒共主-天帝昊天
165773,,165773,隐序之君王-普尔森
165779,,165779,深渊的回音-奈亚
165783,,165783,深渊的约定-克希拉
165791,,165791,深渊星阶-律
165798,,165798,众神之尊-宙斯
165806,,165806,冥霆之君王-巴尔
165812,,165812,爱与美的恩泽-维纳斯
165839,,165839,万灵溯生之御-盖亚
165898,,165898,万魂映月之主-夜樱
170003,,170003,大师兔
170006,,170006,爆焰吉拉
170009,,170009,露西亚
170010,,170010,朵朵兔
170017,,170017,电击河豚
170030,,170030,变色角龙
170033,,170033,鲨鱼王
170039,,170039,伊莎女王
170045,,170045,飞天犬
170054,,170054,白古丁
170057,,170057,黑蝠王
170059,,170059,扭扭蛇
170063,,170063,库斯特
170072,,170072,斯多王
170081,,170081,夜眼风魔
170084,,170084,蓝鹰斗士
170093,,170093,木面侠
170096,,170096,金刚库巴
170099,,170099,火花龙
170102,,170102,合金猛将
170105,,170105,神武月
170111,,170111,战无炎
170129,,170129,彩羽贝拉
170132,,170132,暗夜卡伦
170153,,170153,雷云狮
170177,,170177,骰子大王
170208,,170208,黑小问
170238,,170238,阿努比斯
170278,,170278,烈焰鸟
170293,,170293,焚天大圣
170299,,170299,斑斓神马
170302,,170302,龙族重剑士
170303,,170303,龙族神射手
170305,,170305,龙族大法师
170317,,170317,天使莱特
170328,,170328,SR战士
170408,,170408,青翼绿龙
170469,,170469,雷纳瑞
170472,,170472,魂斗鱼
170504,,170504,先锋SR
170577,,170577,飞云骑
170775,,170775,帝皇龙
170778,,170778,红莲
170807,,170807,苍蓝
170819,,170819,天女若希
170822,,170822,天使丘比特
170840,,170840,神罗麦提
170852,,170852,碎风
170887,,170887,凌云
170922,,170922,寒霜
170967,,170967,巨岩
171093,,171093,斗神
171122,,171122,狼王迪洛斯
171124,,171124,夜王狄米特
171142,,171142,幻灵
171193,,171193,零宇
171230,,171230,雷泽
171272,,171272,地裂
171298,,171298,幻流
171318,,171318,圣光
171426,,171426,黑炎龙
171896,,171896,光龙态·圣天伊
172227,,172227,暗行罗刹
172440,,172440,星魔
172603,,172603,超念
173079,,173079,貘·完全体
173173,,173173,八岐蛇魂·龙
173176,,173176,传奇圣天伊
173180,,173180,传奇阿波罗
173188,,173188,传奇哈迪斯
173216,,173216,传奇奇灵王
173380,,173380,[王者羁绊]圣天伊
173381,,173381,[远古精灵王]伊撒尔
173384,,173384,[斗转星移]智慧王
173408,,173408,[亘古鸿蒙]力量王
173498,,173498,完全·灭世魔龙
173508,,173508,[最初的梦想]古渊露龙
173515,,173515,[最初的梦想]古渊露龙
173534,,173534,[最初的希望]终结兔
173535,,173535,[最初的希望]终结兔
173554,,173554,[最初的热血]魔焰吉拉
173555,,173555,[最初的热血]魔焰吉拉
173926,,173926,辉煌城主·天龙座
173953,,173953,末世红镰闪·希尔瓦娜斯
173954,,173954,春晖神女·可兰
173958,,173958,神之审判·白天使王
173959,,173959,魔之禁锢·黑天使王
173963,,173963,大魔王·地
173975,,173975,万世龙尊·帝皇龙
173989,,173989,大暗黑·天
174043,,174043,未来计划·嗜血狼王
174132,,174132,深渊の凝视·奈亚
174165,,174165,九黎兵主·蚩尤
174203,,174203,不语奈何·知世
174217,,174217,虚数重构·黛依
174264,,174264,灰烬熔芯·胜遇
174266,,174266,地隐微澜·小锦鲤
174292,,174292,绝望·尼德霍格
174310,,174310,云墨苍生·玄霄
174364,,174364,苍雷怒涛·风暴龙
174366,,174366,末世幽火悯·赫菲斯托斯
174374,,174374,绝对水域·王者梅卡
174428,,174428,泰坦巨神王·普罗米修斯
174443,,174443,深潜者·克拉肯
174503,,174503,绿野扉光·王者可兰
174866,,174866,光启精灵王-伊撒尔的幻影
174867,,174867,木之精灵王-可兰
174870,,174870,水之精灵王-梅卡
174871,,174871,光启时代-圣天伊
174872,,174872,火之精灵王-菲尔
174879,,174879,神羽曙光-奥天
174880,,174880,重枪风暴-合金猛将
174881,,174881,圣窗余晖-米迦勒
174882,,174882,繁星余迹-路西法
174883,,174883,绝代兵神-韩信
174884,,174884,神峰圣护-山脉之魂
174890,,174890,幽冥主宰-哈迪斯
174891,,174891,木人桩-超电系
174892,,174892,猩红序曲-露易丝
174893,,174893,绿叶咆哮-棕叶战熊
174898,,174898,永恒源晶裁决之龙-阿卜苏
174909,,174909,寰宇鎏金星河入怀-银河
174911,,174911,无我之境-力量王
174916,,174916,陨星-愚者
174917,,174917,福瑞降人间-圣王麒麟
174921,,174921,GOD-无冕之王
174922,,174922,GOD-无冕之王
174925,,174925,执掌因果万世轮回-帝俊
174939,,174939,旃檀功德-唐三藏
174940,,174940,齐天大圣-孙悟空
174941,,174941,德安万世-唐太宗李世民
174945,,174945,众里寻他千百度-梦
174946,,174946,众生乐土万灵随行-末那
174952,,174952,谪仙剑无双-李白
174953,,174953,暗能涌动星海创生-提亚玛特
174955,,174955,凛冬之意-瓦格纳
174957,,174957,剑影抚落忆-孙尚香
174958,,174958,清辉映星河-望舒
174959,,174959,三位一体-至尊精灵王
174960,,174960,卷帘大将-沙悟净
174964,,174964,深渊安魂曲-奈亚
174967,,174967,踏阴阳定荒宇-东皇太一
174968,,174968,引尘造万物-星尘
174971,,174971,阴阳割昏晓-天道无极
174973,,174973,霜佑北境-帕里斯
174977,,174977,千山落樱之辉-夜樱
174978,,174978,荷风引水色-瑠璃
174980,,174980,月魄孤影-神武月
174987,,174987,神炎日冕-战无炎
174995,,174995,源星之归引-上古星龙
174996,,174996,深渊穿梭者-律
174999,,174999,救世的执妄愚人-公爵
175000,,175000,星穹庇世之翼-赫耳墨斯
175007,,175007,永劫破灭混沌至尊-卡奥斯
175020,,175020,白灵之尊-狼王
175021,,175021,万世独霸龙族至尊-帝皇龙
175022,,175022,荒宇独霸-帝皇龙
175023,,175023,倾世之寒-始祖冰龙
175026,,175026,雅克守护者-神罗麦提
175030,,175030,破虚空衍群龙-龙母
175038,,175038,斐灵之心-皮塔
175042,,175042,圣树临辉光暗双耀-奇灵王
175043,,175043,慧心渊识之智-密涅瓦
175050,,175050,春晖神女-可兰
175053,,175053,戮器仁心-帝刃
175055,,175055,天国守护者-白天使王
175056,,175056,黑暗之翼-黑天使王
175074,,175074,睥睨众臣-女帝
175082,,175082,深渊之契-绮美拉
175083,,175083,绝影蚀月-黑翼王
175087,,175087,武绝凌天-貘
175093,,175093,棋临无间-无冕之王
175096,,175096,冥骸蚀暗-阿修罗
175105,,175105,王者加冕-黄金圣天伊
175111,,175111,无垠-愚者
175112,,175112,陨灭-世界
175118,,175118,邃古凌苍-日月战武神
175121,,175121,混沌恩赐-厄瑞玻斯
175124,,175124,鸣劫制裁-雷霆青龙
175130,,175130,漆夜破空之刃-使者
175131,,175131,漆漆-使者
175136,,175136,万王天谕-圣王麒麟
175137,,175137,天地惊弦-六龙圣王
175142,,175142,圣魂觉醒-伊撒尔
175147,,175147,绝天穿梭之界-时空王
175153,,175153,神威重壁-惊涛玄武
175154,,175154,圣铃妙音众识浮沉-阿赖耶识
175162,,175162,真炎神君-菲尔
175171,,175171,伊甸园的余晖-亚当
175174,,175174,超越纪元的新生-海蒂拉玛
175187,,175187,星宇之隙穹宙之辉-银河
175188,,175188,万神之王-宙斯
175196,,175196,造自然耀万物-盖亚
175197,,175197,荒秽堕墟-阿波菲斯
175203,,175203,恶魔之主-撒旦
175206,,175206,始祖大天使-尼斯洛克
175214,,175214,绝望噬影-尼德霍格
175225,,175225,异界史诗-渡
175226,,175226,异界史诗-渡（不朽者）
175231,,175231,葬魂曲-死神弥尔
175235,,175235,瞰世之棘-亘古树灵
175240,,175240,霜寒冰域-上古龙女
175241,,175241,炽天炎境-上古龙女
175243,,175243,缘分一线牵-小狐仙
175247,,175247,天道秩序诸界主宰-乾坤
175254,,175254,大道无名-天命王
175257,,175257,天穹苍翼-圣修暗凯帝
175258,,175258,魔神再临-以撒
175262,,175262,冰与火之舞-炽寒天凤
175265,,175265,永恒炽阳-神阿波罗
175272,,175272,创世织梦之眷-赫耳墨斯
175275,,175275,如星永伴长夜-梦
175291,,175291,原初骑士-洛兰
175294,,175294,恶魔的私语-路西法
175295,,175295,永夜之主-夜王
175299,,175299,幻世镜梦-谴
175300,,175300,翼龙之子-凌风
175301,,175301,长夜墟渊-烛龙
175314,,175314,青山沐日天地无疆-盘古
175315,,175315,后土玄黄-岁岁祈
175316,,175316,梵星音律-乾达婆
175327,,175327,次元守护-伊撒尔
175330,,175330,诺言之神-星诺玛
175332,,175332,金翅神羽-迦楼罗
175336,,175336,群星守护寰宇光辉-神银河
175344,,175344,创世罪裁龙神-撒迦利亚
175347,,175347,审判命运之战-奥丁大帝
175351,,175351,神国圣赐之羽-弗丽嘉
175353,,175353,诸天神通-帝释天
175360,,175360,混沌寂烬-厄瑞玻斯
175364,,175364,混沌始源万物终湮-卡奥斯
175377,,175377,冰霜亡域-巫妖王
175379,,175379,吾即深渊-拉莱耶
175380,,175380,吾即深渊-拉莱耶（支配者）
175381,,175381,吾即深渊-拉莱耶（真神）
175391,,175391,寰宇皆臣-女帝
175397,,175397,终末的残响-奈亚
175400,,175400,审神律理-无冕之王
175402,,175402,断海沧澜-龙太子
175413,,175413,逐光深坠-克希拉
175414,,175414,白魔法师-真言诺亚
175427,,175427,寒夜破晓之刃-使者
175431,,175431,九柱神临缔世碑火-阿蒙王
175433,,175433,神威地龙-摩罗迦
175438,,175438,墟尽神临之噬-赫耳墨斯
175439,,175439,噬界傀人-赫耳墨斯
175443,,175443,星芒圣佑-创世星灵
175450,,175450,圣裁座天使-奥菲妮
175453,,175453,孤胆英雄-赵云
175457,,175457,吾即永恒-阿卜苏
175464,,175464,万序之启-源
175467,,175467,灵骸烬染之潮-夜樱
175474,,175474,浮游天地乘风去-逍遥
175475,,175475,瑶琴迷阵-诸葛亮
175488,,175488,黑翎之妄朽界之暗-梵天
175494,,175494,横戟破军-吕布
175502,,175502,神行至尊-玄皇耀凌
175505,,175505,复生者-帕克
175512,,175512,全维衍化之钥-阿比斯
175513,,175513,血月之引-露易丝
175515,,175515,灵智终端-黛拉
175526,,175526,圣仪临世-烈焰凤凰
175527,,175527,一剑封魂-白夜叉
175532,,175532,穹星创迹苍宇生辉-银河
175539,,175539,空寂无尘万法唯心-阿赖耶识
175540,,175540,统界神权王者-帝皇龙
175544,,175544,绯龙之契源晶之辉-阿卜苏
175545,,175545,蛇影魔瞳-美杜莎
175552,,175552,星冕-愚者
175556,,175556,凝尘造界之星神-星尘
175561,,175561,龙吟瑞雪-圣王麒麟
175564,,175564,一桥一诺一相逢-梦
175572,,175572,忘川送魂-孟婆
175573,,175573,三生花缘-知世
175576,,175576,吞天黑潮-凯撒
175578,,175578,神霆点苍-奇灵王
175579,,175579,纵马引弓巾帼志-孙尚香
175590,,175590,时序永前万境永在-时空王
175597,,175597,日辉月影之扉-羲和
175598,,175598,虚堕之君王-贝利亚尔
175607,,175607,荒原苍焰-狼王
175614,,175614,不朽龙主-巴哈姆特
175632,,175632,魅魇之惑-始祖影龙
175644,,175644,光穹永耀之辉-天使王
175645,,175645,预命之君王-瓦沙克
175657,,175657,纪元初光之回响-圣天伊
175659,,175659,雪域圣主-冰雪女皇
175663,,175663,诡匿之君王-巴拉姆
175680,,175680,天地之始祖-盘古
175691,,175691,灾变之君王-拜恩
175723,,175723,纪元至高之引-海蒂拉玛
175724,,175724,渊秘之君王-派蒙
175748,,175748,自然之母神-盖亚
175749,,175749,诱火之君王-阿斯摩太
175764,,175764,大荒共主-天帝昊天
175773,,175773,隐序之君王-普尔森
175779,,175779,深渊的回音-奈亚
175783,,175783,深渊的约定-克希拉
175791,,175791,深渊星阶-律
175806,,175806,冥霆之君王-巴尔
175812,,175812,爱与美的恩泽-维纳斯
175839,,175839,万灵溯生之御-盖亚
175898,,175898,万魂映月之主-夜樱
180006,,180006,爆焰吉拉
180105,,180105,神武月
180111,,180111,战无炎
180129,,180129,彩羽贝拉
180132,,180132,暗夜卡伦
180162,,180162,法拉帝
180278,,180278,烈焰鸟
180328,,180328,SR战士
180388,,180388,天罡玄武
180469,,180469,雷纳瑞
180472,,180472,魂斗鱼
180504,,180504,先锋SR
180701,,180701,野绿战魂
180715,,180715,远古灵龟
180741,,180741,朱雀灵兽
180757,,180757,暴雪山神
180775,,180775,帝皇龙
180796,,180796,赤魔导士
180865,,180865,超T兔
181122,,181122,狼王迪洛斯
181124,,181124,夜王狄米特
181292,,181292,小幻
181300,,181300,幻雷
181426,,181426,黑炎龙
181896,,181896,光龙态·圣天伊
182227,,182227,暗行罗刹
182398,,182398,费曼
182414,,182414,伍德
182422,,182422,天焰菲尔
182440,,182440,星魔复制体
182464,,182464,大白
182486,,182486,Zeta
182497,,182497,阴阳圣护
182531,,182531,烈阳火凤
182534,,182534,妖刀斩日
182543,,182543,冥剑断月
182591,,182591,东皇太一
182594,,182594,超·赤色梦魇
182595,,182595,阴
182603,,182603,超念
183173,,183173,八岐大蛇·完全体
183176,,183176,传奇圣天伊
183188,,183188,传奇哈迪斯
183381,,183381,[远古精灵王]伊撒尔
183498,,183498,神·灭世魔龙
183926,,183926,辉煌城主·天龙座
183958,,183958,神之审判·白天使王
183959,,183959,魔之禁锢·黑天使王
183963,,183963,大魔王·地
183975,,183975,万世龙尊·帝皇龙
183989,,183989,大暗黑·天
184043,,184043,未来计划·嗜血狼王
184165,,184165,九黎兵主·蚩尤
184203,,184203,不语奈何·知世
184217,,184217,虚数重构·黛依
184264,,184264,灰烬熔芯·胜遇
184266,,184266,地隐微澜·小锦鲤
184282,,184282,凰诏天赦·烈焰凤凰
184292,,184292,绝望·尼德霍格
184310,,184310,云墨苍生·玄霄
184366,,184366,末世幽火悯·赫菲斯托斯
184428,,184428,泰坦巨神王·普罗米修斯
184503,,184503,绿野扉光·王者可兰
184866,,184866,光启精灵王-伊撒尔
184870,,184870,水之精灵王-梅卡
184871,,184871,光启时代-圣天伊
184872,,184872,火之精灵王-菲尔
184879,,184879,神羽曙光-奥天
184880,,184880,重枪风暴-合金猛将
184881,,184881,圣窗余晖-米迦勒
184882,,184882,繁星余迹-路西法
184883,,184883,绝代兵神-韩信
184884,,184884,神峰圣护-山脉之魂
184890,,184890,幽冥主宰-哈迪斯
184891,,184891,木人桩-超光系
184892,,184892,猩红序曲-露易丝
184893,,184893,绿叶咆哮-棕叶战熊
184898,,184898,永恒源晶裁决之龙-阿卜苏
184909,,184909,寰宇鎏金星河入怀-银河
184911,,184911,无我之境-力量王
184916,,184916,陨星-愚者
184917,,184917,福瑞降人间-圣王麒麟
184925,,184925,执掌因果万世轮回-帝俊
184939,,184939,旃檀功德-唐三藏
184940,,184940,齐天大圣-孙悟空
184941,,184941,德安万世-唐太宗李世民
184945,,184945,众里寻他千百度-梦
184946,,184946,众生乐土万灵随行-末那
184952,,184952,谪仙剑无双-李白
184953,,184953,暗能涌动星海创生-提亚玛特
184955,,184955,凛冬之意-瓦格纳
184957,,184957,剑影抚落忆-孙尚香
184958,,184958,清辉映星河-望舒
184959,,184959,三位一体-至尊精灵王
184960,,184960,卷帘大将-沙悟净
184964,,184964,深渊安魂曲-奈亚
184967,,184967,踏阴阳定荒宇-东皇太一
184968,,184968,引尘造万物-星尘
184971,,184971,阴阳割昏晓-天道无极
184973,,184973,霜佑北境-帕里斯
184977,,184977,千山落樱之辉-夜樱
184978,,184978,荷风引水色-瑠璃
184980,,184980,月魄孤影-神武月
184987,,184987,神炎日冕-战无炎
184995,,184995,源星之归引-上古星龙
184996,,184996,深渊穿梭者-律
185007,,185007,永劫破灭混沌至尊-卡奥斯
185021,,185021,万世独霸龙族至尊-帝皇龙
185022,,185022,荒宇独霸-帝皇龙
185023,,185023,倾世之寒-始祖冰龙
185026,,185026,雅克守护者-神罗麦提
185030,,185030,破虚空衍群龙-龙母
185038,,185038,斐灵之心-皮塔
185042,,185042,圣树临辉光暗双耀-奇灵王
185043,,185043,慧心渊识之智-密涅瓦
185050,,185050,春晖神女-可兰
185055,,185055,天国守护者-白天使王
185056,,185056,黑暗之翼-黑天使王
185074,,185074,睥睨众臣-女帝
185082,,185082,深渊之契-绮美拉
185083,,185083,绝影蚀月-黑翼王
185087,,185087,武绝凌天-貘
185096,,185096,冥骸蚀暗-阿修罗
185105,,185105,王者加冕-黄金圣天伊
185111,,185111,无垠-愚者
185112,,185112,陨灭-世界
185118,,185118,邃古凌苍-日月战武神
185121,,185121,混沌恩赐-厄瑞玻斯
185124,,185124,鸣劫制裁-雷霆青龙
185130,,185130,漆夜破空之刃-使者
185131,,185131,漆漆-使者
185136,,185136,万王天谕-圣王麒麟
185137,,185137,天地惊弦-六龙圣王
185142,,185142,圣魂觉醒-伊撒尔
185147,,185147,绝天穿梭之界-时空王
185153,,185153,神威重壁-惊涛玄武
185154,,185154,圣铃妙音众识浮沉-阿赖耶识
185171,,185171,伊甸园的余晖-亚当
185174,,185174,超越纪元的新生-海蒂拉玛
185187,,185187,星宇之隙穹宙之辉-银河
185188,,185188,万神之王-宙斯
185196,,185196,造自然耀万物-盖亚
185197,,185197,荒秽堕墟-阿波菲斯
185203,,185203,恶魔之主-撒旦
185206,,185206,始祖大天使-尼斯洛克
185214,,185214,绝望噬影-尼德霍格
185225,,185225,异界史诗-渡
185226,,185226,异界史诗-渡（不朽者）
185231,,185231,葬魂曲-死神弥尔
185235,,185235,瞰世之棘-亘古树灵
185240,,185240,霜寒冰域-上古龙女
185241,,185241,炽天炎境-上古龙女
185243,,185243,缘分一线牵-小狐仙
185247,,185247,天道秩序诸界主宰-乾坤
185254,,185254,大道无名-天命王
185257,,185257,天穹苍翼-圣修暗凯帝
185258,,185258,魔神再临-以撒
185262,,185262,冰与火之舞-炽寒天凤
185265,,185265,永恒炽阳-神阿波罗
185272,,185272,创世织梦之眷-赫耳墨斯
185275,,185275,如星永伴长夜-梦
185291,,185291,原初骑士-洛兰
185294,,185294,恶魔的私语-路西法
185295,,185295,永夜之主-夜王
185299,,185299,幻世镜梦-谴
185300,,185300,翼龙之子-凌风
185301,,185301,长夜墟渊-烛龙
185314,,185314,青山沐日天地无疆-盘古
185316,,185316,梵星音律-乾达婆
185327,,185327,次元守护-伊撒尔
185330,,185330,诺言之神-星诺玛
185332,,185332,金翅神羽-迦楼罗
185336,,185336,群星守护寰宇光辉-神银河
185344,,185344,创世罪裁龙神-撒迦利亚
185347,,185347,审判命运之战-奥丁大帝
185351,,185351,神国圣赐之羽-弗丽嘉
185353,,185353,诸天神通-帝释天
185360,,185360,混沌寂烬-厄瑞玻斯
185364,,185364,混沌始源万物终湮-卡奥斯
185377,,185377,冰霜亡域-巫妖王
185379,,185379,吾即深渊-拉莱耶
185380,,185380,吾即深渊-拉莱耶（支配者）
185381,,185381,吾即深渊-拉莱耶（真神）
185391,,185391,寰宇皆臣-女帝
185397,,185397,终末的残响-奈亚
185400,,185400,审神律理-无冕之王
185402,,185402,断海沧澜-龙太子
185413,,185413,逐光深坠-克希拉
185414,,185414,白魔法师-真言诺亚
185427,,185427,寒夜破晓之刃-使者
185431,,185431,九柱神临缔世碑火-阿蒙王
185433,,185433,神威地龙-摩罗迦
185438,,185438,墟尽神临之噬-赫耳墨斯
185439,,185439,噬界傀人-赫耳墨斯
185450,,185450,圣裁座天使-奥菲妮
185457,,185457,吾即永恒-阿卜苏
185464,,185464,万序之启-源
185467,,185467,灵骸烬染之潮-夜樱
185474,,185474,浮游天地乘风去-逍遥
185475,,185475,瑶琴迷阵-诸葛亮
185488,,185488,黑翎之妄朽界之暗-梵天
185494,,185494,横戟破军-吕布
185502,,185502,神行至尊-玄皇耀凌
185505,,185505,复生者-帕克
185512,,185512,全维衍化之钥-阿比斯
185513,,185513,血月之引-露易丝
185515,,185515,灵智终端-黛拉
185526,,185526,圣仪临世-烈焰凤凰
185527,,185527,一剑封魂-白夜叉
185532,,185532,穹星创迹苍宇生辉-银河
185539,,185539,空寂无尘万法唯心-阿赖耶识
185540,,185540,统界神权王者-帝皇龙
185552,,185552,星冕-愚者
185556,,185556,凝尘造界之星神-星尘
185561,,185561,龙吟瑞雪-圣王麒麟
185564,,185564,一桥一诺一相逢-梦
185572,,185572,忘川送魂-孟婆
185573,,185573,三生花缘-知世
185576,,185576,吞天黑潮-凯撒
185578,,185578,神霆点苍-奇灵王
185579,,185579,纵马引弓巾帼志-孙尚香
185590,,185590,时序永前万境永在-时空王
185597,,185597,日辉月影之扉-羲和
185598,,185598,虚堕之君王-贝利亚尔
185607,,185607,荒原苍焰-狼王
185614,,185614,不朽龙主-巴哈姆特
185632,,185632,魅魇之惑-始祖影龙
185644,,185644,光穹永耀之辉-天使王
185645,,185645,预命之君王-瓦沙克
185657,,185657,纪元初光之回响-圣天伊
185659,,185659,雪域圣主-冰雪女皇
185663,,185663,诡匿之君王-巴拉姆
185691,,185691,灾变之君王-拜恩
185723,,185723,纪元至高之引-海蒂拉玛
185724,,185724,渊秘之君王-派蒙
185748,,185748,自然之母神-盖亚
185749,,185749,诱火之君王-阿斯摩太
185764,,185764,大荒共主-天帝昊天
185773,,185773,隐序之君王-普尔森
185779,,185779,深渊的回音-奈亚
185783,,185783,深渊的约定-克希拉
185791,,185791,深渊星阶-律
185812,,185812,爱与美的恩泽-维纳斯
185839,,185839,万灵溯生之御-盖亚
185898,,185898,万魂映月之主-夜樱
190105,,190105,神武月
190111,,190111,战无炎
190147,,190147,芭比鹿
190186,,190186,鲁纳比克
190323,,190323,梅卡
190328,,190328,SR战士
190504,,190504,先锋SR
190653,,190653,飞天独角兽
190768,,190768,超钢灵骑
190775,,190775,帝皇龙
190901,,190901,星宇侠
190936,,190936,骑士萧辰
191122,,191122,狼王迪洛斯
191124,,191124,夜王狄米特
191296,,191296,幻炎
191298,,191298,幻流
191300,,191300,幻雷
191307,,191307,幻光
191309,,191309,幻冥
191426,,191426,幻之黑炎龙
191455,,191455,黄金刺龙
191613,,191613,居里公主
191651,,191651,路威杰
191821,,191821,冰晶圣兽
191896,,191896,光龙态·圣天伊
191993,,191993,术士加比
192227,,192227,暗行罗刹
192400,,192400,沃特
192440,,192440,星魔分身
193173,,193173,八岐大蛇·完全体
193381,,193381,[远古精灵王]伊撒尔
193498,,193498,时空·灭世魔龙
193926,,193926,辉煌城主·天龙座
193958,,193958,神之审判·白天使王
193963,,193963,大魔王·地
193975,,193975,万世龙尊·帝皇龙
194043,,194043,未来计划·嗜血狼王
194203,,194203,不语奈何·知世
194217,,194217,虚数重构·黛依
194264,,194264,灰烬熔芯·胜遇
194282,,194282,凰诏天赦·烈焰凤凰
194292,,194292,绝望·尼德霍格
194310,,194310,云墨苍生·玄霄
194366,,194366,末世幽火悯·赫菲斯托斯
194428,,194428,泰坦巨神王·普罗米修斯
194503,,194503,绿野扉光·王者可兰
194866,,194866,光启精灵王-伊撒尔
194867,,194867,木之精灵王-可兰
194870,,194870,水之精灵王-梅卡
194871,,194871,光启时代-圣天伊
194872,,194872,火之精灵王-菲尔
194879,,194879,神羽曙光-奥天
194880,,194880,重枪风暴-合金猛将
194881,,194881,圣窗余晖-米迦勒
194882,,194882,繁星余迹-路西法
194883,,194883,绝代兵神-韩信
194884,,194884,神峰圣护-山脉之魂
194890,,194890,幽冥主宰-哈迪斯
194891,,194891,木人桩-超暗系
194892,,194892,猩红序曲-露易丝
194893,,194893,绿叶咆哮-棕叶战熊
194898,,194898,永恒源晶裁决之龙-阿卜苏
194909,,194909,寰宇鎏金星河入怀-银河
194911,,194911,无我之境-力量王
194916,,194916,陨星-愚者
194917,,194917,福瑞降人间-圣王麒麟
194925,,194925,执掌因果万世轮回-帝俊
194939,,194939,旃檀功德-唐三藏
194940,,194940,齐天大圣-孙悟空
194941,,194941,德安万世-唐太宗李世民
194945,,194945,众里寻他千百度-梦
194946,,194946,众生乐土万灵随行-末那
194952,,194952,谪仙剑无双-李白
194953,,194953,暗能涌动星海创生-提亚玛特
194955,,194955,凛冬之意-瓦格纳
194957,,194957,剑影抚落忆-孙尚香
194959,,194959,三位一体-至尊精灵王
194960,,194960,卷帘大将-沙悟净
194964,,194964,深渊安魂曲-奈亚
194967,,194967,踏阴阳定荒宇-东皇太一
194968,,194968,引尘造万物-星尘
194971,,194971,阴阳割昏晓-天道无极
194973,,194973,霜佑北境-帕里斯
194977,,194977,千山落樱之辉-夜樱
194978,,194978,荷风引水色-瑠璃
194980,,194980,月魄孤影-神武月
194987,,194987,神炎日冕-战无炎
194995,,194995,源星之归引-上古星龙
195007,,195007,永劫破灭混沌至尊-卡奥斯
195021,,195021,万世独霸龙族至尊-帝皇龙
195022,,195022,荒宇独霸-帝皇龙
195023,,195023,倾世之寒-始祖冰龙
195026,,195026,雅克守护者-神罗麦提
195030,,195030,破虚空衍群龙-龙母
195038,,195038,斐灵之心-皮塔
195042,,195042,圣树临辉光暗双耀-奇灵王
195043,,195043,慧心渊识之智-密涅瓦
195050,,195050,春晖神女-可兰
195055,,195055,天国守护者-白天使王
195056,,195056,黑暗之翼-黑天使王
195074,,195074,睥睨众臣-女帝
195082,,195082,深渊之契-绮美拉
195083,,195083,绝影蚀月-黑翼王
195087,,195087,武绝凌天-貘
195096,,195096,冥骸蚀暗-阿修罗
195105,,195105,王者加冕-黄金圣天伊
195111,,195111,无垠-愚者
195112,,195112,陨灭-世界
195118,,195118,邃古凌苍-日月战武神
195121,,195121,混沌恩赐-厄瑞玻斯
195124,,195124,鸣劫制裁-雷霆青龙
195130,,195130,漆夜破空之刃-使者
195131,,195131,漆漆-使者
195136,,195136,万王天谕-圣王麒麟
195137,,195137,天地惊弦-六龙圣王
195142,,195142,圣魂觉醒-伊撒尔
195147,,195147,绝天穿梭之界-时空王
195154,,195154,圣铃妙音众识浮沉-阿赖耶识
195171,,195171,伊甸园的余晖-亚当
195174,,195174,超越纪元的新生-海蒂拉玛
195187,,195187,星宇之隙穹宙之辉-银河
195188,,195188,万神之王-宙斯
195196,,195196,造自然耀万物-盖亚
195197,,195197,荒秽堕墟-阿波菲斯
195203,,195203,恶魔之主-撒旦
195206,,195206,始祖大天使-尼斯洛克
195214,,195214,绝望噬影-尼德霍格
195225,,195225,异界史诗-渡
195226,,195226,异界史诗-渡（不朽者）
195231,,195231,葬魂曲-死神弥尔
195235,,195235,瞰世之棘-亘古树灵
195241,,195241,炽天炎境-上古龙女
195243,,195243,缘分一线牵-小狐仙
195247,,195247,天道秩序诸界主宰-乾坤
195254,,195254,大道无名-天命王
195257,,195257,天穹苍翼-圣修暗凯帝
195258,,195258,魔神再临-以撒
195262,,195262,冰与火之舞-炽寒天凤
195265,,195265,永恒炽阳-神阿波罗
195272,,195272,创世织梦之眷-赫耳墨斯
195275,,195275,如星永伴长夜-梦
195291,,195291,原初骑士-洛兰
195294,,195294,恶魔的私语-路西法
195295,,195295,永夜之主-夜王
195299,,195299,幻世镜梦-谴
195301,,195301,长夜墟渊-烛龙
195314,,195314,青山沐日天地无疆-盘古
195316,,195316,梵星音律-乾达婆
195327,,195327,次元守护-伊撒尔
195330,,195330,诺言之神-星诺玛
195332,,195332,金翅神羽-迦楼罗
195336,,195336,群星守护寰宇光辉-神银河
195344,,195344,创世罪裁龙神-撒迦利亚
195347,,195347,审判命运之战-奥丁大帝
195353,,195353,诸天神通-帝释天
195360,,195360,混沌寂烬-厄瑞玻斯
195364,,195364,混沌始源万物终湮-卡奥斯
195377,,195377,冰霜亡域-巫妖王
195379,,195379,吾即深渊-拉莱耶
195380,,195380,吾即深渊-拉莱耶（支配者）
195381,,195381,吾即深渊-拉莱耶（真神）
195391,,195391,寰宇皆臣-女帝
195397,,195397,终末的残响-奈亚
195400,,195400,审神律理-无冕之王
195402,,195402,断海沧澜-龙太子
195427,,195427,寒夜破晓之刃-使者
195431,,195431,九柱神临缔世碑火-阿蒙王
195433,,195433,神威地龙-摩罗迦
195438,,195438,墟尽神临之噬-赫耳墨斯
195439,,195439,噬界傀人-赫耳墨斯
195450,,195450,圣裁座天使-奥菲妮
195453,,195453,孤胆英雄-赵云
195457,,195457,吾即永恒-阿卜苏
195464,,195464,万序之启-源
195467,,195467,灵骸烬染之潮-夜樱
195474,,195474,浮游天地乘风去-逍遥
195475,,195475,瑶琴迷阵-诸葛亮
195488,,195488,黑翎之妄朽界之暗-梵天
195494,,195494,横戟破军-吕布
195502,,195502,神行至尊-玄皇耀凌
195505,,195505,复生者-帕克
195512,,195512,全维衍化之钥-阿比斯
195513,,195513,血月之引-露易丝
195515,,195515,灵智终端-黛拉
195526,,195526,圣仪临世-烈焰凤凰
195527,,195527,一剑封魂-白夜叉
195532,,195532,穹星创迹苍宇生辉-银河
195539,,195539,空寂无尘万法唯心-阿赖耶识
195540,,195540,统界神权王者-帝皇龙
195552,,195552,星冕-愚者
195561,,195561,龙吟瑞雪-圣王麒麟
195564,,195564,一桥一诺一相逢-梦
195572,,195572,忘川送魂-孟婆
195576,,195576,吞天黑潮-凯撒
195578,,195578,神霆点苍-奇灵王
195579,,195579,纵马引弓巾帼志-孙尚香
195590,,195590,时序永前万境永在-时空王
195597,,195597,日辉月影之扉-羲和
195598,,195598,虚堕之君王-贝利亚尔
195607,,195607,荒原苍焰-狼王
195614,,195614,不朽龙主-巴哈姆特
195644,,195644,光穹永耀之辉-天使王
195645,,195645,预命之君王-瓦沙克
195657,,195657,纪元初光之回响-圣天伊
195659,,195659,雪域圣主-冰雪女皇
195663,,195663,诡匿之君王-巴拉姆
195680,,195680,天地之始祖-盘古
195691,,195691,灾变之君王-拜恩
195723,,195723,纪元至高之引-海蒂拉玛
195724,,195724,渊秘之君王-派蒙
195748,,195748,自然之母神-盖亚
195749,,195749,诱火之君王-阿斯摩太
195764,,195764,大荒共主-天帝昊天
195779,,195779,深渊的回音-奈亚
195783,,195783,深渊的约定-克希拉
195791,,195791,深渊星阶-律
195812,,195812,爱与美的恩泽-维纳斯
195839,,195839,万灵溯生之御-盖亚
195898,,195898,万魂映月之主-夜樱
200003,,200003,大师兔
200006,,200006,爆焰吉拉
200009,,200009,露西亚
200039,,200039,伊莎女王
200066,,200066,摩格
200075,,200075,歌拉迪
200081,,200081,夜眼风魔
200084,,200084,蓝鹰斗士
200087,,200087,冰拳艾司
200090,,200090,沙麒麟
200093,,200093,木面侠
200096,,200096,金刚库巴
200099,,200099,火花龙
200102,,200102,合金猛将
200105,,200105,神武月
200108,,200108,利刺大黄蜂
200111,,200111,战无炎
200123,,200123,机甲勇士
200129,,200129,彩羽贝拉
200132,,200132,暗夜卡伦
200162,,200162,法拉帝
200238,,200238,阿努比斯
200278,,200278,烈焰鸟
200317,,200317,天使莱特
200328,,200328,SR战士
200427,,200427,星光角斗士
200469,,200469,雷纳瑞
200472,,200472,魂斗鱼
200504,,200504,先锋SR
200682,,200682,黑夜童心
200701,,200701,野绿战魂
200715,,200715,远古灵龟
200757,,200757,暴雪山神
200775,,200775,帝皇龙
200819,,200819,天女若希
200840,,200840,神罗麦提
200865,,200865,超T兔
201122,,201122,狼王迪洛斯
201213,,201213,岩波斗魂者
201259,,201259,友人契约书
201296,,201296,幻炎
201298,,201298,幻流
201300,,201300,幻雷
201307,,201307,幻光
201309,,201309,幻冥
201328,,201328,幻极
201884,,201884,伊乐
201896,,201896,圣·天伊
202227,,202227,暗行罗刹
202378,,202378,超水精灵
202379,,202379,超火精灵
202380,,202380,超木精灵
202381,,202381,超龙精灵
202387,,202387,上古星龙
202422,,202422,天焰菲尔
202429,,202429,超上古精灵
202440,,202440,星魔
202493,,202493,东皇天
202497,,202497,阴阳圣护
202501,,202501,东皇道
202511,,202511,东皇无
202513,,202513,怪盗喵
202514,,202514,龙胆赵云
202517,,202517,东皇极
202534,,202534,妖刀斩日
202536,,202536,星大将
202543,,202543,冥剑断月
202545,,202545,逍遥
202553,,202553,幻·龙霄
202555,,202555,烈焰先锋
202561,,202561,孙悟空
202567,,202567,幻·耀光
202568,,202568,幻·夜冥
202572,,202572,幻·无极
202590,,202590,乾坤修罗神
202680,,202680,雨果
202681,,202681,天鹰雨果
202699,,202699,但丁
202700,,202700,威虎但丁
202724,,202724,歌德
202725,,202725,狂鲨歌德
202758,,202758,奈瑟斯
202825,,202825,英雄迪加
203065,,203065,堕天凯撒帝·完全体
203079,,203079,貘·完全体
203094,,203094,滔天白虎·完全体
203131,,203131,鬼墨小怪
203176,,203176,传奇圣天伊
203201,,203201,传奇波鲁
203202,,203202,传奇莎莎
203203,,203203,传奇米奥
203210,,203210,御星璃
203238,,203238,传奇星魔
203265,,203265,传奇妖王冽
203267,,203267,传奇修罗神
203270,,203270,永生·毁灭之神
203293,,203293,晴天柱
203309,,203309,传奇念
203311,,203311,暗黑传奇圣天伊
203313,,203313,传奇八岐龙吟
203317,,203317,传奇龙吟真
203318,,203318,传奇可兰
203321,,203321,吞天饕餮
203330,,203330,传奇圣羽女皇
203341,,203341,传奇冥夜君狼王
203344,,203344,始祖影龙
203346,,203346,人鱼姬·迦夜
203363,,203363,梅花K·纳兹戈林
203368,,203368,始祖冰龙
203371,,203371,传奇圣修暗凯帝
203372,,203372,始祖翼龙
203378,,203378,传奇貘
203380,,203380,[王者羁绊]圣天伊
203381,,203381,[远古精灵王]伊撒尔
203383,,203383,[祸乱之源]黑桃K
203384,,203384,[斗转星移]智慧王
203387,,203387,[太阴]幽荧
203388,,203388,[远古大妖]大天狗
203392,,203392,[火神]祝融
203398,,203398,[始祖巨人]伊米尔
203400,,203400,[铃樱少女]欧若拉
203402,,203402,[雷霆主宰]风暴龙
203408,,203408,[亘古鸿蒙]力量王
203456,,203456,[星神十三宫]星魔
203498,,203498,神秘·灭世魔龙
203541,,203541,[开天辟地]盘古
203599,,203599,[冥夜千机]鬼墨无忧
203675,,203675,[破轮回斩因果]帝俊
203683,,203683,[天焰至尊]王者菲尔
203746,,203746,[龙族起源]龙母
203800,,203800,[无界无序无限]时空王
203806,,203806,[六道欲界天]阿修罗
203810,,203810,[黑白相生]灵魂奇灵王
203870,,203870,[三位一体]至尊精灵王
203885,,203885,[全知全能]命运奥丁大帝
203958,,203958,神之审判·白天使王
203963,,203963,大魔王·地
203974,,203974,日月轮回之龙息·帝俊
203975,,203975,万世龙尊·帝皇龙
203989,,203989,大暗黑天·孙悟空
204203,,204203,不语奈何·知世
204217,,204217,虚数重构·黛依
204264,,204264,灰烬熔芯·胜遇
204268,,204268,日月轮回之龙息·传说帝俊
204292,,204292,绝望·尼德霍格
204310,,204310,云墨苍生·玄霄
204366,,204366,末世幽火悯·赫菲斯托斯
204428,,204428,泰坦巨神王·普罗米修斯
204443,,204443,深潜者·克拉肯
204484,,204484,暗物质创世母神·提亚玛特
204503,,204503,绿野扉光·王者可兰
204514,,204514,夺命魔弹·枪神王
204541,,204541,咏春意千秋魂·奇灵王
204543,,204543,千秋武魂·咏春
204577,,204577,宿命之尘·尘纱
204584,,204584,天道秩序之尊·乾坤
204597,,204597,诸天万世我主浮沉·帝俊
204648,,204648,灾厄救世主·海蒂拉玛
204709,,204709,纯白之羽·米迦勒
204724,,204724,大道无形·天命王
204752,,204752,臣服于我·女帝
204764,,204764,武霸寰宇·貘
204790,,204790,异星诡影·别西卜
204796,,204796,邃古凌苍·日月战武神
204822,,204822,罪域裁决龙神·撒迦利亚
204840,,204840,重构·世界
204866,,204866,光启精灵王-伊撒尔
204867,,204867,木之精灵王-可兰
204868,,204868,净化之光-拉克丝
204869,,204869,梦幻之光-罗塔纱
204870,,204870,水之精灵王-梅卡
204871,,204871,光启时代-圣天伊
204872,,204872,火之精灵王-菲尔
204875,,204875,守护之光-米垭
204879,,204879,神羽曙光-奥天
204880,,204880,重枪风暴-合金猛将
204881,,204881,圣窗余晖-米迦勒
204882,,204882,繁星余迹-路西法
204883,,204883,绝代兵神-韩信
204884,,204884,神峰圣护-山脉之魂
204890,,204890,幽冥主宰-哈迪斯
204891,,204891,木人桩-超龙系
204892,,204892,猩红序曲-露易丝
204893,,204893,绿叶咆哮-棕叶战熊
204898,,204898,永恒源晶裁决之龙-阿卜苏
204909,,204909,寰宇鎏金星河入怀-银河
204911,,204911,无我之境-力量王
204916,,204916,陨星-愚者
204917,,204917,福瑞降人间-圣王麒麟
204920,,204920,圣宇星轨时扉之光-羲和
204925,,204925,执掌因果万世轮回-帝俊
204939,,204939,旃檀功德-唐三藏
204940,,204940,齐天大圣-孙悟空
204941,,204941,德安万世-唐太宗李世民
204945,,204945,众里寻他千百度-梦
204952,,204952,谪仙剑无双-李白
204953,,204953,暗能涌动星海创生-提亚玛特
204955,,204955,凛冬之意-瓦格纳
204959,,204959,三位一体-至尊精灵王
204960,,204960,卷帘大将-沙悟净
204964,,204964,深渊安魂曲-奈亚
204967,,204967,踏阴阳定荒宇-东皇太一
204968,,204968,引尘造万物-星尘
204971,,204971,阴阳割昏晓-天道无极
204973,,204973,霜佑北境-帕里斯
204977,,204977,千山落樱之辉-夜樱
204978,,204978,荷风引水色-瑠璃
204987,,204987,神炎日冕-战无炎
204995,,204995,源星之归引-上古星龙
205007,,205007,永劫破灭混沌至尊-卡奥斯
205021,,205021,万世独霸龙族至尊-帝皇龙
205022,,205022,荒宇独霸-帝皇龙
205023,,205023,倾世之寒-始祖冰龙
205026,,205026,雅克守护者-神罗麦提
205030,,205030,破虚空衍群龙-龙母
205042,,205042,圣树临辉光暗双耀-奇灵王
205050,,205050,春晖神女-可兰
205055,,205055,天国守护者-白天使王
205056,,205056,黑暗之翼-黑天使王
205074,,205074,睥睨众臣-女帝
205082,,205082,深渊之契-绮美拉
205083,,205083,绝影蚀月-黑翼王
205087,,205087,武绝凌天-貘
205105,,205105,王者加冕-黄金圣天伊
205111,,205111,无垠-愚者
205112,,205112,陨灭-世界
205118,,205118,邃古凌苍-日月战武神
205121,,205121,混沌恩赐-厄瑞玻斯
205124,,205124,鸣劫制裁-雷霆青龙
205130,,205130,漆夜破空之刃-使者
205131,,205131,漆漆-使者
205136,,205136,万王天谕-圣王麒麟
205137,,205137,天地惊弦-六龙圣王
205142,,205142,圣魂觉醒-伊撒尔
205147,,205147,绝天穿梭之界-时空王
205154,,205154,圣铃妙音众识浮沉-阿赖耶识
205171,,205171,伊甸园的余晖-亚当
205174,,205174,超越纪元的新生-海蒂拉玛
205187,,205187,星宇之隙穹宙之辉-银河
205188,,205188,万神之王-宙斯
205196,,205196,造自然耀万物-盖亚
205203,,205203,恶魔之主-撒旦
205206,,205206,始祖大天使-尼斯洛克
205214,,205214,绝望噬影-尼德霍格
205225,,205225,异界史诗-渡
205226,,205226,异界史诗-渡（不朽者）
205231,,205231,葬魂曲-死神弥尔
205235,,205235,瞰世之棘-亘古树灵
205240,,205240,霜寒冰域-上古龙女
205241,,205241,炽天炎境-上古龙女
205247,,205247,天道秩序诸界主宰-乾坤
205254,,205254,大道无名-天命王
205257,,205257,天穹苍翼-圣修暗凯帝
205258,,205258,魔神再临-以撒
205262,,205262,冰与火之舞-炽寒天凤
205265,,205265,永恒炽阳-神阿波罗
205272,,205272,创世织梦之眷-赫耳墨斯
205275,,205275,如星永伴长夜-梦
205291,,205291,原初骑士-洛兰
205294,,205294,恶魔的私语-路西法
205295,,205295,永夜之主-夜王
205299,,205299,幻世镜梦-谴
205301,,205301,长夜墟渊-烛龙
205314,,205314,青山沐日天地无疆-盘古
205316,,205316,梵星音律-乾达婆
205327,,205327,次元守护-伊撒尔
205332,,205332,金翅神羽-迦楼罗
205336,,205336,群星守护寰宇光辉-神银河
205344,,205344,创世罪裁龙神-撒迦利亚
205347,,205347,审判命运之战-奥丁大帝
205353,,205353,诸天神通-帝释天
205360,,205360,混沌寂烬-厄瑞玻斯
205364,,205364,混沌始源万物终湮-卡奥斯
205377,,205377,冰霜亡域-巫妖王
205379,,205379,吾即深渊-拉莱耶
205380,,205380,吾即深渊-拉莱耶（支配者）
205381,,205381,吾即深渊-拉莱耶（真神）
205391,,205391,寰宇皆臣-女帝
205397,,205397,终末的残响-奈亚
205400,,205400,审神律理-无冕之王
205402,,205402,断海沧澜-龙太子
205427,,205427,寒夜破晓之刃-使者
205431,,205431,九柱神临缔世碑火-阿蒙王
205433,,205433,神威地龙-摩罗迦
205438,,205438,墟尽神临之噬-赫耳墨斯
205439,,205439,噬界傀人-赫耳墨斯
205450,,205450,圣裁座天使-奥菲妮
205453,,205453,孤胆英雄-赵云
205457,,205457,吾即永恒-阿卜苏
205464,,205464,万序之启-源
205467,,205467,灵骸烬染之潮-夜樱
205474,,205474,浮游天地乘风去-逍遥
205475,,205475,瑶琴迷阵-诸葛亮
205488,,205488,黑翎之妄朽界之暗-梵天
205494,,205494,横戟破军-吕布
205502,,205502,神行至尊-玄皇耀凌
205513,,205513,血月之引-露易丝
205515,,205515,灵智终端-黛拉
205526,,205526,圣仪临世-烈焰凤凰
205527,,205527,一剑封魂-白夜叉
205532,,205532,穹星创迹苍宇生辉-银河
205539,,205539,空寂无尘万法唯心-阿赖耶识
205540,,205540,统界神权王者-帝皇龙
205552,,205552,星冕-愚者
205561,,205561,龙吟瑞雪-圣王麒麟
205564,,205564,一桥一诺一相逢-梦
205572,,205572,忘川送魂-孟婆
205576,,205576,吞天黑潮-凯撒
205578,,205578,神霆点苍-奇灵王
205579,,205579,纵马引弓巾帼志-孙尚香
205590,,205590,时序永前万境永在-时空王
205597,,205597,日辉月影之扉-羲和
205598,,205598,虚堕之君王-贝利亚尔
205607,,205607,荒原苍焰-狼王
205614,,205614,不朽龙主-巴哈姆特
205644,,205644,光穹永耀之辉-天使王
205645,,205645,预命之君王-瓦沙克
205657,,205657,纪元初光之回响-圣天伊
205659,,205659,雪域圣主-冰雪女皇
205663,,205663,诡匿之君王-巴拉姆
205680,,205680,天地之始祖-盘古
205691,,205691,灾变之君王-拜恩
205723,,205723,纪元至高之引-海蒂拉玛
205724,,205724,渊秘之君王-派蒙
205748,,205748,自然之母神-盖亚
205749,,205749,诱火之君王-阿斯摩太
205764,,205764,大荒共主-天帝昊天
205783,,205783,深渊的约定-克希拉
205791,,205791,深渊星阶-律
205812,,205812,爱与美的恩泽-维纳斯
205839,,205839,万灵溯生之御-盖亚
205898,,205898,万魂映月之主-夜樱
210036,,210036,震天石人
210039,,210039,捣蛋的伊莎女王
210066,,210066,捣蛋的摩格
210075,,210075,捣蛋的歌拉迪
210081,,210081,捣蛋的夜眼风魔
210084,,210084,捣蛋的蓝鹰斗士
210105,,210105,神武月
210111,,210111,战无炎
210123,,210123,捣蛋的机甲勇士
210126,,210126,蝎子王
210129,,210129,捣蛋的彩羽贝拉
210132,,210132,捣蛋的暗夜卡伦
210162,,210162,捣蛋的法拉帝
210328,,210328,捣蛋的SR战士
210329,,210329,强袭SR
210427,,210427,捣蛋的星光角斗士
210504,,210504,先锋SR
210536,,210536,震天石魔
210701,,210701,捣蛋的野绿战魂
210775,,210775,帝皇龙
211122,,211122,狼王迪洛斯
211200,,211200,魔剑守卫
211328,,211328,幻极
211365,,211365,托尔
211440,,211440,佐罗门
211630,,211630,霍尔德
211819,,211819,阿拉丁
211896,,211896,圣·天伊
211914,,211914,加斯特
212227,,212227,暗行罗刹
212390,,212390,超数码精灵
212391,,212391,超龙星诺
212394,,212394,超木角龙
212398,,212398,费曼
212400,,212400,沃特
212404,,212404,弗莱
212414,,212414,伍德
212424,,212424,超电星诺
212440,,212440,星魔
212572,,212572,死神幻·无极
212590,,212590,乾坤修罗神
212618,,212618,堕天凯撒帝
212725,,212725,狂鲨歌德
213030,,213030,乾坤修罗神·完全体
213176,,213176,传奇圣天伊
213381,,213381,[远古精灵王]伊撒尔
213408,,213408,[亘古鸿蒙]力量王（个体）
213456,,213456,[星神十三宫]星魔（个体）
213498,,213498,湮灭·灭世魔龙
213542,,213542,[开天辟地]盘古
213599,,213599,[冥夜千机]鬼墨无忧（个体）
213675,,213675,[破轮回斩因果]帝俊（个体）
213683,,213683,[天焰至尊]王者菲尔（个体）
213746,,213746,[龙族起源]龙母（个体）
213800,,213800,[无界无序无限]时空王（个体）
213806,,213806,[六道欲界天]阿修罗（个体）
213810,,213810,[黑白相生]灵魂奇灵王（个体）
213870,,213870,[三位一体]至尊精灵王（个体）
213885,,213885,[全知全能]命运奥丁大帝（个体）
213963,,213963,大魔王·地
213975,,213975,万世龙尊·帝皇龙
214203,,214203,不语奈何·知世
214217,,214217,虚数重构·黛依
214264,,214264,灰烬熔芯·胜遇
214292,,214292,绝望·尼德霍格
214310,,214310,云墨苍生·玄霄
214316,,214316,开天启明之圣·盘古
214329,,214329,全知·律
214344,,214344,黑蔷薇·莉莉丝
214366,,214366,末世幽火悯·赫菲斯托斯
214428,,214428,泰坦巨神王·普罗米修斯
214443,,214443,深潜者·克拉肯
214453,,214453,神诫·宙斯
214454,,214454,缠绕者·利维坦
214474,,214474,至圣不朽之勋·奥丁大帝
214496,,214496,天国恩光·天使王
214527,,214527,终极神威·王牌战队
214566,,214566,引万意掌器界·阿赖耶识
214575,,214575,无量乐土·末那
214582,,214582,横扫沧海·龙太子
214643,,214643,虚空权能之神·格劳孔
214674,,214674,剑挽沧溟·梅卡
214691,,214691,天道帝威·帝释天
214699,,214699,幽夜蝶舞·夜兰
214727,,214727,灼世辉光·烈焰凤凰
214734,,214734,泰坦神铠·骸
214831,,214831,多元·愚者
214866,,214866,光启精灵王-伊撒尔
214867,,214867,木之精灵王-可兰
214868,,214868,净化之光-拉克丝
214869,,214869,梦幻之光-罗塔纱
214870,,214870,水之精灵王-梅卡
214871,,214871,光启时代-圣天伊
214872,,214872,火之精灵王-菲尔
214875,,214875,守护之光-米垭
214879,,214879,神羽曙光-奥天
214880,,214880,重枪风暴-合金猛将
214881,,214881,圣窗余晖-米迦勒
214882,,214882,繁星余迹-路西法
214883,,214883,绝代兵神-韩信
214884,,214884,神峰圣护-山脉之魂
214890,,214890,幽冥主宰-哈迪斯
214891,,214891,木人桩-超上古系
214892,,214892,猩红序曲-露易丝
214893,,214893,绿叶咆哮-棕叶战熊
214898,,214898,永恒源晶裁决之龙-阿卜苏
214909,,214909,寰宇鎏金星河入怀-银河
214911,,214911,无我之境-力量王
214916,,214916,陨星-愚者
214917,,214917,福瑞降人间-圣王麒麟
214925,,214925,执掌因果万世轮回-帝俊
214927,,214927,浮生浮灭万意恒常-阿赖耶识
214939,,214939,旃檀功德-唐三藏
214940,,214940,齐天大圣-孙悟空
214941,,214941,德安万世-唐太宗李世民
214945,,214945,众里寻他千百度-梦
214952,,214952,谪仙剑无双-李白
214953,,214953,暗能涌动星海创生-提亚玛特
214955,,214955,凛冬之意-瓦格纳
214959,,214959,三位一体-至尊精灵王
214960,,214960,卷帘大将-沙悟净
214964,,214964,深渊安魂曲-奈亚
214967,,214967,踏阴阳定荒宇-东皇太一
214971,,214971,阴阳割昏晓-天道无极
214973,,214973,霜佑北境-帕里斯
214977,,214977,千山落樱之辉-夜樱
214978,,214978,荷风引水色-瑠璃
214987,,214987,神炎日冕-战无炎
214995,,214995,源星之归引-上古星龙
215007,,215007,永劫破灭混沌至尊-卡奥斯
215021,,215021,万世独霸龙族至尊-帝皇龙
215023,,215023,倾世之寒-始祖冰龙
215026,,215026,雅克守护者-神罗麦提
215030,,215030,破虚空衍群龙-龙母
215042,,215042,圣树临辉光暗双耀-奇灵王
215050,,215050,春晖神女-可兰
215055,,215055,天国守护者-白天使王
215056,,215056,黑暗之翼-黑天使王
215074,,215074,睥睨众臣-女帝
215082,,215082,深渊之契-绮美拉
215083,,215083,绝影蚀月-黑翼王
215087,,215087,武绝凌天-貘
215105,,215105,王者加冕-黄金圣天伊
215111,,215111,无垠-愚者
215112,,215112,陨灭-世界
215118,,215118,邃古凌苍-日月战武神
215121,,215121,混沌恩赐-厄瑞玻斯
215124,,215124,鸣劫制裁-雷霆青龙
215130,,215130,漆夜破空之刃-使者
215131,,215131,漆漆-使者
215136,,215136,万王天谕-圣王麒麟
215137,,215137,天地惊弦-六龙圣王
215142,,215142,圣魂觉醒-伊撒尔
215147,,215147,绝天穿梭之界-时空王
215154,,215154,圣铃妙音众识浮沉-阿赖耶识
215171,,215171,伊甸园的余晖-亚当
215174,,215174,超越纪元的新生-海蒂拉玛
215187,,215187,星宇之隙穹宙之辉-银河
215188,,215188,万神之王-宙斯
215196,,215196,造自然耀万物-盖亚
215206,,215206,始祖大天使-尼斯洛克
215214,,215214,绝望噬影-尼德霍格
215225,,215225,异界史诗-渡
215226,,215226,异界史诗-渡（不朽者）
215231,,215231,葬魂曲-死神弥尔
215235,,215235,瞰世之棘-亘古树灵
215240,,215240,霜寒冰域-上古龙女
215241,,215241,炽天炎境-上古龙女
215247,,215247,天道秩序诸界主宰-乾坤
215254,,215254,大道无名-天命王
215258,,215258,魔神再临-以撒
215265,,215265,永恒炽阳-神阿波罗
215272,,215272,创世织梦之眷-赫耳墨斯
215275,,215275,如星永伴长夜-梦
215291,,215291,原初骑士-洛兰
215294,,215294,恶魔的私语-路西法
215299,,215299,幻世镜梦-谴
215301,,215301,长夜墟渊-烛龙
215314,,215314,青山沐日天地无疆-盘古
215316,,215316,梵星音律-乾达婆
215327,,215327,次元守护-伊撒尔
215330,,215330,诺言之神-星诺玛
215332,,215332,金翅神羽-迦楼罗
215336,,215336,群星守护寰宇光辉-神银河
215344,,215344,创世罪裁龙神-撒迦利亚
215347,,215347,审判命运之战-奥丁大帝
215353,,215353,诸天神通-帝释天
215360,,215360,混沌寂烬-厄瑞玻斯
215364,,215364,混沌始源万物终湮-卡奥斯
215377,,215377,冰霜亡域-巫妖王
215379,,215379,吾即深渊-拉莱耶
215380,,215380,吾即深渊-拉莱耶（支配者）
215381,,215381,吾即深渊-拉莱耶（真神）
215391,,215391,寰宇皆臣-女帝
215397,,215397,终末的残响-奈亚
215400,,215400,审神律理-无冕之王
215402,,215402,断海沧澜-龙太子
215427,,215427,寒夜破晓之刃-使者
215431,,215431,九柱神临缔世碑火-阿蒙王
215433,,215433,神威地龙-摩罗迦
215438,,215438,墟尽神临之噬-赫耳墨斯
215439,,215439,噬界傀人-赫耳墨斯
215450,,215450,圣裁座天使-奥菲妮
215453,,215453,孤胆英雄-赵云
215457,,215457,吾即永恒-阿卜苏
215464,,215464,万序之启-源
215467,,215467,灵骸烬染之潮-夜樱
215474,,215474,浮游天地乘风去-逍遥
215488,,215488,黑翎之妄朽界之暗-梵天
215494,,215494,横戟破军-吕布
215502,,215502,神行至尊-玄皇耀凌
215513,,215513,血月之引-露易丝
215515,,215515,灵智终端-黛拉
215526,,215526,圣仪临世-烈焰凤凰
215527,,215527,一剑封魂-白夜叉
215532,,215532,穹星创迹苍宇生辉-银河
215539,,215539,空寂无尘万法唯心-阿赖耶识
215540,,215540,统界神权王者-帝皇龙
215552,,215552,星冕-愚者
215561,,215561,龙吟瑞雪-圣王麒麟
215564,,215564,一桥一诺一相逢-梦
215572,,215572,忘川送魂-孟婆
215576,,215576,吞天黑潮-凯撒
215578,,215578,神霆点苍-奇灵王
215579,,215579,纵马引弓巾帼志-孙尚香
215590,,215590,时序永前万境永在-时空王
215597,,215597,日辉月影之扉-羲和
215598,,215598,虚堕之君王-贝利亚尔
215607,,215607,荒原苍焰-狼王
215614,,215614,不朽龙主-巴哈姆特
215644,,215644,光穹永耀之辉-天使王
215645,,215645,预命之君王-瓦沙克
215657,,215657,纪元初光之回响-圣天伊
215659,,215659,雪域圣主-冰雪女皇
215663,,215663,诡匿之君王-巴拉姆
215680,,215680,天地之始祖-盘古
215691,,215691,灾变之君王-拜恩
215723,,215723,纪元至高之引-海蒂拉玛
215724,,215724,渊秘之君王-派蒙
215748,,215748,自然之母神-盖亚
215749,,215749,诱火之君王-阿斯摩太
215764,,215764,大荒共主-天帝昊天
215783,,215783,深渊的约定-克希拉
215791,,215791,深渊星阶-律
215812,,215812,爱与美的恩泽-维纳斯
215839,,215839,万灵溯生之御-盖亚
215898,,215898,万魂映月之主-夜樱
220006,,220006,爆焰吉拉
220010,,220010,朵朵兔
220036,,220036,震天石人
220063,,220063,库斯特
220105,,220105,神武月
220111,,220111,战无炎
220253,,220253,绅士企鹅
220328,,220328,SR战士
220438,,220438,明月鸟
220439,,220439,皓月鸟
220504,,220504,先锋SR
220513,,220513,饼饼
220514,,220514,猪阿饼
220515,,220515,酱酱
220516,,220516,猪阿酱
220541,,220541,星云鱼
220542,,220542,彩翼飞鱼
220701,,220701,野绿战魂
220775,,220775,帝皇龙
220840,,220840,神罗麦提
220848,,220848,糖糖
220856,,220856,木丸
220857,,220857,佐佐木
220858,,220858,阿缨
220859,,220859,缨络
220899,,220899,冰铠力士
220939,,220939,浩然
220940,,220940,骑士浩然
221032,,221032,铁拳袋鼠
221095,,221095,刀刀狼
221122,,221122,狼王迪洛斯
221200,,221200,魔剑守卫
221293,,221293,海螺宝宝
221294,,221294,海螺骑士
221365,,221365,托尔
221372,,221372,阿雷
221373,,221373,雷克
221374,,221374,雷克斯
221375,,221375,土拨虎
221376,,221376,溜溜虎
221377,,221377,大爪虎
221378,,221378,小巴达
221379,,221379,斯巴达
221381,,221381,炫光龙法师
221382,,221382,炫光依灵
221383,,221383,炫光依舞
221384,,221384,炫光依诗
221391,,221391,炫光袋鼠
221392,,221392,炫光铁拳鼠
221395,,221395,球球獭
221396,,221396,贝壳獭
221397,,221397,小莱尔
221398,,221398,布莱尔
221399,,221399,布莱尔王子
221410,,221410,炫光小莱尔
221411,,221411,炫光莱尔
221412,,221412,炫光布莱尔
221432,,221432,超级悟天
221433,,221433,悟焰
221434,,221434,超级悟焰
221630,,221630,霍尔德
221819,,221819,阿拉丁
221896,,221896,圣·天伊
222061,,222061,魔小兵
222227,,222227,暗行罗刹
222390,,222390,超数码精灵
222394,,222394,超木角龙
222398,,222398,费曼
222400,,222400,沃特
222402,,222402,超圣光
222418,,222418,钢铁先锋
222440,,222440,星魔
222464,,222464,大白
222497,,222497,阴阳圣护
222498,,222498,樱花小怪
222503,,222503,影道喵
222505,,222505,阿泰尔
222535,,222535,星小子
222553,,222553,幻·龙霄
223176,,223176,传奇圣天伊
223381,,223381,[远古精灵王]伊撒尔（个体）
223498,,223498,暗·灭世魔龙
223541,,223541,[开天辟地]盘古（个体）
223941,,223941,宇之终始星之诞灭·银河
223946,,223946,神之战鳞·枪魂应龙
223950,,223950,无双剑意·剑帝修纳
223952,,223952,天灾统领·巫妖王
223954,,223954,春晖神女·可兰
223963,,223963,魔王·撒旦
223966,,223966,万王天谕·圣王麒麟
223968,,223968,星轨圣裁之回响·羲和
223974,,223974,日月轮回之龙息·帝俊
223975,,223975,万世龙尊·帝皇龙
223979,,223979,真炎神君·菲尔
223981,,223981,东方灵兽·青龙
223982,,223982,南方灵兽·朱雀
223983,,223983,开天地创净土·盘古
223984,,223984,西方灵兽·白虎
223985,,223985,北方灵兽·玄武
223986,,223986,斗战胜佛·孙悟空
223988,,223988,皆归四象·万灵王
223990,,223990,无烬噩梦·伊撒尔
223991,,223991,圣光守护·超时空王
223997,,223997,森林之息·花冠公主
223999,,223999,第一真祖·黑翼王
224000,,224000,覆天之影·黑翼王
224004,,224004,万神之王·宙斯
224005,,224005,万冥之主·哈迪斯
224008,,224008,主天道御天下·乾坤
224020,,224020,大道独行·天命王
224024,,224024,龙诫诸天·阿修罗
224025,,224025,轮回溯梦·伊撒尔
224026,,224026,天启神君·梵天
224029,,224029,神国之主·奥丁大帝
224030,,224030,太极生两仪·东皇太一
224036,,224036,未来计划·黯帝修罗
224037,,224037,未来计划·暴君凯撒
224127,,224127,GOD·无冕之王
224129,,224129,英霸之气·诸葛亮
224179,,224179,众神の意志·王者宙斯
224203,,224203,不语奈何·知世
224219,,224219,黑暗未来计划·念
224264,,224264,灰烬熔芯·胜遇
224310,,224310,云墨苍生·玄霄
224344,,224344,黑蔷薇·莉莉丝
224366,,224366,末世幽火悯·赫菲斯托斯
224374,,224374,绝对水域·王者梅卡
224427,,224427,破晓棋局·无冕之王
224428,,224428,泰坦巨神王·普罗米修斯
224446,,224446,梦幻云端之忆·梦
224470,,224470,空间魂梦·传说伊撒尔
224482,,224482,繁星流转宇宙生灭·银河
224495,,224495,命运福音·亚当
224525,,224525,无垢幻境·白皇星焰
224567,,224567,阴阳合一·天道无极
224611,,224611,熵寂·愚者
224625,,224625,超界领域·时空王
224639,,224639,英雄之火·菲尔
224644,,224644,纯白之灾厄·海蒂拉玛
224654,,224654,天地开辟诸界降诞·盘古
224767,,224767,轮回誓约·无冕之王
224799,,224799,秩序之子·昆仑
224866,,224866,光启精灵王-伊撒尔
224867,,224867,木之精灵王-可兰
224868,,224868,净化之光-拉克丝
224869,,224869,梦幻之光-罗塔纱
224870,,224870,水之精灵王-梅卡
224871,,224871,光启时代-圣天伊
224872,,224872,火之精灵王-菲尔
224875,,224875,守护之光-米垭
224879,,224879,神羽曙光-奥天
224880,,224880,重枪风暴-合金猛将
224881,,224881,圣窗余晖-米迦勒
224882,,224882,繁星余迹-路西法
224883,,224883,绝代兵神-韩信
224884,,224884,神峰圣护-山脉之魂
224890,,224890,幽冥主宰-哈迪斯
224891,,224891,木人桩-超圣灵系
224892,,224892,猩红序曲-露易丝
224893,,224893,绿叶咆哮-棕叶战熊
224898,,224898,永恒源晶裁决之龙-阿卜苏
224904,,224904,天使圣音-姬露比
224909,,224909,寰宇鎏金星河入怀-银河
224911,,224911,无我之境-力量王
224916,,224916,陨星-愚者
224917,,224917,福瑞降人间-圣王麒麟
224921,,224921,GOD-无冕之王
224922,,224922,GOD-无冕之王
224925,,224925,执掌因果万世轮回-帝俊
224939,,224939,旃檀功德-唐三藏
224940,,224940,齐天大圣-孙悟空
224945,,224945,众里寻他千百度-梦
224952,,224952,谪仙剑无双-李白
224955,,224955,凛冬之意-瓦格纳
224959,,224959,三位一体-至尊精灵王
224960,,224960,卷帘大将-沙悟净
224964,,224964,深渊安魂曲-奈亚
224967,,224967,踏阴阳定荒宇-东皇太一
224971,,224971,阴阳割昏晓-天道无极
224973,,224973,霜佑北境-帕里斯
224977,,224977,千山落樱之辉-夜樱
224978,,224978,荷风引水色-瑠璃
224995,,224995,源星之归引-上古星龙
225007,,225007,永劫破灭混沌至尊-卡奥斯
225021,,225021,万世独霸龙族至尊-帝皇龙
225026,,225026,雅克守护者-神罗麦提
225030,,225030,破虚空衍群龙-龙母
225042,,225042,圣树临辉光暗双耀-奇灵王
225050,,225050,春晖神女-可兰
225055,,225055,天国守护者-白天使王
225056,,225056,黑暗之翼-黑天使王
225074,,225074,睥睨众臣-女帝
225082,,225082,深渊之契-绮美拉
225083,,225083,绝影蚀月-黑翼王
225087,,225087,武绝凌天-貘
225105,,225105,王者加冕-黄金圣天伊
225111,,225111,无垠-愚者
225112,,225112,陨灭-世界
225118,,225118,邃古凌苍-日月战武神
225121,,225121,混沌恩赐-厄瑞玻斯
225124,,225124,鸣劫制裁-雷霆青龙
225130,,225130,漆夜破空之刃-使者
225131,,225131,漆漆-使者
225136,,225136,万王天谕-圣王麒麟
225137,,225137,天地惊弦-六龙圣王
225142,,225142,圣魂觉醒-伊撒尔
225147,,225147,绝天穿梭之界-时空王
225154,,225154,圣铃妙音众识浮沉-阿赖耶识
225171,,225171,伊甸园的余晖-亚当
225174,,225174,超越纪元的新生-海蒂拉玛
225187,,225187,星宇之隙穹宙之辉-银河
225188,,225188,万神之王-宙斯
225196,,225196,造自然耀万物-盖亚
225206,,225206,始祖大天使-尼斯洛克
225214,,225214,绝望噬影-尼德霍格
225225,,225225,异界史诗-渡
225226,,225226,异界史诗-渡（不朽者）
225231,,225231,葬魂曲-死神弥尔
225235,,225235,瞰世之棘-亘古树灵
225240,,225240,霜寒冰域-上古龙女
225241,,225241,炽天炎境-上古龙女
225247,,225247,天道秩序诸界主宰-乾坤
225254,,225254,大道无名-天命王
225258,,225258,魔神再临-以撒
225265,,225265,永恒炽阳-神阿波罗
225272,,225272,创世织梦之眷-赫耳墨斯
225275,,225275,如星永伴长夜-梦
225291,,225291,原初骑士-洛兰
225294,,225294,恶魔的私语-路西法
225299,,225299,幻世镜梦-谴
225301,,225301,长夜墟渊-烛龙
225314,,225314,青山沐日天地无疆-盘古
225316,,225316,梵星音律-乾达婆
225330,,225330,诺言之神-星诺玛
225332,,225332,金翅神羽-迦楼罗
225336,,225336,群星守护寰宇光辉-神银河
225344,,225344,创世罪裁龙神-撒迦利亚
225347,,225347,审判命运之战-奥丁大帝
225353,,225353,诸天神通-帝释天
225364,,225364,混沌始源万物终湮-卡奥斯
225377,,225377,冰霜亡域-巫妖王
225379,,225379,吾即深渊-拉莱耶
225380,,225380,吾即深渊-拉莱耶（支配者）
225381,,225381,吾即深渊-拉莱耶（真神）
225391,,225391,寰宇皆臣-女帝
225397,,225397,终末的残响-奈亚
225400,,225400,审神律理-无冕之王
225402,,225402,断海沧澜-龙太子
225427,,225427,寒夜破晓之刃-使者
225431,,225431,九柱神临缔世碑火-阿蒙王
225433,,225433,神威地龙-摩罗迦
225438,,225438,墟尽神临之噬-赫耳墨斯
225439,,225439,噬界傀人-赫耳墨斯
225450,,225450,圣裁座天使-奥菲妮
225453,,225453,孤胆英雄-赵云
225457,,225457,吾即永恒-阿卜苏
225464,,225464,万序之启-源
225467,,225467,灵骸烬染之潮-夜樱
225474,,225474,浮游天地乘风去-逍遥
225475,,225475,瑶琴迷阵-诸葛亮
225488,,225488,黑翎之妄朽界之暗-梵天
225494,,225494,横戟破军-吕布
225502,,225502,神行至尊-玄皇耀凌
225513,,225513,血月之引-露易丝
225515,,225515,灵智终端-黛拉
225526,,225526,圣仪临世-烈焰凤凰
225527,,225527,一剑封魂-白夜叉
225532,,225532,穹星创迹苍宇生辉-银河
225539,,225539,空寂无尘万法唯心-阿赖耶识
225540,,225540,统界神权王者-帝皇龙
225561,,225561,龙吟瑞雪-圣王麒麟
225564,,225564,一桥一诺一相逢-梦
225576,,225576,吞天黑潮-凯撒
225578,,225578,神霆点苍-奇灵王
225579,,225579,纵马引弓巾帼志-孙尚香
225590,,225590,时序永前万境永在-时空王
225597,,225597,日辉月影之扉-羲和
225598,,225598,虚堕之君王-贝利亚尔
225607,,225607,荒原苍焰-狼王
225614,,225614,不朽龙主-巴哈姆特
225659,,225659,雪域圣主-冰雪女皇
225680,,225680,天地之始祖-盘古
225691,,225691,灾变之君王-拜恩
225723,,225723,纪元至高之引-海蒂拉玛
225724,,225724,渊秘之君王-派蒙
225748,,225748,自然之母神-盖亚
225764,,225764,大荒共主-天帝昊天
225783,,225783,深渊的约定-克希拉
225791,,225791,深渊星阶-律
225812,,225812,爱与美的恩泽-维纳斯
225839,,225839,万灵溯生之御-盖亚
225898,,225898,万魂映月之主-夜樱
230066,,230066,摩格
230099,,230099,火花龙
230105,,230105,神武月
230111,,230111,战无炎
230215,,230215,青龙分身
230328,,230328,SR战士
230388,,230388,玄武分身
230504,,230504,先锋SR
230601,,230601,拉格纳罗斯
230624,,230624,白虎分身
230741,,230741,朱雀分身
230775,,230775,帝皇龙
231122,,231122,狼王迪洛斯
231296,,231296,幻炎
231434,,231434,超级悟焰
231465,,231465,小星诺
231467,,231467,火星诺
231469,,231469,水星诺
231471,,231471,数码星诺
231473,,231473,圣灵星诺
231479,,231479,苍穹圣龙
231490,,231490,电小诺
231491,,231491,电星诺
231896,,231896,圣·天伊
232440,,232440,星魔
233384,,233384,[斗转星移]智慧王
233542,,233542,[开天辟地]盘古（个体）
233963,,233963,大魔王·地
233975,,233975,万世龙尊·帝皇龙
234042,,234042,星尊裁决·上古星龙
234203,,234203,不语奈何·知世
234264,,234264,灰烬熔芯·胜遇
234310,,234310,云墨苍生·玄霄
234316,,234316,开天启明之圣·盘古
234342,,234342,梵音净心·乾达婆
234356,,234356,群星之怒·上古星龙
234412,,234412,尔等为臣·女帝
234419,,234419,血色神灾·暗黑雷帝神
234428,,234428,泰坦巨神王·普罗米修斯
234443,,234443,深潜者·克拉肯
234453,,234453,神诫·宙斯
234495,,234495,命运福音·亚当
234528,,234528,红颜傲骨·穆桂英
234625,,234625,超界领域·时空王
234639,,234639,英雄之火·菲尔
234679,,234679,太阳神的庇护·阿波罗
234703,,234703,荒宇独霸·帝皇龙
234715,,234715,魈鬼破势·白夜叉
234734,,234734,泰坦神铠·骸
234736,,234736,不染尘·瑠璃
234768,,234768,轮回女神·梅比乌斯
234842,,234842,星神宫之主·上古星龙
234853,,234853,烽火赤壁·周瑜
234866,,234866,光启精灵王-伊撒尔
234867,,234867,木之精灵王-可兰
234868,,234868,净化之光-拉克丝
234869,,234869,梦幻之光-罗塔纱
234870,,234870,水之精灵王-梅卡
234871,,234871,光启时代-圣天伊
234872,,234872,火之精灵王-菲尔
234875,,234875,守护之光-米垭
234880,,234880,重枪风暴-合金猛将
234881,,234881,圣窗余晖-米迦勒
234882,,234882,繁星余迹-路西法
234884,,234884,神峰圣护-山脉之魂
234890,,234890,幽冥主宰-哈迪斯
234891,,234891,木人桩-超王系
234892,,234892,猩红序曲-露易丝
234898,,234898,永恒源晶裁决之龙-阿卜苏
234909,,234909,寰宇鎏金星河入怀-银河
234911,,234911,无我之境-力量王
234916,,234916,陨星-愚者
234917,,234917,福瑞降人间-圣王麒麟
234925,,234925,执掌因果万世轮回-帝俊
234939,,234939,旃檀功德-唐三藏
234940,,234940,齐天大圣-孙悟空
234945,,234945,众里寻他千百度-梦
234952,,234952,谪仙剑无双-李白
234955,,234955,凛冬之意-瓦格纳
234959,,234959,三位一体-至尊精灵王
234964,,234964,深渊安魂曲-奈亚
234967,,234967,踏阴阳定荒宇-东皇太一
234971,,234971,阴阳割昏晓-天道无极
234973,,234973,霜佑北境-帕里斯
234977,,234977,千山落樱之辉-夜樱
234978,,234978,荷风引水色-瑠璃
234995,,234995,源星之归引-上古星龙
235007,,235007,永劫破灭混沌至尊-卡奥斯
235021,,235021,万世独霸龙族至尊-帝皇龙
235026,,235026,雅克守护者-神罗麦提
235030,,235030,破虚空衍群龙-龙母
235042,,235042,圣树临辉光暗双耀-奇灵王
235050,,235050,春晖神女-可兰
235055,,235055,天国守护者-白天使王
235056,,235056,黑暗之翼-黑天使王
235074,,235074,睥睨众臣-女帝
235082,,235082,深渊之契-绮美拉
235087,,235087,武绝凌天-貘
235105,,235105,王者加冕-黄金圣天伊
235111,,235111,无垠-愚者
235112,,235112,陨灭-世界
235118,,235118,邃古凌苍-日月战武神
235121,,235121,混沌恩赐-厄瑞玻斯
235124,,235124,鸣劫制裁-雷霆青龙
235130,,235130,漆夜破空之刃-使者
235131,,235131,漆漆-使者
235136,,235136,万王天谕-圣王麒麟
235137,,235137,天地惊弦-六龙圣王
235142,,235142,圣魂觉醒-伊撒尔
235147,,235147,绝天穿梭之界-时空王
235154,,235154,圣铃妙音众识浮沉-阿赖耶识
235171,,235171,伊甸园的余晖-亚当
235174,,235174,超越纪元的新生-海蒂拉玛
235187,,235187,星宇之隙穹宙之辉-银河
235188,,235188,万神之王-宙斯
235206,,235206,始祖大天使-尼斯洛克
235214,,235214,绝望噬影-尼德霍格
235231,,235231,葬魂曲-死神弥尔
235235,,235235,瞰世之棘-亘古树灵
235240,,235240,霜寒冰域-上古龙女
235241,,235241,炽天炎境-上古龙女
235247,,235247,天道秩序诸界主宰-乾坤
235254,,235254,大道无名-天命王
235258,,235258,魔神再临-以撒
235265,,235265,永恒炽阳-神阿波罗
235272,,235272,创世织梦之眷-赫耳墨斯
235275,,235275,如星永伴长夜-梦
235291,,235291,原初骑士-洛兰
235294,,235294,恶魔的私语-路西法
235299,,235299,幻世镜梦-谴
235301,,235301,长夜墟渊-烛龙
235314,,235314,青山沐日天地无疆-盘古
235316,,235316,梵星音律-乾达婆
235330,,235330,诺言之神-星诺玛
235332,,235332,金翅神羽-迦楼罗
235336,,235336,群星守护寰宇光辉-神银河
235344,,235344,创世罪裁龙神-撒迦利亚
235347,,235347,审判命运之战-奥丁大帝
235353,,235353,诸天神通-帝释天
235364,,235364,混沌始源万物终湮-卡奥斯
235377,,235377,冰霜亡域-巫妖王
235379,,235379,吾即深渊-拉莱耶
235380,,235380,吾即深渊-拉莱耶（支配者）
235381,,235381,吾即深渊-拉莱耶（真神）
235397,,235397,终末的残响-奈亚
235400,,235400,审神律理-无冕之王
235402,,235402,断海沧澜-龙太子
235427,,235427,寒夜破晓之刃-使者
235431,,235431,九柱神临缔世碑火-阿蒙王
235433,,235433,神威地龙-摩罗迦
235438,,235438,墟尽神临之噬-赫耳墨斯
235439,,235439,噬界傀人-赫耳墨斯
235450,,235450,圣裁座天使-奥菲妮
235453,,235453,孤胆英雄-赵云
235457,,235457,吾即永恒-阿卜苏
235464,,235464,万序之启-源
235467,,235467,灵骸烬染之潮-夜樱
235474,,235474,浮游天地乘风去-逍遥
235475,,235475,瑶琴迷阵-诸葛亮
235488,,235488,黑翎之妄朽界之暗-梵天
235494,,235494,横戟破军-吕布
235502,,235502,神行至尊-玄皇耀凌
235515,,235515,灵智终端-黛拉
235526,,235526,圣仪临世-烈焰凤凰
235527,,235527,一剑封魂-白夜叉
235532,,235532,穹星创迹苍宇生辉-银河
235539,,235539,空寂无尘万法唯心-阿赖耶识
235540,,235540,统界神权王者-帝皇龙
235561,,235561,龙吟瑞雪-圣王麒麟
235564,,235564,一桥一诺一相逢-梦
235576,,235576,吞天黑潮-凯撒
235578,,235578,神霆点苍-奇灵王
235579,,235579,纵马引弓巾帼志-孙尚香
235590,,235590,时序永前万境永在-时空王
235598,,235598,虚堕之君王-贝利亚尔
235607,,235607,荒原苍焰-狼王
235614,,235614,不朽龙主-巴哈姆特
235680,,235680,天地之始祖-盘古
235691,,235691,灾变之君王-拜恩
235723,,235723,纪元至高之引-海蒂拉玛
235724,,235724,渊秘之君王-派蒙
235764,,235764,大荒共主-天帝昊天
235783,,235783,深渊的约定-克希拉
235791,,235791,深渊星阶-律
235812,,235812,爱与美的恩泽-维纳斯
235839,,235839,万灵溯生之御-盖亚
235898,,235898,万魂映月之主-夜樱
240003,,240003,大师兔
240006,,240006,爆焰吉拉
240009,,240009,露西亚
240093,,240093,木面侠
240096,,240096,金刚库巴
240099,,240099,火花龙
240105,,240105,神武月
240111,,240111,战无炎
240215,,240215,青龙灵兽
240278,,240278,烈焰鸟
240317,,240317,天使莱特
240328,,240328,SR战士
240388,,240388,玄武灵兽
240427,,240427,星光角斗士
240504,,240504,先锋SR
240624,,240624,白虎灵兽
240682,,240682,黑夜童心
240728,,240728,凯撒
240731,,240731,修罗
240741,,240741,朱雀灵兽
240771,,240771,赤影飞狐
240865,,240865,超T兔
241122,,241122,狼王迪洛斯
241124,,241124,夜王狄米特
241394,,241394,蓝羽灵者
241423,,241423,噬月武神
241461,,241461,苍炎战神
241515,,241515,龙甲豆豆
241518,,241518,魔法七仔
241896,,241896,圣·天伊
242440,,242440,星魔
242597,,242597,大力神将
242608,,242608,青鸾
242621,,242621,飓风领主
242622,,242622,遁海金刚库巴
242639,,242639,木面御剑侠
242684,,242684,圣剑仙太白
242717,,242717,蓝羽剑圣
242731,,242731,幻影超T兔
242762,,242762,火花天龙
242812,,242812,凌魄卡卡修
242813,,242813,魂斗佐罗门
242865,,242865,日月战武神
242910,,242910,龙王敖兴
242994,,242994,冥夜君狼王
243027,,243027,天使王
243074,,243074,黑翼王
243089,,243089,无冕之王·潜
243099,,243099,猩猩队长
243384,,243384,[斗转星移]智慧王（个体）
243641,,243641,[御日月缔时光]羲和
243670,,243670,[大道至臻]天命王
243671,,243671,[大道至臻]天命王
243674,,243674,[神谕之光]绝界阿波罗
243704,,243704,[皆为序曲]过去之神
243705,,243705,[皆为序曲]过去之神
243716,,243716,[星神主]绝界上古星龙
243746,,243746,[龙族起源]龙母
243754,,243754,[万物生辉]王者可兰
243758,,243758,[东风不破]超维诸葛亮
243763,,243763,[御龙诀]超维孙悟空
243767,,243767,[堕怠之罪]大妖神武月
243776,,243776,[天地起源]超维盘古
243781,,243781,[亚特兰蒂斯]通灵亚当
243784,,243784,[无尽神兵]银（救世主）
243787,,243787,[傲慢之罪]嗜血狼王
243788,,243788,[傲慢之罪]嗜血狼王
243790,,243790,[众神天罚]超维宙斯
243791,,243791,[万冥天罪]王者哈迪斯
243794,,243794,[天地道无极]双生乾坤
243795,,243795,[天道主宰]乾坤
243796,,243796,[天地复初]乾坤
243804,,243804,[轮回法则]灵魂伊撒尔
243810,,243810,[黑白相生]灵魂奇灵王
243952,,243952,天灾统领·巫妖王
243963,,243963,魔王·撒旦
243975,,243975,万世龙尊·帝皇龙
244029,,244029,神国之主·奥丁大帝
244151,,244151,诸神至高王座·王者奥丁大帝
244165,,244165,九黎兵主·蚩尤
244179,,244179,众神の意志·王者宙斯
244219,,244219,黑暗未来计划·念
244264,,244264,灰烬熔芯·胜遇
244366,,244366,末世幽火悯·赫菲斯托斯
244374,,244374,绝对水域·王者梅卡
244428,,244428,泰坦巨神王·普罗米修斯
244431,,244431,至高冠冕之谕·真理之后
244457,,244457,深渊意志·拉莱耶
244514,,244514,夺命魔弹·枪神王
244525,,244525,无垢幻境·白皇星焰
244575,,244575,无量乐土·末那
244577,,244577,宿命之尘·尘纱
244582,,244582,横扫沧海·龙太子
244591,,244591,我欲齐天·孙悟空
244611,,244611,熵寂·愚者
244691,,244691,天道帝威·帝释天
244699,,244699,幽夜蝶舞·夜兰
244814,,244814,永恒裁决之枪·奥丁大帝
244866,,244866,光启精灵王-伊撒尔
244867,,244867,木之精灵王-可兰
244868,,244868,净化之光-拉克丝
244869,,244869,梦幻之光-罗塔纱
244870,,244870,水之精灵王-梅卡
244871,,244871,光启时代-圣天伊
244872,,244872,火之精灵王-菲尔
244875,,244875,守护之光-米垭
244880,,244880,重枪风暴-合金猛将
244881,,244881,圣窗余晖-米迦勒
244882,,244882,繁星余迹-路西法
244884,,244884,神峰圣护-山脉之魂
244890,,244890,幽冥主宰-哈迪斯
244891,,244891,木人桩-完全系
244892,,244892,猩红序曲-露易丝
244898,,244898,永恒源晶裁决之龙-阿卜苏
244909,,244909,寰宇鎏金星河入怀-银河
244911,,244911,无我之境-力量王
244916,,244916,陨星-愚者
244917,,244917,福瑞降人间-圣王麒麟
244925,,244925,执掌因果万世轮回-帝俊
244939,,244939,旃檀功德-唐三藏
244941,,244941,德安万世-唐太宗李世民
244945,,244945,众里寻他千百度-梦
244952,,244952,谪仙剑无双-李白
244955,,244955,凛冬之意-瓦格纳
244959,,244959,三位一体-至尊精灵王
244964,,244964,深渊安魂曲-奈亚
244967,,244967,踏阴阳定荒宇-东皇太一
244971,,244971,阴阳割昏晓-天道无极
244973,,244973,霜佑北境-帕里斯
244977,,244977,千山落樱之辉-夜樱
244978,,244978,荷风引水色-瑠璃
244979,,244979,大汉天子-汉武帝刘彻
244994,,244994,至圣神王裁决-奥丁大帝
244995,,244995,源星之归引-上古星龙
245007,,245007,永劫破灭混沌至尊-卡奥斯
245021,,245021,万世独霸龙族至尊-帝皇龙
245026,,245026,雅克守护者-神罗麦提
245030,,245030,破虚空衍群龙-龙母
245042,,245042,圣树临辉光暗双耀-奇灵王
245050,,245050,春晖神女-可兰
245055,,245055,天国守护者-白天使王
245056,,245056,黑暗之翼-黑天使王
245074,,245074,睥睨众臣-女帝
245082,,245082,深渊之契-绮美拉
245087,,245087,武绝凌天-貘
245105,,245105,王者加冕-黄金圣天伊
245111,,245111,无垠-愚者
245112,,245112,陨灭-世界
245118,,245118,邃古凌苍-日月战武神
245121,,245121,混沌恩赐-厄瑞玻斯
245124,,245124,鸣劫制裁-雷霆青龙
245131,,245131,漆漆-使者
245136,,245136,万王天谕-圣王麒麟
245137,,245137,天地惊弦-六龙圣王
245142,,245142,圣魂觉醒-伊撒尔
245147,,245147,绝天穿梭之界-时空王
245154,,245154,圣铃妙音众识浮沉-阿赖耶识
245163,,245163,傲凡尘启仙灵-女娲
245171,,245171,伊甸园的余晖-亚当
245174,,245174,超越纪元的新生-海蒂拉玛
245187,,245187,星宇之隙穹宙之辉-银河
245188,,245188,万神之王-宙斯
245206,,245206,始祖大天使-尼斯洛克
245214,,245214,绝望噬影-尼德霍格
245231,,245231,葬魂曲-死神弥尔
245235,,245235,瞰世之棘-亘古树灵
245240,,245240,霜寒冰域-上古龙女
245241,,245241,炽天炎境-上古龙女
245247,,245247,天道秩序诸界主宰-乾坤
245254,,245254,大道无名-天命王
245258,,245258,魔神再临-以撒
245265,,245265,永恒炽阳-神阿波罗
245272,,245272,创世织梦之眷-赫耳墨斯
245275,,245275,如星永伴长夜-梦
245291,,245291,原初骑士-洛兰
245294,,245294,恶魔的私语-路西法
245299,,245299,幻世镜梦-谴
245301,,245301,长夜墟渊-烛龙
245314,,245314,青山沐日天地无疆-盘古
245316,,245316,梵星音律-乾达婆
245330,,245330,诺言之神-星诺玛
245332,,245332,金翅神羽-迦楼罗
245336,,245336,群星守护寰宇光辉-神银河
245344,,245344,创世罪裁龙神-撒迦利亚
245347,,245347,审判命运之战-奥丁大帝
245353,,245353,诸天神通-帝释天
245364,,245364,混沌始源万物终湮-卡奥斯
245377,,245377,冰霜亡域-巫妖王
245379,,245379,吾即深渊-拉莱耶
245380,,245380,吾即深渊-拉莱耶（支配者）
245381,,245381,吾即深渊-拉莱耶（真神）
245397,,245397,终末的残响-奈亚
245400,,245400,审神律理-无冕之王
245402,,245402,断海沧澜-龙太子
245427,,245427,寒夜破晓之刃-使者
245431,,245431,九柱神临缔世碑火-阿蒙王
245433,,245433,神威地龙-摩罗迦
245438,,245438,墟尽神临之噬-赫耳墨斯
245439,,245439,噬界傀人-赫耳墨斯
245450,,245450,圣裁座天使-奥菲妮
245453,,245453,孤胆英雄-赵云
245457,,245457,吾即永恒-阿卜苏
245464,,245464,万序之启-源
245467,,245467,灵骸烬染之潮-夜樱
245474,,245474,浮游天地乘风去-逍遥
245475,,245475,瑶琴迷阵-诸葛亮
245488,,245488,黑翎之妄朽界之暗-梵天
245494,,245494,横戟破军-吕布
245502,,245502,神行至尊-玄皇耀凌
245515,,245515,灵智终端-黛拉
245526,,245526,圣仪临世-烈焰凤凰
245527,,245527,一剑封魂-白夜叉
245532,,245532,穹星创迹苍宇生辉-银河
245539,,245539,空寂无尘万法唯心-阿赖耶识
245540,,245540,统界神权王者-帝皇龙
245561,,245561,龙吟瑞雪-圣王麒麟
245564,,245564,一桥一诺一相逢-梦
245578,,245578,神霆点苍-奇灵王
245579,,245579,纵马引弓巾帼志-孙尚香
245590,,245590,时序永前万境永在-时空王
245598,,245598,虚堕之君王-贝利亚尔
245607,,245607,荒原苍焰-狼王
245614,,245614,不朽龙主-巴哈姆特
245680,,245680,天地之始祖-盘古
245691,,245691,灾变之君王-拜恩
245724,,245724,渊秘之君王-派蒙
245764,,245764,大荒共主-天帝昊天
245791,,245791,深渊星阶-律
245812,,245812,爱与美的恩泽-维纳斯
245839,,245839,万灵溯生之御-盖亚
245898,,245898,万魂映月之主-夜樱
250009,,250009,露西亚
250017,,250017,电击河豚
250018,,250018,霹雳河豚
250068,,250068,乌可拉
250069,,250069,乌歌拉
250105,,250105,神武月
250111,,250111,战无炎
250133,,250133,魅影娃娃
250162,,250162,法拉帝
250182,,250182,海马刀客
250183,,250183,海马剑士
250317,,250317,天使莱特
250328,,250328,SR战士
250345,,250345,神枪雷格
250346,,250346,海盗雷格
250388,,250388,玄武灵兽
250454,,250454,格林双枪蟹
250499,,250499,黄金粽总兵
250552,,250552,团团
250578,,250578,金银球
250607,,250607,安德鲁
250608,,250608,安德鲁拉
250643,,250643,魔灯鬼王
250853,,250853,黄巾小兵
251050,,251050,箭鱼侠
251056,,251056,蓝冰魔鬼鱼
251073,,251073,雷电企鹅
251074,,251074,超电流企鹅
251122,,251122,狼王迪洛斯
251196,,251196,钱小样
251304,,251304,斯达猫
251305,,251305,剑士猫
251554,,251554,木桶小怪
251555,,251555,木桶大盗
251556,,251556,斑比
251560,,251560,罗德
251561,,251561,战武罗德
251573,,251573,钢炮奥斯卡
251574,,251574,泰利船长
251575,,251575,泰利船长
251576,,251576,蒙奇
251581,,251581,鲍勃萨
251582,,251582,鲍勃萨
251586,,251586,旋风桑吉
251594,,251594,奥萝
251896,,251896,圣·天伊
252440,,252440,星魔
253963,,253963,魔王·撒旦
253975,,253975,万世龙尊·帝皇龙
254071,,254071,万灵永恒·盖亚
254165,,254165,九黎兵主·蚩尤
254201,,254201,烈焰天辉·菲尔
254217,,254217,虚数重构·黛依
254264,,254264,灰烬熔芯·胜遇
254306,,254306,救世天幕·传说时空王
254329,,254329,全知·律
254343,,254343,掌混沌终因果·卡奥斯
254364,,254364,苍雷怒涛·风暴龙
254391,,254391,冥夜瞬影·王者黑翼王
254412,,254412,尔等为臣·女帝
254427,,254427,破晓棋局·无冕之王
254428,,254428,泰坦巨神王·普罗米修斯
254508,,254508,白袍御无双·赵云
254516,,254516,苍月之剑·月下绯
254545,,254545,至诚之心·卡亚
254645,,254645,剑舞轻别离·孙尚香
254668,,254668,冥道蚀骨·阿修罗
254689,,254689,万界混沌之主·卡奥斯
254690,,254690,缱绻花吻·莉莉丝
254827,,254827,倾城之舞·杨玉环
254866,,254866,光启精灵王-伊撒尔
254867,,254867,木之精灵王-可兰
254868,,254868,净化之光-拉克丝
254869,,254869,梦幻之光-罗塔纱
254870,,254870,水之精灵王-梅卡
254871,,254871,光启时代-圣天伊
254872,,254872,火之精灵王-菲尔
254875,,254875,守护之光-米垭
254880,,254880,重枪风暴-合金猛将
254881,,254881,圣窗余晖-米迦勒
254882,,254882,繁星余迹-路西法
254884,,254884,神峰圣护-山脉之魂
254890,,254890,幽冥主宰-哈迪斯
254891,,254891,木人桩-超乾坤系
254892,,254892,猩红序曲-露易丝
254898,,254898,永恒源晶裁决之龙-阿卜苏
254909,,254909,寰宇鎏金星河入怀-银河
254911,,254911,无我之境-力量王
254916,,254916,陨星-愚者
254925,,254925,执掌因果万世轮回-帝俊
254939,,254939,旃檀功德-唐三藏
254945,,254945,众里寻他千百度-梦
254952,,254952,谪仙剑无双-李白
254955,,254955,凛冬之意-瓦格纳
254957,,254957,剑影抚落忆-孙尚香
254959,,254959,三位一体-至尊精灵王
254964,,254964,深渊安魂曲-奈亚
254971,,254971,阴阳割昏晓-天道无极
254973,,254973,霜佑北境-帕里斯
254977,,254977,千山落樱之辉-夜樱
254995,,254995,源星之归引-上古星龙
255007,,255007,永劫破灭混沌至尊-卡奥斯
255009,,255009,枯骨之花-莉莉丝
255021,,255021,万世独霸龙族至尊-帝皇龙
255026,,255026,雅克守护者-神罗麦提
255030,,255030,破虚空衍群龙-龙母
255042,,255042,圣树临辉光暗双耀-奇灵王
255050,,255050,春晖神女-可兰
255055,,255055,天国守护者-白天使王
255056,,255056,黑暗之翼-黑天使王
255074,,255074,睥睨众臣-女帝
255082,,255082,深渊之契-绮美拉
255087,,255087,武绝凌天-貘
255105,,255105,王者加冕-黄金圣天伊
255111,,255111,无垠-愚者
255112,,255112,陨灭-世界
255121,,255121,混沌恩赐-厄瑞玻斯
255124,,255124,鸣劫制裁-雷霆青龙
255131,,255131,漆漆-使者
255142,,255142,圣魂觉醒-伊撒尔
255154,,255154,圣铃妙音众识浮沉-阿赖耶识
255163,,255163,傲凡尘启仙灵-女娲
255171,,255171,伊甸园的余晖-亚当
255174,,255174,超越纪元的新生-海蒂拉玛
255187,,255187,星宇之隙穹宙之辉-银河
255188,,255188,万神之王-宙斯
255206,,255206,始祖大天使-尼斯洛克
255214,,255214,绝望噬影-尼德霍格
255231,,255231,葬魂曲-死神弥尔
255235,,255235,瞰世之棘-亘古树灵
255240,,255240,霜寒冰域-上古龙女
255241,,255241,炽天炎境-上古龙女
255247,,255247,天道秩序诸界主宰-乾坤
255254,,255254,大道无名-天命王
255258,,255258,魔神再临-以撒
255265,,255265,永恒炽阳-神阿波罗
255275,,255275,如星永伴长夜-梦
255291,,255291,原初骑士-洛兰
255294,,255294,恶魔的私语-路西法
255299,,255299,幻世镜梦-谴
255301,,255301,长夜墟渊-烛龙
255314,,255314,青山沐日天地无疆-盘古
255316,,255316,梵星音律-乾达婆
255330,,255330,诺言之神-星诺玛
255332,,255332,金翅神羽-迦楼罗
255336,,255336,群星守护寰宇光辉-神银河
255347,,255347,审判命运之战-奥丁大帝
255353,,255353,诸天神通-帝释天
255364,,255364,混沌始源万物终湮-卡奥斯
255377,,255377,冰霜亡域-巫妖王
255379,,255379,吾即深渊-拉莱耶
255380,,255380,吾即深渊-拉莱耶（支配者）
255381,,255381,吾即深渊-拉莱耶（真神）
255397,,255397,终末的残响-奈亚
255400,,255400,审神律理-无冕之王
255402,,255402,断海沧澜-龙太子
255427,,255427,寒夜破晓之刃-使者
255431,,255431,九柱神临缔世碑火-阿蒙王
255433,,255433,神威地龙-摩罗迦
255438,,255438,墟尽神临之噬-赫耳墨斯
255439,,255439,噬界傀人-赫耳墨斯
255450,,255450,圣裁座天使-奥菲妮
255453,,255453,孤胆英雄-赵云
255457,,255457,吾即永恒-阿卜苏
255464,,255464,万序之启-源
255467,,255467,灵骸烬染之潮-夜樱
255474,,255474,浮游天地乘风去-逍遥
255475,,255475,瑶琴迷阵-诸葛亮
255488,,255488,黑翎之妄朽界之暗-梵天
255494,,255494,横戟破军-吕布
255502,,255502,神行至尊-玄皇耀凌
255515,,255515,灵智终端-黛拉
255526,,255526,圣仪临世-烈焰凤凰
255527,,255527,一剑封魂-白夜叉
255532,,255532,穹星创迹苍宇生辉-银河
255539,,255539,空寂无尘万法唯心-阿赖耶识
255540,,255540,统界神权王者-帝皇龙
255561,,255561,龙吟瑞雪-圣王麒麟
255564,,255564,一桥一诺一相逢-梦
255578,,255578,神霆点苍-奇灵王
255579,,255579,纵马引弓巾帼志-孙尚香
255590,,255590,时序永前万境永在-时空王
255598,,255598,虚堕之君王-贝利亚尔
255607,,255607,荒原苍焰-狼王
255614,,255614,不朽龙主-巴哈姆特
255680,,255680,天地之始祖-盘古
255691,,255691,灾变之君王-拜恩
255724,,255724,渊秘之君王-派蒙
255764,,255764,大荒共主-天帝昊天
255791,,255791,深渊星阶-律
255812,,255812,爱与美的恩泽-维纳斯
255839,,255839,万灵溯生之御-盖亚
255898,,255898,万魂映月之主-夜樱
260105,,260105,神武月
260111,,260111,战无炎
260201,,260201,轰天雷
260328,,260328,SR战士
260398,,260398,托马斯
260408,,260408,青翼绿龙
260436,,260436,黑暗守卫
260662,,260662,阿斯特雷亚
260665,,260665,天之巨灵
260704,,260704,冰霜射手
260801,,260801,贝贝龙
260903,,260903,震地巨兽
260987,,260987,羽蛇神
261082,,261082,奥奇
261118,,261118,幻影
261122,,261122,狼王迪洛斯
261173,,261173,火焰欧羊
261220,,261220,利爪格非
261403,,261403,暗影兽
261436,,261436,武斗兽
261473,,261473,圣灵星诺
261647,,261647,洛萨特
261896,,261896,圣·天伊
262440,,262440,星魔
263963,,263963,魔王·撒旦
264127,,264127,GOD·无冕之王
264165,,264165,九黎兵主·蚩尤
264207,,264207,月冕之曜·阿尔忒弥斯
264306,,264306,救世天幕·传说时空王
264312,,264312,无上·主祭
264315,,264315,后土圣女·岁岁祈
264364,,264364,苍雷怒涛·风暴龙
264385,,264385,苍龙御天·帝皇龙
264405,,264405,无尽·命运之轮
264412,,264412,尔等为臣·女帝
264428,,264428,泰坦巨神王·普罗米修斯
264446,,264446,梦幻云端之忆·梦
264474,,264474,至圣不朽之勋·奥丁大帝
264484,,264484,暗物质创世母神·提亚玛特
264509,,264509,娑罗幻灭·念空
264531,,264531,无解·塔
264552,,264552,万古龙魂·龍
264575,,264575,无量乐土·末那
264644,,264644,纯白之灾厄·海蒂拉玛
264648,,264648,灾厄救世主·海蒂拉玛
264702,,264702,裂斩沧澜·帝皇龙
264703,,264703,荒宇独霸·帝皇龙
264854,,264854,破灭龙音·龙族大法师
264866,,264866,光启精灵王-伊撒尔
264867,,264867,木之精灵王-可兰
264868,,264868,净化之光-拉克丝
264869,,264869,梦幻之光-罗塔纱
264870,,264870,水之精灵王-梅卡
264872,,264872,火之精灵王-菲尔
264875,,264875,守护之光-米垭
264880,,264880,重枪风暴-合金猛将
264881,,264881,圣窗余晖-米迦勒
264882,,264882,繁星余迹-路西法
264884,,264884,神峰圣护-山脉之魂
264890,,264890,幽冥主宰-哈迪斯
264891,,264891,木人桩-超神系
264892,,264892,猩红序曲-露易丝
264898,,264898,永恒源晶裁决之龙-阿卜苏
264909,,264909,寰宇鎏金星河入怀-银河
264911,,264911,无我之境-力量王
264925,,264925,执掌因果万世轮回-帝俊
264939,,264939,旃檀功德-唐三藏
264945,,264945,众里寻他千百度-梦
264952,,264952,谪仙剑无双-李白
264955,,264955,凛冬之意-瓦格纳
264959,,264959,三位一体-至尊精灵王
264964,,264964,深渊安魂曲-奈亚
264973,,264973,霜佑北境-帕里斯
264977,,264977,千山落樱之辉-夜樱
264995,,264995,源星之归引-上古星龙
265007,,265007,永劫破灭混沌至尊-卡奥斯
265021,,265021,万世独霸龙族至尊-帝皇龙
265022,,265022,荒宇独霸-帝皇龙
265023,,265023,倾世之寒-始祖冰龙
265030,,265030,破虚空衍群龙-龙母
265042,,265042,圣树临辉光暗双耀-奇灵王
265050,,265050,春晖神女-可兰
265055,,265055,天国守护者-白天使王
265056,,265056,黑暗之翼-黑天使王
265074,,265074,睥睨众臣-女帝
265082,,265082,深渊之契-绮美拉
265087,,265087,武绝凌天-貘
265105,,265105,王者加冕-黄金圣天伊
265111,,265111,无垠-愚者
265112,,265112,陨灭-世界
265121,,265121,混沌恩赐-厄瑞玻斯
265124,,265124,鸣劫制裁-雷霆青龙
265131,,265131,漆漆-使者
265142,,265142,圣魂觉醒-伊撒尔
265154,,265154,圣铃妙音众识浮沉-阿赖耶识
265163,,265163,傲凡尘启仙灵-女娲
265171,,265171,伊甸园的余晖-亚当
265174,,265174,超越纪元的新生-海蒂拉玛
265188,,265188,万神之王-宙斯
265206,,265206,始祖大天使-尼斯洛克
265214,,265214,绝望噬影-尼德霍格
265231,,265231,葬魂曲-死神弥尔
265235,,265235,瞰世之棘-亘古树灵
265240,,265240,霜寒冰域-上古龙女
265241,,265241,炽天炎境-上古龙女
265247,,265247,天道秩序诸界主宰-乾坤
265254,,265254,大道无名-天命王
265258,,265258,魔神再临-以撒
265265,,265265,永恒炽阳-神阿波罗
265275,,265275,如星永伴长夜-梦
265291,,265291,原初骑士-洛兰
265294,,265294,恶魔的私语-路西法
265301,,265301,长夜墟渊-烛龙
265314,,265314,青山沐日天地无疆-盘古
265316,,265316,梵星音律-乾达婆
265330,,265330,诺言之神-星诺玛
265332,,265332,金翅神羽-迦楼罗
265336,,265336,群星守护寰宇光辉-神银河
265347,,265347,审判命运之战-奥丁大帝
265353,,265353,诸天神通-帝释天
265364,,265364,混沌始源万物终湮-卡奥斯
265377,,265377,冰霜亡域-巫妖王
265379,,265379,吾即深渊-拉莱耶
265380,,265380,吾即深渊-拉莱耶（支配者）
265381,,265381,吾即深渊-拉莱耶（真神）
265400,,265400,审神律理-无冕之王
265402,,265402,断海沧澜-龙太子
265427,,265427,寒夜破晓之刃-使者
265431,,265431,九柱神临缔世碑火-阿蒙王
265433,,265433,神威地龙-摩罗迦
265438,,265438,墟尽神临之噬-赫耳墨斯
265439,,265439,噬界傀人-赫耳墨斯
265450,,265450,圣裁座天使-奥菲妮
265453,,265453,孤胆英雄-赵云
265457,,265457,吾即永恒-阿卜苏
265464,,265464,万序之启-源
265467,,265467,灵骸烬染之潮-夜樱
265474,,265474,浮游天地乘风去-逍遥
265475,,265475,瑶琴迷阵-诸葛亮
265488,,265488,黑翎之妄朽界之暗-梵天
265494,,265494,横戟破军-吕布
265515,,265515,灵智终端-黛拉
265526,,265526,圣仪临世-烈焰凤凰
265527,,265527,一剑封魂-白夜叉
265532,,265532,穹星创迹苍宇生辉-银河
265539,,265539,空寂无尘万法唯心-阿赖耶识
265540,,265540,统界神权王者-帝皇龙
265561,,265561,龙吟瑞雪-圣王麒麟
265564,,265564,一桥一诺一相逢-梦
265578,,265578,神霆点苍-奇灵王
265579,,265579,纵马引弓巾帼志-孙尚香
265590,,265590,时序永前万境永在-时空王
265598,,265598,虚堕之君王-贝利亚尔
265607,,265607,荒原苍焰-狼王
265614,,265614,不朽龙主-巴哈姆特
265680,,265680,天地之始祖-盘古
265691,,265691,灾变之君王-拜恩
265764,,265764,大荒共主-天帝昊天
265791,,265791,深渊星阶-律
265812,,265812,爱与美的恩泽-维纳斯
265839,,265839,万灵溯生之御-盖亚
265898,,265898,万魂映月之主-夜樱
270105,,270105,神武月
270268,,270268,南瓜小怪
270281,,270281,飞行魔书
270303,,270303,龙族神射手
270320,,270320,雷帝神
270328,,270328,SR战士
270418,,270418,山脉之魂
270469,,270469,雷纳瑞
270536,,270536,震天石魔
270630,,270630,蓝铁巨鳄
270643,,270643,魔灯鬼王
270644,,270644,巨斧鬼王
270715,,270715,远古灵龟
270757,,270757,暴雪山神
270976,,270976,诸葛亮
271190,,271190,鬼王
271240,,271240,乐天
271263,,271263,南瓜车车
271394,,271394,蓝羽灵者
271651,,271651,路威杰
271896,,271896,圣·天伊
272062,,272062,魔大将
272328,,272328,夜灵
272330,,272330,贝光精灵
272332,,272332,杰洛
272333,,272333,骑士杰洛
272335,,272335,零夜战骑
272440,,272440,星魔
272466,,272466,捣蛋羊
272468,,272468,鬼杀布莱克
272524,,272524,灼格
272541,,272541,厄运英豪
272603,,272603,超念
272646,,272646,八荒混沌
272687,,272687,南瓜阿呆
272688,,272688,巫师阿瓜
272707,,272707,尤里
272823,,272823,天煞穷奇
272835,,272835,守山怪
272899,,272899,摄魂幽灵
273963,,273963,魔王·撒旦
274127,,274127,GOD·无冕之王
274207,,274207,月冕之曜·阿尔忒弥斯
274312,,274312,无上·主祭
274315,,274315,后土圣女·岁岁祈
274446,,274446,梦幻云端之忆·梦
274531,,274531,无解·塔
274552,,274552,万古龙魂·龍
274575,,274575,无量乐土·末那
274596,,274596,流云碧落日月之辉·羲和
274597,,274597,诸天万世我主浮沉·帝俊
274644,,274644,纯白之灾厄·海蒂拉玛
274760,,274760,晞光的祈唤·王者羲和
274854,,274854,破灭龙音·龙族大法师
274866,,274866,光启精灵王-伊撒尔
274867,,274867,木之精灵王-可兰
274868,,274868,净化之光-拉克丝
274869,,274869,梦幻之光-罗塔纱
274870,,274870,水之精灵王-梅卡
274872,,274872,火之精灵王-菲尔
274875,,274875,守护之光-米垭
274880,,274880,重枪风暴-合金猛将
274881,,274881,圣窗余晖-米迦勒
274882,,274882,繁星余迹-路西法
274884,,274884,神峰圣护-山脉之魂
274890,,274890,幽冥主宰-哈迪斯
274891,,274891,木人桩-超时空系
274892,,274892,猩红序曲-露易丝
274898,,274898,永恒源晶裁决之龙-阿卜苏
274909,,274909,寰宇鎏金星河入怀-银河
274920,,274920,圣宇星轨时扉之光-羲和
274925,,274925,执掌因果万世轮回-帝俊
274945,,274945,众里寻他千百度-梦
274955,,274955,凛冬之意-瓦格纳
274959,,274959,三位一体-至尊精灵王
274964,,274964,深渊安魂曲-奈亚
274973,,274973,霜佑北境-帕里斯
274977,,274977,千山落樱之辉-夜樱
274995,,274995,源星之归引-上古星龙
274999,,274999,救世的执妄愚人-公爵
275007,,275007,永劫破灭混沌至尊-卡奥斯
275020,,275020,白灵之尊-狼王
275021,,275021,万世独霸龙族至尊-帝皇龙
275022,,275022,荒宇独霸-帝皇龙
275023,,275023,倾世之寒-始祖冰龙
275025,,275025,星轨圣裁之回响-羲和
275030,,275030,破虚空衍群龙-龙母
275042,,275042,圣树临辉光暗双耀-奇灵王
275050,,275050,春晖神女-可兰
275055,,275055,天国守护者-白天使王
275056,,275056,黑暗之翼-黑天使王
275074,,275074,睥睨众臣-女帝
275082,,275082,深渊之契-绮美拉
275087,,275087,武绝凌天-貘
275111,,275111,无垠-愚者
275112,,275112,陨灭-世界
275121,,275121,混沌恩赐-厄瑞玻斯
275124,,275124,鸣劫制裁-雷霆青龙
275142,,275142,圣魂觉醒-伊撒尔
275154,,275154,圣铃妙音众识浮沉-阿赖耶识
275163,,275163,傲凡尘启仙灵-女娲
275171,,275171,伊甸园的余晖-亚当
275174,,275174,超越纪元的新生-海蒂拉玛
275188,,275188,万神之王-宙斯
275206,,275206,始祖大天使-尼斯洛克
275214,,275214,绝望噬影-尼德霍格
275231,,275231,葬魂曲-死神弥尔
275235,,275235,瞰世之棘-亘古树灵
275240,,275240,霜寒冰域-上古龙女
275241,,275241,炽天炎境-上古龙女
275247,,275247,天道秩序诸界主宰-乾坤
275254,,275254,大道无名-天命王
275265,,275265,永恒炽阳-神阿波罗
275291,,275291,原初骑士-洛兰
275294,,275294,恶魔的私语-路西法
275301,,275301,长夜墟渊-烛龙
275314,,275314,青山沐日天地无疆-盘古
275316,,275316,梵星音律-乾达婆
275330,,275330,诺言之神-星诺玛
275332,,275332,金翅神羽-迦楼罗
275336,,275336,群星守护寰宇光辉-神银河
275347,,275347,审判命运之战-奥丁大帝
275353,,275353,诸天神通-帝释天
275364,,275364,混沌始源万物终湮-卡奥斯
275377,,275377,冰霜亡域-巫妖王
275397,,275397,终末的残响-奈亚
275400,,275400,审神律理-无冕之王
275402,,275402,断海沧澜-龙太子
275431,,275431,九柱神临缔世碑火-阿蒙王
275433,,275433,神威地龙-摩罗迦
275438,,275438,墟尽神临之噬-赫耳墨斯
275439,,275439,噬界傀人-赫耳墨斯
275450,,275450,圣裁座天使-奥菲妮
275453,,275453,孤胆英雄-赵云
275457,,275457,吾即永恒-阿卜苏
275464,,275464,万序之启-源
275467,,275467,灵骸烬染之潮-夜樱
275474,,275474,浮游天地乘风去-逍遥
275475,,275475,瑶琴迷阵-诸葛亮
275488,,275488,黑翎之妄朽界之暗-梵天
275494,,275494,横戟破军-吕布
275526,,275526,圣仪临世-烈焰凤凰
275527,,275527,一剑封魂-白夜叉
275532,,275532,穹星创迹苍宇生辉-银河
275539,,275539,空寂无尘万法唯心-阿赖耶识
275540,,275540,统界神权王者-帝皇龙
275561,,275561,龙吟瑞雪-圣王麒麟
275564,,275564,一桥一诺一相逢-梦
275578,,275578,神霆点苍-奇灵王
275590,,275590,时序永前万境永在-时空王
275598,,275598,虚堕之君王-贝利亚尔
275607,,275607,荒原苍焰-狼王
275614,,275614,不朽龙主-巴哈姆特
275680,,275680,天地之始祖-盘古
275691,,275691,灾变之君王-拜恩
275764,,275764,大荒共主-天帝昊天
275791,,275791,深渊星阶-律
275812,,275812,爱与美的恩泽-维纳斯
275839,,275839,万灵溯生之御-盖亚
275898,,275898,万魂映月之主-夜樱
280090,,280090,沙麒麟
280093,,280093,木面侠
280096,,280096,金刚库巴
280099,,280099,火花龙
280105,,280105,神武月
280111,,280111,战无炎
280123,,280123,机甲勇士
280290,,280290,七星神龙
280328,,280328,SR战士
280418,,280418,山脉之魂
280469,,280469,雷纳瑞
280493,,280493,年兽
280500,,280500,终结兔
280501,,280501,魔焰吉拉
280502,,280502,古渊露龙
280506,,280506,烈焰凤凰
280682,,280682,黑夜童心
280715,,280715,远古灵龟
280757,,280757,暴雪山神
280775,,280775,帝皇龙
280840,,280840,神罗麦提
280865,,280865,超T兔
281093,,281093,斗神
281108,,281108,吕布
281122,,281122,狼王迪洛斯
281124,,281124,夜王狄米特
281159,,281159,极冰海牙
281213,,281213,岩波斗魂者
281263,,281263,南瓜车车
281362,,281362,阿波罗
281380,,281380,金刚虎王
281394,,281394,蓝羽灵者
281423,,281423,噬月武神
281461,,281461,苍炎战神
281526,,281526,雷钢侠
281528,,281528,疾影侠
281530,,281530,啸天侠
281541,,281541,魔戒邪灵
281567,,281567,鹰眼
281588,,281588,杰尔斯
281590,,281590,阿尔法
281616,,281616,剑圣太白
281657,,281657,费希特
281896,,281896,圣·天伊
282333,,282333,骑士杰洛
282440,,282440,幻之星魔
282466,,282466,捣蛋羊
282559,,282559,战场幽灵
282687,,282687,南瓜阿呆
282688,,282688,巫师阿瓜
282835,,282835,守山怪
282903,,282903,密室巨人
284050,,284050,破虚空衍群龙·龙母
284129,,284129,英霸之气·诸葛亮
284215,,284215,神枪镇山河·韩信
284359,,284359,遨游星辰间·龙母
284367,,284367,神域初晓之刻·王者龙母
284392,,284392,永夜玫瑰·夜兰
284464,,284464,深渊の呼唤·克希拉
284471,,284471,时光如汐·洛羲
284485,,284485,黎明神后·弗丽嘉
284486,,284486,星宇之噬·银河
284497,,284497,逆转未来·光明英雄
284627,,284627,青锋飒沓·鱼肠
284691,,284691,天道帝威·帝释天
284866,,284866,光启精灵王-伊撒尔
284867,,284867,木之精灵王-可兰
284868,,284868,净化之光-拉克丝
284869,,284869,梦幻之光-罗塔纱
284870,,284870,水之精灵王-梅卡
284872,,284872,火之精灵王-菲尔
284875,,284875,守护之光-米垭
284879,,284879,神羽曙光-奥天
284880,,284880,重枪风暴-合金猛将
284881,,284881,圣窗余晖-米迦勒
284882,,284882,繁星余迹-路西法
284884,,284884,神峰圣护-山脉之魂
284890,,284890,幽冥主宰-哈迪斯
284891,,284891,木人桩-超神秘系
284892,,284892,猩红序曲-露易丝
284898,,284898,永恒源晶裁决之龙-阿卜苏
284909,,284909,寰宇鎏金星河入怀-银河
284925,,284925,执掌因果万世轮回-帝俊
284945,,284945,众里寻他千百度-梦
284952,,284952,谪仙剑无双-李白
284955,,284955,凛冬之意-瓦格纳
284959,,284959,三位一体-至尊精灵王
284964,,284964,深渊安魂曲-奈亚
284973,,284973,霜佑北境-帕里斯
284977,,284977,千山落樱之辉-夜樱
284980,,284980,月魄孤影-神武月
284987,,284987,神炎日冕-战无炎
284995,,284995,源星之归引-上古星龙
285007,,285007,永劫破灭混沌至尊-卡奥斯
285021,,285021,万世独霸龙族至尊-帝皇龙
285030,,285030,破虚空衍群龙-龙母
285042,,285042,圣树临辉光暗双耀-奇灵王
285050,,285050,春晖神女-可兰
285055,,285055,天国守护者-白天使王
285056,,285056,黑暗之翼-黑天使王
285074,,285074,睥睨众臣-女帝
285082,,285082,深渊之契-绮美拉
285087,,285087,武绝凌天-貘
285111,,285111,无垠-愚者
285112,,285112,陨灭-世界
285124,,285124,鸣劫制裁-雷霆青龙
285142,,285142,圣魂觉醒-伊撒尔
285154,,285154,圣铃妙音众识浮沉-阿赖耶识
285163,,285163,傲凡尘启仙灵-女娲
285171,,285171,伊甸园的余晖-亚当
285174,,285174,超越纪元的新生-海蒂拉玛
285188,,285188,万神之王-宙斯
285206,,285206,始祖大天使-尼斯洛克
285214,,285214,绝望噬影-尼德霍格
285231,,285231,葬魂曲-死神弥尔
285235,,285235,瞰世之棘-亘古树灵
285240,,285240,霜寒冰域-上古龙女
285241,,285241,炽天炎境-上古龙女
285247,,285247,天道秩序诸界主宰-乾坤
285254,,285254,大道无名-天命王
285258,,285258,魔神再临-以撒
285265,,285265,永恒炽阳-神阿波罗
285291,,285291,原初骑士-洛兰
285294,,285294,恶魔的私语-路西法
285301,,285301,长夜墟渊-烛龙
285314,,285314,青山沐日天地无疆-盘古
285316,,285316,梵星音律-乾达婆
285330,,285330,诺言之神-星诺玛
285332,,285332,金翅神羽-迦楼罗
285336,,285336,群星守护寰宇光辉-神银河
285347,,285347,审判命运之战-奥丁大帝
285353,,285353,诸天神通-帝释天
285364,,285364,混沌始源万物终湮-卡奥斯
285377,,285377,冰霜亡域-巫妖王
285397,,285397,终末的残响-奈亚
285400,,285400,审神律理-无冕之王
285402,,285402,断海沧澜-龙太子
285431,,285431,九柱神临缔世碑火-阿蒙王
285433,,285433,神威地龙-摩罗迦
285438,,285438,墟尽神临之噬-赫耳墨斯
285439,,285439,噬界傀人-赫耳墨斯
285450,,285450,圣裁座天使-奥菲妮
285453,,285453,孤胆英雄-赵云
285457,,285457,吾即永恒-阿卜苏
285464,,285464,万序之启-源
285467,,285467,灵骸烬染之潮-夜樱
285474,,285474,浮游天地乘风去-逍遥
285488,,285488,黑翎之妄朽界之暗-梵天
285494,,285494,横戟破军-吕布
285526,,285526,圣仪临世-烈焰凤凰
285527,,285527,一剑封魂-白夜叉
285539,,285539,空寂无尘万法唯心-阿赖耶识
285540,,285540,统界神权王者-帝皇龙
285561,,285561,龙吟瑞雪-圣王麒麟
285564,,285564,一桥一诺一相逢-梦
285578,,285578,神霆点苍-奇灵王
285590,,285590,时序永前万境永在-时空王
285598,,285598,虚堕之君王-贝利亚尔
285607,,285607,荒原苍焰-狼王
285614,,285614,不朽龙主-巴哈姆特
285680,,285680,天地之始祖-盘古
285691,,285691,灾变之君王-拜恩
285764,,285764,大荒共主-天帝昊天
285791,,285791,深渊星阶-律
285812,,285812,爱与美的恩泽-维纳斯
285839,,285839,万灵溯生之御-盖亚
285898,,285898,万魂映月之主-夜樱
290051,,290051,奥特克林
290096,,290096,金刚库巴
290126,,290126,蝎子王
290180,,290180,夜一
290238,,290238,阿努比斯
290469,,290469,雷纳瑞
290478,,290478,赤色梦魇
290604,,290604,念
290633,,290633,极速威锋
290639,,290639,满月巨灵
290668,,290668,暗影夜蝠
290685,,290685,巨镰螳螂
290704,,290704,冰霜射手
290750,,290750,贝克佩斯
290780,,290780,天辉侠
290785,,290785,银盾卫士
290855,,290855,张梁
290865,,290865,超T兔
290895,,290895,利克亚伦
290899,,290899,冰铠力士
290903,,290903,震地巨兽
290931,,290931,赵云
290944,,290944,风之灵将
290973,,290973,红魔
291036,,291036,狂雷鸟
291082,,291082,奥奇
291093,,291093,斗神
291108,,291108,吕布
291118,,291118,幻影
291120,,291120,冰刃侠
291122,,291122,狼王迪洛斯
291165,,291165,火焰假面
291202,,291202,闪电列卡
291220,,291220,利爪格非
291248,,291248,莫莫亚特
291274,,291274,岩战
291315,,291315,巨炮小子
291392,,291392,炫光铁拳鼠
291422,,291422,哈密神枪手
291432,,291432,超级悟天
291434,,291434,超级悟焰
291440,,291440,佐罗门
291442,,291442,卡卡修
291464,,291464,欧比
291473,,291473,圣灵星诺
291489,,291489,帅气牛仔
291561,,291561,战武罗德
291575,,291575,泰利船长
291586,,291586,旋风桑吉
291678,,291678,圣盾凌霸
291896,,291896,堕·天伊
294060,,294060,星辰造世·奇灵王
294061,,294061,混元合一·奇灵王
294207,,294207,月冕之曜·阿尔忒弥斯
294507,,294507,圣祷安魂曲·露易丝
294516,,294516,苍月之剑·月下绯
294519,,294519,自然庇护·盖亚
294541,,294541,咏春意千秋魂·奇灵王
294545,,294545,至诚之心·卡亚
294577,,294577,宿命之尘·尘纱
294632,,294632,帝临山河·圣王麒麟
294741,,294741,太极化万象·东皇太一
294849,,294849,希望虹光·厄尔庇斯
294853,,294853,烽火赤壁·周瑜
294867,,294867,木之精灵王-可兰
294868,,294868,净化之光-拉克丝
294869,,294869,梦幻之光-罗塔纱
294870,,294870,水之精灵王-梅卡
294872,,294872,火之精灵王-菲尔
294874,,294874,暗月千面-艾琳
294875,,294875,守护之光-米垭
294881,,294881,圣窗余晖-米迦勒
294882,,294882,繁星余迹-路西法
294884,,294884,神峰圣护-山脉之魂
294891,,294891,木人桩-湮灭系
294892,,294892,猩红序曲-露易丝
294893,,294893,绿叶咆哮-棕叶战熊
294898,,294898,永恒源晶裁决之龙-阿卜苏
294909,,294909,寰宇鎏金星河入怀-银河
294925,,294925,执掌因果万世轮回-帝俊
294947,,294947,海枯之心-白京京
294955,,294955,凛冬之意-瓦格纳
294959,,294959,三位一体-至尊精灵王
294964,,294964,深渊安魂曲-奈亚
294973,,294973,霜佑北境-帕里斯
294977,,294977,千山落樱之辉-夜樱
294995,,294995,源星之归引-上古星龙
294999,,294999,救世的执妄愚人-公爵
295007,,295007,永劫破灭混沌至尊-卡奥斯
295019,,295019,创灵众生-通灵王
295021,,295021,万世独霸龙族至尊-帝皇龙
295022,,295022,荒宇独霸-帝皇龙
295026,,295026,雅克守护者-神罗麦提
295030,,295030,破虚空衍群龙-龙母
295042,,295042,圣树临辉光暗双耀-奇灵王
295050,,295050,春晖神女-可兰
295055,,295055,天国守护者-白天使王
295056,,295056,黑暗之翼-黑天使王
295074,,295074,睥睨众臣-女帝
295082,,295082,深渊之契-绮美拉
295087,,295087,武绝凌天-貘
295111,,295111,无垠-愚者
295112,,295112,陨灭-世界
295124,,295124,鸣劫制裁-雷霆青龙
295142,,295142,圣魂觉醒-伊撒尔
295154,,295154,圣铃妙音众识浮沉-阿赖耶识
295163,,295163,傲凡尘启仙灵-女娲
295171,,295171,伊甸园的余晖-亚当
295174,,295174,超越纪元的新生-海蒂拉玛
295188,,295188,万神之王-宙斯
295206,,295206,始祖大天使-尼斯洛克
295214,,295214,绝望噬影-尼德霍格
295231,,295231,葬魂曲-死神弥尔
295235,,295235,瞰世之棘-亘古树灵
295240,,295240,霜寒冰域-上古龙女
295241,,295241,炽天炎境-上古龙女
295247,,295247,天道秩序诸界主宰-乾坤
295254,,295254,大道无名-天命王
295258,,295258,魔神再临-以撒
295265,,295265,永恒炽阳-神阿波罗
295291,,295291,原初骑士-洛兰
295294,,295294,恶魔的私语-路西法
295314,,295314,青山沐日天地无疆-盘古
295316,,295316,梵星音律-乾达婆
295330,,295330,诺言之神-星诺玛
295332,,295332,金翅神羽-迦楼罗
295336,,295336,群星守护寰宇光辉-神银河
295347,,295347,审判命运之战-奥丁大帝
295353,,295353,诸天神通-帝释天
295364,,295364,混沌始源万物终湮-卡奥斯
295377,,295377,冰霜亡域-巫妖王
295400,,295400,审神律理-无冕之王
295402,,295402,断海沧澜-龙太子
295431,,295431,九柱神临缔世碑火-阿蒙王
295433,,295433,神威地龙-摩罗迦
295438,,295438,墟尽神临之噬-赫耳墨斯
295439,,295439,噬界傀人-赫耳墨斯
295450,,295450,圣裁座天使-奥菲妮
295453,,295453,孤胆英雄-赵云
295457,,295457,吾即永恒-阿卜苏
295464,,295464,万序之启-源
295467,,295467,灵骸烬染之潮-夜樱
295474,,295474,浮游天地乘风去-逍遥
295488,,295488,黑翎之妄朽界之暗-梵天
295526,,295526,圣仪临世-烈焰凤凰
295539,,295539,空寂无尘万法唯心-阿赖耶识
295540,,295540,统界神权王者-帝皇龙
295561,,295561,龙吟瑞雪-圣王麒麟
295564,,295564,一桥一诺一相逢-梦
295578,,295578,神霆点苍-奇灵王
295598,,295598,虚堕之君王-贝利亚尔
295607,,295607,荒原苍焰-狼王
295614,,295614,不朽龙主-巴哈姆特
295691,,295691,灾变之君王-拜恩
295764,,295764,大荒共主-天帝昊天
295791,,295791,深渊星阶-律
295812,,295812,爱与美的恩泽-维纳斯
295839,,295839,万灵溯生之御-盖亚
295898,,295898,万魂映月之主-夜樱
300096,,300096,金刚库巴
300102,,300102,合金猛将
300108,,300108,利刺大黄蜂
300278,,300278,烈焰鸟
300317,,300317,天使莱特
300323,,300323,梅卡
300418,,300418,山脉之魂
300475,,300475,浮云尊者
300509,,300509,星云大圣
300522,,300522,麦斗司令
300604,,300604,神兵念
300682,,300682,黑夜童心
300685,,300685,神兵巨螳螂
300704,,300704,神兵冰射手
300715,,300715,远古灵龟
300757,,300757,暴雪山神
300778,,300778,红莲
300807,,300807,苍蓝
300840,,300840,神罗麦提
300852,,300852,碎风
300855,,300855,神兵张梁
300865,,300865,超T兔
300887,,300887,凌云
300903,,300903,神兵震地兽
300922,,300922,寒霜
300967,,300967,巨岩
300999,,300999,拉贝尔
301093,,301093,斗神
301142,,301142,幻灵
301193,,301193,零宇
301230,,301230,雷泽
301234,,301234,拉诺斯
301259,,301259,友人契约书
301272,,301272,地裂
301282,,301282,施瓦辛格
301318,,301318,圣光
301336,,301336,波塞冬
301394,,301394,蓝羽灵者
301422,,301422,神兵神枪手
301432,,301432,神兵悟天
301434,,301434,神兵悟焰
301575,,301575,神兵泰利
301586,,301586,神兵桑吉
301648,,301648,菲尔
301678,,301678,帝刃凌霸
301753,,301753,炎·阳
301896,,301896,圣·天伊
301928,,301928,新春炎·阳
302151,,302151,酷炎阳
302398,,302398,费曼
302400,,302400,沃特
302569,,302569,冰玉翡翠龙
302587,,302587,圣天使莱特
302619,,302619,圣天女若希
302622,,302622,遁海金刚库巴
302639,,302639,木面御剑侠
302663,,302663,皓月巨灵
302674,,302674,猪猪英雄
302684,,302684,圣剑仙太白
302702,,302702,超神罗麦提
302717,,302717,蓝羽剑圣
302731,,302731,幻影超T兔
302762,,302762,火花天龙
302772,,302772,机械麦斗王
302789,,302789,焰年翼兽
303188,,303188,传奇哈迪斯
303201,,303201,传奇波鲁
303202,,303202,传奇莎莎
303203,,303203,传奇米奥
303259,,303259,传奇凯撒帝
303265,,303265,传奇妖王冽
303304,,303304,传奇日月战武神
303309,,303309,传奇念
303330,,303330,传奇圣羽女皇
303341,,303341,传奇冥夜君狼王
303344,,303344,始祖影龙
303354,,303354,传奇菲尔
303371,,303371,传奇圣修暗凯帝
303372,,303372,始祖翼龙
303380,,303380,[王者羁绊]圣天伊
303381,,303381,[远古精灵王]伊撒尔
303384,,303384,[斗转星移]智慧王
303387,,303387,[太阴]幽荧
303388,,303388,[远古大妖]大天狗
303390,,303390,[太阳]烛照
303392,,303392,[火神]祝融
303399,,303399,[逢魔之约]阴阳
303400,,303400,[曙光女神]欧若拉
303402,,303402,[雷霆主宰]风暴龙
303403,,303403,[天罪弑神者]兰斯洛
303405,,303405,[天启堕神王]梵天
303406,,303406,[未来精灵王]梵天
303408,,303408,[亘古鸿蒙]力量王
303409,,303409,[天道守护]东皇太一
303412,,303412,[黄帝]轩辕
303424,,303424,[万王加冕]圣王麒麟
303427,,303427,[太阳神]阿波罗
303429,,303429,[一代宗师]奇灵王
303430,,303430,[火之精灵王]菲尔
303434,,303434,[永夜公主]夜兰
303435,,303435,[白灵圣君]狼王
303438,,303438,[宇宙秩序]毗湿奴
303446,,303446,[七十二柱]所罗门王
303453,,303453,[众灵初始]通灵王
303454,,303454,[星界霸主]上古星龙
303458,,303458,[逢魔之约]阴阳（圣灵）
303469,,303469,[龙族至尊]帝皇龙
303472,,303472,[圣光之子]修罗
303479,,303479,[圣堂刺客]半夏
303480,,303480,[恶魔之子]凯撒
303481,,303481,[绝界剑主]苏铁
303483,,303483,[傲慢与偏见]归零者
303486,,303486,[战争与和平]自由之神
303491,,303491,[神行谍影]黑翼王
303493,,303493,[光暗传说]圣修暗凯帝
303495,,303495,[无尽神兵]银
304083,,304083,天堂创世之光·王者天使王
304174,,304174,十殿阎罗·地藏王
304246,,304246,魔神·以撒
304258,,304258,禁锢审判·传说天使王
304317,,304317,圣降·元初之天
304396,,304396,武绝凌天·传说貘
304406,,304406,地龙天威·摩罗迦
304484,,304484,暗物质创世母神·提亚玛特
304509,,304509,娑罗幻灭·念空
304528,,304528,红颜傲骨·穆桂英
304644,,304644,纯白之灾厄·海蒂拉玛
304753,,304753,绝影蚀月·黑翼王
304761,,304761,天神启示之光·天使王
304866,,304866,光启精灵王-伊撒尔
304867,,304867,木之精灵王-可兰
304868,,304868,净化之光-拉克丝
304869,,304869,梦幻之光-罗塔纱
304870,,304870,水之精灵王-梅卡
304872,,304872,火之精灵王-菲尔
304874,,304874,暗月千面-艾琳
304875,,304875,守护之光-米垭
304880,,304880,重枪风暴-合金猛将
304882,,304882,繁星余迹-路西法
304884,,304884,神峰圣护-山脉之魂
304891,,304891,木人桩-仙灵系
304892,,304892,猩红序曲-露易丝
304898,,304898,永恒源晶裁决之龙-阿卜苏
304911,,304911,无我之境-力量王
304916,,304916,陨星-愚者
304925,,304925,执掌因果万世轮回-帝俊
304955,,304955,凛冬之意-瓦格纳
304957,,304957,剑影抚落忆-孙尚香
304959,,304959,三位一体-至尊精灵王
304964,,304964,深渊安魂曲-奈亚
304973,,304973,霜佑北境-帕里斯
304977,,304977,千山落樱之辉-夜樱
304978,,304978,荷风引水色-瑠璃
304995,,304995,源星之归引-上古星龙
304999,,304999,救世的执妄愚人-公爵
305007,,305007,永劫破灭混沌至尊-卡奥斯
305021,,305021,万世独霸龙族至尊-帝皇龙
305030,,305030,破虚空衍群龙-龙母
305042,,305042,圣树临辉光暗双耀-奇灵王
305050,,305050,春晖神女-可兰
305055,,305055,天国守护者-白天使王
305056,,305056,黑暗之翼-黑天使王
305074,,305074,睥睨众臣-女帝
305082,,305082,深渊之契-绮美拉
305087,,305087,武绝凌天-貘
305111,,305111,无垠-愚者
305112,,305112,陨灭-世界
305124,,305124,鸣劫制裁-雷霆青龙
305142,,305142,圣魂觉醒-伊撒尔
305154,,305154,圣铃妙音众识浮沉-阿赖耶识
305163,,305163,傲凡尘启仙灵-女娲
305171,,305171,伊甸园的余晖-亚当
305174,,305174,超越纪元的新生-海蒂拉玛
305188,,305188,万神之王-宙斯
305206,,305206,始祖大天使-尼斯洛克
305214,,305214,绝望噬影-尼德霍格
305231,,305231,葬魂曲-死神弥尔
305235,,305235,瞰世之棘-亘古树灵
305240,,305240,霜寒冰域-上古龙女
305241,,305241,炽天炎境-上古龙女
305247,,305247,天道秩序诸界主宰-乾坤
305254,,305254,大道无名-天命王
305258,,305258,魔神再临-以撒
305265,,305265,永恒炽阳-神阿波罗
305291,,305291,原初骑士-洛兰
305294,,305294,恶魔的私语-路西法
305314,,305314,青山沐日天地无疆-盘古
305316,,305316,梵星音律-乾达婆
305330,,305330,诺言之神-星诺玛
305332,,305332,金翅神羽-迦楼罗
305336,,305336,群星守护寰宇光辉-神银河
305347,,305347,审判命运之战-奥丁大帝
305364,,305364,混沌始源万物终湮-卡奥斯
305377,,305377,冰霜亡域-巫妖王
305400,,305400,审神律理-无冕之王
305402,,305402,断海沧澜-龙太子
305433,,305433,神威地龙-摩罗迦
305438,,305438,墟尽神临之噬-赫耳墨斯
305439,,305439,噬界傀人-赫耳墨斯
305450,,305450,圣裁座天使-奥菲妮
305453,,305453,孤胆英雄-赵云
305457,,305457,吾即永恒-阿卜苏
305464,,305464,万序之启-源
305467,,305467,灵骸烬染之潮-夜樱
305474,,305474,浮游天地乘风去-逍遥
305488,,305488,黑翎之妄朽界之暗-梵天
305526,,305526,圣仪临世-烈焰凤凰
305539,,305539,空寂无尘万法唯心-阿赖耶识
305540,,305540,统界神权王者-帝皇龙
305561,,305561,龙吟瑞雪-圣王麒麟
305578,,305578,神霆点苍-奇灵王
305598,,305598,虚堕之君王-贝利亚尔
305607,,305607,荒原苍焰-狼王
305614,,305614,不朽龙主-巴哈姆特
305691,,305691,灾变之君王-拜恩
305764,,305764,大荒共主-天帝昊天
305791,,305791,深渊星阶-律
305812,,305812,爱与美的恩泽-维纳斯
305839,,305839,万灵溯生之御-盖亚
305898,,305898,万魂映月之主-夜樱
310096,,310096,金刚库巴
310268,,310268,南瓜小怪
310320,,310320,雷帝神
310436,,310436,黑暗守卫
310461,,310461,黑化念
310478,,310478,赤色梦魇
310604,,310604,念
310658,,310658,鬼脸怪
310659,,310659,电击拳怪
310690,,310690,南瓜绅士
310774,,310774,帝龙宝宝
310775,,310775,帝皇龙
310778,,310778,红莲
310807,,310807,苍蓝
310852,,310852,碎风
310887,,310887,凌云
310922,,310922,寒霜
310967,,310967,巨岩
311093,,311093,斗神
311142,,311142,幻灵
311190,,311190,鬼王
311193,,311193,零宇
311230,,311230,雷泽
311263,,311263,南瓜车车
311272,,311272,地裂
311318,,311318,圣光
311479,,311479,苍穹圣龙
311678,,311678,凌霸
311884,,311884,伊乐
311953,,311953,帝皇圣龙
312160,,312160,神照修罗王
312165,,312165,创圣天奇灵
312193,,312193,圣龙·天伊
312200,,312200,黯天凯撒皇
312203,,312203,白皇星焰
312214,,312214,小星瞬
312227,,312227,暗行罗刹
312228,,312228,神谕阿波罗
312230,,312230,御渊露龙王
312231,,312231,御渊露龙王
312253,,312253,魄月武皇
312270,,312270,起源
312279,,312279,真炎战皇
313380,,313380,[王者羁绊]圣天伊
313387,,313387,[太阴]幽荧
313388,,313388,[远古大妖]大天狗
313390,,313390,[太阳]烛照
313392,,313392,[火神]祝融
313402,,313402,[雷霆主宰]风暴龙
313403,,313403,[天罪弑神者]兰斯洛
313405,,313405,[天启堕神王]梵天
313406,,313406,[未来精灵王]梵天
313408,,313408,[亘古鸿蒙]力量王
313409,,313409,[天道守护]东皇太一
313412,,313412,[黄帝]轩辕
313424,,313424,[万王加冕]圣王麒麟
313429,,313429,[一代宗师]奇灵王
313434,,313434,[永夜公主]夜兰
313435,,313435,[白灵圣君]狼王
313438,,313438,[宇宙秩序]毗湿奴
313446,,313446,[七十二柱]所罗门王
313471,,313471,[星夜祭司]智慧王
313479,,313479,[圣堂刺客]半夏
314000,,314000,覆天之影·黑翼王
314174,,314174,十殿阎罗·地藏王
314246,,314246,魔神·以撒
314317,,314317,圣降·元初之天
314391,,314391,冥夜瞬影·王者黑翼王
314396,,314396,武绝凌天·传说貘
314406,,314406,地龙天威·摩罗迦
314484,,314484,暗物质创世母神·提亚玛特
314509,,314509,娑罗幻灭·念空
314528,,314528,红颜傲骨·穆桂英
314566,,314566,引万意掌器界·阿赖耶识
314644,,314644,纯白之灾厄·海蒂拉玛
314753,,314753,绝影蚀月·黑翼王
314866,,314866,光启精灵王-伊撒尔
314867,,314867,木之精灵王-可兰
314868,,314868,净化之光-拉克丝
314869,,314869,梦幻之光-罗塔纱
314870,,314870,水之精灵王-梅卡
314872,,314872,火之精灵王-菲尔
314874,,314874,暗月千面-艾琳
314875,,314875,守护之光-米垭
314880,,314880,重枪风暴-合金猛将
314881,,314881,圣窗余晖-米迦勒
314882,,314882,繁星余迹-路西法
314891,,314891,木人桩-黯星系
314892,,314892,猩红序曲-露易丝
314898,,314898,永恒源晶裁决之龙-阿卜苏
314911,,314911,无我之境-力量王
314925,,314925,执掌因果万世轮回-帝俊
314955,,314955,凛冬之意-瓦格纳
314959,,314959,三位一体-至尊精灵王
314967,,314967,踏阴阳定荒宇-东皇太一
314973,,314973,霜佑北境-帕里斯
314977,,314977,千山落樱之辉-夜樱
314995,,314995,源星之归引-上古星龙
314999,,314999,救世的执妄愚人-公爵
315007,,315007,永劫破灭混沌至尊-卡奥斯
315021,,315021,万世独霸龙族至尊-帝皇龙
315030,,315030,破虚空衍群龙-龙母
315042,,315042,圣树临辉光暗双耀-奇灵王
315050,,315050,春晖神女-可兰
315055,,315055,天国守护者-白天使王
315074,,315074,睥睨众臣-女帝
315082,,315082,深渊之契-绮美拉
315083,,315083,绝影蚀月-黑翼王
315087,,315087,武绝凌天-貘
315111,,315111,无垠-愚者
315112,,315112,陨灭-世界
315124,,315124,鸣劫制裁-雷霆青龙
315142,,315142,圣魂觉醒-伊撒尔
315154,,315154,圣铃妙音众识浮沉-阿赖耶识
315163,,315163,傲凡尘启仙灵-女娲
315171,,315171,伊甸园的余晖-亚当
315174,,315174,超越纪元的新生-海蒂拉玛
315188,,315188,万神之王-宙斯
315206,,315206,始祖大天使-尼斯洛克
315214,,315214,绝望噬影-尼德霍格
315231,,315231,葬魂曲-死神弥尔
315235,,315235,瞰世之棘-亘古树灵
315240,,315240,霜寒冰域-上古龙女
315241,,315241,炽天炎境-上古龙女
315247,,315247,天道秩序诸界主宰-乾坤
315254,,315254,大道无名-天命王
315258,,315258,魔神再临-以撒
315265,,315265,永恒炽阳-神阿波罗
315291,,315291,原初骑士-洛兰
315294,,315294,恶魔的私语-路西法
315314,,315314,青山沐日天地无疆-盘古
315316,,315316,梵星音律-乾达婆
315330,,315330,诺言之神-星诺玛
315332,,315332,金翅神羽-迦楼罗
315336,,315336,群星守护寰宇光辉-神银河
315364,,315364,混沌始源万物终湮-卡奥斯
315377,,315377,冰霜亡域-巫妖王
315400,,315400,审神律理-无冕之王
315402,,315402,断海沧澜-龙太子
315433,,315433,神威地龙-摩罗迦
315438,,315438,墟尽神临之噬-赫耳墨斯
315439,,315439,噬界傀人-赫耳墨斯
315450,,315450,圣裁座天使-奥菲妮
315453,,315453,孤胆英雄-赵云
315457,,315457,吾即永恒-阿卜苏
315464,,315464,万序之启-源
315467,,315467,灵骸烬染之潮-夜樱
315474,,315474,浮游天地乘风去-逍遥
315488,,315488,黑翎之妄朽界之暗-梵天
315578,,315578,神霆点苍-奇灵王
315598,,315598,虚堕之君王-贝利亚尔
315607,,315607,荒原苍焰-狼王
315614,,315614,不朽龙主-巴哈姆特
315691,,315691,灾变之君王-拜恩
315764,,315764,大荒共主-天帝昊天
315791,,315791,深渊星阶-律
315812,,315812,爱与美的恩泽-维纳斯
315839,,315839,万灵溯生之御-盖亚
315898,,315898,万魂映月之主-夜樱
320001,,320001,大师兔
320014,,320014,熔炎怪
320046,,320046,火丁
320067,,320067,乌拉
320076,,320076,盼盼
320096,,320096,金刚库巴
320102,,320102,合金猛将
320108,,320108,利刺大黄蜂
320145,,320145,绿叶鹿
320149,,320149,数码魔方
320205,,320205,小火猪
320278,,320278,烈焰鸟
320317,,320317,天使莱特
320320,,320320,雷帝神
320418,,320418,山脉之魂
320475,,320475,浮云尊者
320509,,320509,星云大圣
320522,,320522,麦斗司令
320604,,320604,念
320625,,320625,雪糕仔
320682,,320682,黑夜童心
320695,,320695,睡梦小呆
320705,,320705,水水海豆
320715,,320715,远古灵龟
320732,,320732,圣诞袜小兔
320751,,320751,幻虫
320757,,320757,暴雪山神
320786,,320786,六芒小宝
320840,,320840,神罗麦提
320865,,320865,超T兔
320906,,320906,小闹钟
321159,,321159,极冰海牙
321225,,321225,刘备
321234,,321234,拉诺斯
321245,,321245,火刺球
321259,,321259,友人契约书
321282,,321282,施瓦辛格
321307,,321307,幻光
321336,,321336,波塞冬
321375,,321375,土拨虎
321394,,321394,蓝羽灵者
321867,,321867,F13
321873,,321873,冰罗皇
322037,,322037,天辉侠X
322049,,322049,艾恩
322061,,322061,魔小兵
322064,,322064,斗士豪达
322217,,322217,极武兔皇
322230,,322230,御渊露龙王
322231,,322231,御渊露龙王
322232,,322232,御渊露龙王
322322,,322322,红小句
322328,,322328,夜灵
322333,,322333,骑士杰洛
322346,,322346,蓝小逗
322348,,322348,贝光湖神
322354,,322354,皇犽
322622,,322622,遁海金刚库巴
322639,,322639,木面御剑侠
322674,,322674,猪猪英雄
322684,,322684,圣剑仙太白
322717,,322717,蓝羽剑圣
322731,,322731,幻影超T兔
324093,,324093,武绝凌天·貘
324175,,324175,第二真祖·SP露易丝
324292,,324292,绝望·尼德霍格
324308,,324308,育灵天地间·王者女娲
324327,,324327,大道独行·SP天命王
324337,,324337,恶业轮回·魔君夜渊
324367,,324367,神域初晓之刻·王者龙母
324391,,324391,冥夜瞬影·王者黑翼王
324396,,324396,武绝凌天·传说貘
324424,,324424,清辉朗月·王者望舒
324497,,324497,逆转未来·光明英雄
324691,,324691,天道帝威·帝释天
324764,,324764,武霸寰宇·貘
324866,,324866,光启精灵王-伊撒尔
324867,,324867,木之精灵王-可兰
324868,,324868,净化之光-拉克丝
324869,,324869,梦幻之光-罗塔纱
324870,,324870,水之精灵王-梅卡
324872,,324872,火之精灵王-菲尔
324875,,324875,守护之光-米垭
324881,,324881,圣窗余晖-米迦勒
324882,,324882,繁星余迹-路西法
324891,,324891,木人桩-虚境系
324892,,324892,猩红序曲-露易丝
324898,,324898,永恒源晶裁决之龙-阿卜苏
324925,,324925,执掌因果万世轮回-帝俊
324955,,324955,凛冬之意-瓦格纳
324959,,324959,三位一体-至尊精灵王
324973,,324973,霜佑北境-帕里斯
324995,,324995,源星之归引-上古星龙
325007,,325007,永劫破灭混沌至尊-卡奥斯
325021,,325021,万世独霸龙族至尊-帝皇龙
325023,,325023,倾世之寒-始祖冰龙
325025,,325025,星轨圣裁之回响-羲和
325030,,325030,破虚空衍群龙-龙母
325042,,325042,圣树临辉光暗双耀-奇灵王
325043,,325043,慧心渊识之智-密涅瓦
325050,,325050,春晖神女-可兰
325052,,325052,湍流激越-橙李
325055,,325055,天国守护者-白天使王
325056,,325056,黑暗之翼-黑天使王
325074,,325074,睥睨众臣-女帝
325082,,325082,深渊之契-绮美拉
325087,,325087,武绝凌天-貘
325111,,325111,无垠-愚者
325112,,325112,陨灭-世界
325142,,325142,圣魂觉醒-伊撒尔
325154,,325154,圣铃妙音众识浮沉-阿赖耶识
325163,,325163,傲凡尘启仙灵-女娲
325171,,325171,伊甸园的余晖-亚当
325174,,325174,超越纪元的新生-海蒂拉玛
325188,,325188,万神之王-宙斯
325206,,325206,始祖大天使-尼斯洛克
325214,,325214,绝望噬影-尼德霍格
325231,,325231,葬魂曲-死神弥尔
325235,,325235,瞰世之棘-亘古树灵
325240,,325240,霜寒冰域-上古龙女
325241,,325241,炽天炎境-上古龙女
325247,,325247,天道秩序诸界主宰-乾坤
325254,,325254,大道无名-天命王
325258,,325258,魔神再临-以撒
325265,,325265,永恒炽阳-神阿波罗
325291,,325291,原初骑士-洛兰
325316,,325316,梵星音律-乾达婆
325330,,325330,诺言之神-星诺玛
325332,,325332,金翅神羽-迦楼罗
325336,,325336,群星守护寰宇光辉-神银河
325347,,325347,审判命运之战-奥丁大帝
325377,,325377,冰霜亡域-巫妖王
325402,,325402,断海沧澜-龙太子
325433,,325433,神威地龙-摩罗迦
325438,,325438,墟尽神临之噬-赫耳墨斯
325439,,325439,噬界傀人-赫耳墨斯
325450,,325450,圣裁座天使-奥菲妮
325453,,325453,孤胆英雄-赵云
325457,,325457,吾即永恒-阿卜苏
325464,,325464,万序之启-源
325467,,325467,灵骸烬染之潮-夜樱
325474,,325474,浮游天地乘风去-逍遥
325488,,325488,黑翎之妄朽界之暗-梵天
325578,,325578,神霆点苍-奇灵王
325598,,325598,虚堕之君王-贝利亚尔
325614,,325614,不朽龙主-巴哈姆特
325691,,325691,灾变之君王-拜恩
325764,,325764,大荒共主-天帝昊天
325791,,325791,深渊星阶-律
325812,,325812,爱与美的恩泽-维纳斯
325839,,325839,万灵溯生之御-盖亚
330027,,330027,依诗
330081,,330081,夜眼风魔
330144,,330144,雪雾怪
330258,,330258,水冻贝
330281,,330281,飞行魔书
330320,,330320,雷帝神
330341,,330341,钻头小子
330382,,330382,十字匹诺
330414,,330414,火云牛斗士
330536,,330536,震天石魔
330548,,330548,蓝鳍海鲨
330579,,330579,小金小银
330607,,330607,安德鲁
330643,,330643,魔灯鬼王
330644,,330644,巨斧鬼王
330712,,330712,白京京
330884,,330884,猪猪超人
330912,,330912,木叶战狮
331021,,331021,电子鼠
331024,,331024,焚炎鸟
331060,,331060,烈焰海马
331190,,331190,鬼王
331200,,331200,魔剑守卫
331255,,331255,叶子怪
331896,,331896,圣·天伊
332062,,332062,魔大将
332230,,332230,御渊露龙王
332231,,332231,御渊露龙王
332468,,332468,鬼杀布莱克
332559,,332559,战场幽灵
332835,,332835,守山怪
333385,,333385,[神之九尾]玉藻皇
333403,,333403,[天罪弑神者]兰斯洛
333404,,333404,[鬼族之王]酒吞龙泉
333417,,333417,[破坏神]须佐之男
333441,,333441,[狗界大佬]柴哥
333470,,333470,[白垩传说]青翼龙王
333479,,333479,[圣堂刺客]半夏
333482,,333482,[圣堂之主]舜华
333483,,333483,[傲慢与偏见]归零者
333496,,333496,[无限魔枪]黑
333498,,333498,[灭世魔焰]黑炎龙
333587,,333587,[克敌机先]天枢影
333923,,333923,星辉时代·圣天伊
333924,,333924,星辉时代·黄金圣天伊
334074,,334074,末法斩业·迦楼罗
334207,,334207,月冕之曜·阿尔忒弥斯
334256,,334256,崩坏·天使王
334294,,334294,三皇圣祖·伏羲
334369,,334369,断罪恕业·白夜叉
334412,,334412,尔等为臣·女帝
334428,,334428,泰坦巨神王·普罗米修斯
334453,,334453,神诫·宙斯
334466,,334466,星辉羁绊·圣天伊
334734,,334734,泰坦神铠·骸
334845,,334845,太古龙威·明王
334867,,334867,木之精灵王-可兰
334868,,334868,净化之光-拉克丝
334869,,334869,梦幻之光-罗塔纱
334870,,334870,水之精灵王-梅卡
334872,,334872,火之精灵王-菲尔
334875,,334875,守护之光-米垭
334881,,334881,圣窗余晖-米迦勒
334882,,334882,繁星余迹-路西法
334891,,334891,木人桩-永恒系
334892,,334892,猩红序曲-露易丝
334898,,334898,永恒源晶裁决之龙-阿卜苏
334952,,334952,谪仙剑无双-李白
334955,,334955,凛冬之意-瓦格纳
334973,,334973,霜佑北境-帕里斯
334977,,334977,千山落樱之辉-夜樱
334995,,334995,源星之归引-上古星龙
334999,,334999,救世的执妄愚人-公爵
335007,,335007,永劫破灭混沌至尊-卡奥斯
335021,,335021,万世独霸龙族至尊-帝皇龙
335023,,335023,倾世之寒-始祖冰龙
335025,,335025,星轨圣裁之回响-羲和
335030,,335030,破虚空衍群龙-龙母
335042,,335042,圣树临辉光暗双耀-奇灵王
335050,,335050,春晖神女-可兰
335055,,335055,天国守护者-白天使王
335064,,335064,沧海遗珠-沫夏
335074,,335074,睥睨众臣-女帝
335082,,335082,深渊之契-绮美拉
335087,,335087,武绝凌天-貘
335104,,335104,王者加冕-圣天伊
335105,,335105,王者加冕-黄金圣天伊
335111,,335111,无垠-愚者
335112,,335112,陨灭-世界
335142,,335142,圣魂觉醒-伊撒尔
335154,,335154,圣铃妙音众识浮沉-阿赖耶识
335163,,335163,傲凡尘启仙灵-女娲
335171,,335171,伊甸园的余晖-亚当
335174,,335174,超越纪元的新生-海蒂拉玛
335188,,335188,万神之王-宙斯
335214,,335214,绝望噬影-尼德霍格
335231,,335231,葬魂曲-死神弥尔
335235,,335235,瞰世之棘-亘古树灵
335240,,335240,霜寒冰域-上古龙女
335241,,335241,炽天炎境-上古龙女
335247,,335247,天道秩序诸界主宰-乾坤
335258,,335258,魔神再临-以撒
335265,,335265,永恒炽阳-神阿波罗
335291,,335291,原初骑士-洛兰
335314,,335314,青山沐日天地无疆-盘古
335330,,335330,诺言之神-星诺玛
335332,,335332,金翅神羽-迦楼罗
335336,,335336,群星守护寰宇光辉-神银河
335347,,335347,审判命运之战-奥丁大帝
335402,,335402,断海沧澜-龙太子
335433,,335433,神威地龙-摩罗迦
335438,,335438,墟尽神临之噬-赫耳墨斯
335439,,335439,噬界傀人-赫耳墨斯
335450,,335450,圣裁座天使-奥菲妮
335457,,335457,吾即永恒-阿卜苏
335464,,335464,万序之启-源
335467,,335467,灵骸烬染之潮-夜樱
335474,,335474,浮游天地乘风去-逍遥
335488,,335488,黑翎之妄朽界之暗-梵天
335578,,335578,神霆点苍-奇灵王
335598,,335598,虚堕之君王-贝利亚尔
335614,,335614,不朽龙主-巴哈姆特
335691,,335691,灾变之君王-拜恩
335764,,335764,大荒共主-天帝昊天
335791,,335791,深渊星阶-律
335839,,335839,万灵溯生之御-盖亚
340027,,340027,依诗
340051,,340051,奥特克林
340078,,340078,铁甲卫士
340084,,340084,蓝鹰斗士
340162,,340162,法拉帝
340180,,340180,夜一
340183,,340183,海马剑士
340192,,340192,修普森曼
340230,,340230,艾尔利克
340275,,340275,燕尾怪盗
340530,,340530,暗黑角龙
340577,,340577,飞云骑
340656,,340656,铠甲独角兽
340670,,340670,精灵飞鱼
340778,,340778,红莲
340782,,340782,怒风侠
340787,,340787,六芒守卫
340834,,340834,巨锁石灵
340852,,340852,碎风
340899,,340899,冰铠力士
340958,,340958,暖风木叶犬
340967,,340967,巨岩
341006,,341006,火箭卜卜兔
341007,,341007,小木叶犬
341012,,341012,暗影冥一
341093,,341093,斗神
341120,,341120,冰刃侠
341165,,341165,火焰假面
341193,,341193,零宇
341230,,341230,雷泽
341246,,341246,牛角火刺
341318,,341318,圣光
341365,,341365,托尔
341403,,341403,暗影兽
341429,,341429,洛基
341440,,341440,佐罗门
341442,,341442,卡卡修
341464,,341464,欧比
341499,,341499,维达尔
341544,,341544,玛尔斯
341597,,341597,伊格斯
341616,,341616,剑圣太白
341630,,341630,霍尔德
341660,,341660,巴尔德
341664,,341664,锐角战士
341719,,341719,瑞里格
341759,,341759,费尔顿
341775,,341775,克洛托斯
341797,,341797,艾思诺
341815,,341815,苏恩克
341824,,341824,明王
341983,,341983,比尔斯
342029,,342029,影武·聪
342069,,342069,兰斯
342142,,342142,斗魂夏洛克
342156,,342156,贪狼
342230,,342230,御渊露龙王
342232,,342232,普尼西亚
343498,,343498,仙·灭世魔龙
344092,,344092,真理之门·无冕之王
344102,,344102,傲凡尘启仙灵·女娲
344103,,344103,不虚藕霸·哪吒
344127,,344127,GOD·无冕之王
344174,,344174,十殿阎罗·地藏王
344179,,344179,众神の意志·王者宙斯
344203,,344203,不语奈何·知世
344215,,344215,神枪镇山河·韩信
344247,,344247,无烬噩梦·传说伊撒尔
344374,,344374,绝对水域·王者梅卡
344411,,344411,解构·王者世界
344419,,344419,血色神灾·暗黑雷帝神
344442,,344442,赤焰星芒·王者菲尔
344457,,344457,深渊意志·拉莱耶
344495,,344495,命运福音·亚当
344516,,344516,苍月之剑·月下绯
344525,,344525,无垢幻境·白皇星焰
344643,,344643,虚空权能之神·格劳孔
344767,,344767,轮回誓约·无冕之王
344867,,344867,木之精灵王-可兰
344868,,344868,净化之光-拉克丝
344869,,344869,梦幻之光-罗塔纱
344870,,344870,水之精灵王-梅卡
344872,,344872,火之精灵王-菲尔
344875,,344875,守护之光-米垭
344881,,344881,圣窗余晖-米迦勒
344882,,344882,繁星余迹-路西法
344891,,344891,木人桩-超神兵系
344898,,344898,永恒源晶裁决之龙-阿卜苏
344940,,344940,齐天大圣-孙悟空
344955,,344955,凛冬之意-瓦格纳
344964,,344964,深渊安魂曲-奈亚
344973,,344973,霜佑北境-帕里斯
344995,,344995,源星之归引-上古星龙
344996,,344996,深渊穿梭者-律
345007,,345007,永劫破灭混沌至尊-卡奥斯
345019,,345019,创灵众生-通灵王
345021,,345021,万世独霸龙族至尊-帝皇龙
345030,,345030,破虚空衍群龙-龙母
345038,,345038,斐灵之心-皮塔
345042,,345042,圣树临辉光暗双耀-奇灵王
345055,,345055,天国守护者-白天使王
345074,,345074,睥睨众臣-女帝
345082,,345082,深渊之契-绮美拉
345087,,345087,武绝凌天-貘
345093,,345093,棋临无间-无冕之王
345111,,345111,无垠-愚者
345142,,345142,圣魂觉醒-伊撒尔
345154,,345154,圣铃妙音众识浮沉-阿赖耶识
345163,,345163,傲凡尘启仙灵-女娲
345171,,345171,伊甸园的余晖-亚当
345174,,345174,超越纪元的新生-海蒂拉玛
345188,,345188,万神之王-宙斯
345214,,345214,绝望噬影-尼德霍格
345231,,345231,葬魂曲-死神弥尔
345235,,345235,瞰世之棘-亘古树灵
345240,,345240,霜寒冰域-上古龙女
345241,,345241,炽天炎境-上古龙女
345247,,345247,天道秩序诸界主宰-乾坤
345258,,345258,魔神再临-以撒
345265,,345265,永恒炽阳-神阿波罗
345291,,345291,原初骑士-洛兰
345314,,345314,青山沐日天地无疆-盘古
345330,,345330,诺言之神-星诺玛
345332,,345332,金翅神羽-迦楼罗
345336,,345336,群星守护寰宇光辉-神银河
345347,,345347,审判命运之战-奥丁大帝
345377,,345377,冰霜亡域-巫妖王
345402,,345402,断海沧澜-龙太子
345433,,345433,神威地龙-摩罗迦
345438,,345438,墟尽神临之噬-赫耳墨斯
345439,,345439,噬界傀人-赫耳墨斯
345450,,345450,圣裁座天使-奥菲妮
345457,,345457,吾即永恒-阿卜苏
345467,,345467,灵骸烬染之潮-夜樱
345474,,345474,浮游天地乘风去-逍遥
345488,,345488,黑翎之妄朽界之暗-梵天
345578,,345578,神霆点苍-奇灵王
345598,,345598,虚堕之君王-贝利亚尔
345614,,345614,不朽龙主-巴哈姆特
345691,,345691,灾变之君王-拜恩
345764,,345764,大荒共主-天帝昊天
345791,,345791,深渊星阶-律
350004,,350004,吉拉
350007,,350007,滴滴
350051,,350051,奥特克林
350162,,350162,法拉帝
350180,,350180,夜一
350192,,350192,修普森曼
350230,,350230,艾尔利克
350275,,350275,燕尾怪盗
350320,,350320,雷帝神
350530,,350530,暗黑角龙
350577,,350577,飞云骑
350604,,350604,念
350782,,350782,怒风侠
350834,,350834,巨锁石灵
350899,,350899,冰铠力士
351012,,351012,暗影冥一
351403,,351403,暗影兽
351440,,351440,佐罗门
351442,,351442,卡卡修
351664,,351664,锐角战士
351756,,351756,阿尔萨斯
351911,,351911,炽燎天
351993,,351993,术士加比
352230,,352230,御渊露龙王
352231,,352231,御渊露龙王
352440,,352440,星魔
352569,,352569,冰玉翡翠龙
352587,,352587,圣天使莱特
352619,,352619,圣天女若希
352622,,352622,遁海金刚库巴
352639,,352639,木面御剑侠
352663,,352663,皓月巨灵
352674,,352674,猪猪英雄
352684,,352684,圣剑仙太白
352702,,352702,超神罗麦提
352717,,352717,蓝羽剑圣
352731,,352731,幻影超T兔
352762,,352762,火花天龙
352772,,352772,机械麦斗王
352789,,352789,焰年翼兽
352826,,352826,岩波斗神
352868,,352868,神峰山脉之魂
352936,,352936,浮云大圣
352966,,352966,乐天童心
352981,,352981,冰拳皇艾司
354129,,354129,英霸之气·诸葛亮
354203,,354203,不语奈何·知世
354233,,354233,零阶·愚者
354246,,354246,魔神·以撒
354281,,354281,玄鹤游方·翎
354342,,354342,梵音净心·乾达婆
354411,,354411,解构·王者世界
354424,,354424,清辉朗月·王者望舒
354446,,354446,梦幻云端之忆·梦
354495,,354495,命运福音·亚当
354514,,354514,夺命魔弹·枪神王
354577,,354577,宿命之尘·尘纱
354611,,354611,熵寂·愚者
354831,,354831,多元·愚者
354867,,354867,木之精灵王-可兰
354868,,354868,净化之光-拉克丝
354869,,354869,梦幻之光-罗塔纱
354870,,354870,水之精灵王-梅卡
354872,,354872,火之精灵王-菲尔
354875,,354875,守护之光-米垭
354882,,354882,繁星余迹-路西法
354891,,354891,木人桩-超格斗系
354892,,354892,猩红序曲-露易丝
354898,,354898,永恒源晶裁决之龙-阿卜苏
354916,,354916,陨星-愚者
354940,,354940,齐天大圣-孙悟空
354955,,354955,凛冬之意-瓦格纳
354958,,354958,清辉映星河-望舒
354964,,354964,深渊安魂曲-奈亚
354973,,354973,霜佑北境-帕里斯
354995,,354995,源星之归引-上古星龙
355007,,355007,永劫破灭混沌至尊-卡奥斯
355021,,355021,万世独霸龙族至尊-帝皇龙
355030,,355030,破虚空衍群龙-龙母
355042,,355042,圣树临辉光暗双耀-奇灵王
355055,,355055,天国守护者-白天使王
355074,,355074,睥睨众臣-女帝
355075,,355075,至高启示-真理之后
355082,,355082,深渊之契-绮美拉
355083,,355083,绝影蚀月-黑翼王
355087,,355087,武绝凌天-貘
355111,,355111,无垠-愚者
355112,,355112,陨灭-世界
355142,,355142,圣魂觉醒-伊撒尔
355154,,355154,圣铃妙音众识浮沉-阿赖耶识
355163,,355163,傲凡尘启仙灵-女娲
355171,,355171,伊甸园的余晖-亚当
355174,,355174,超越纪元的新生-海蒂拉玛
355188,,355188,万神之王-宙斯
355214,,355214,绝望噬影-尼德霍格
355231,,355231,葬魂曲-死神弥尔
355235,,355235,瞰世之棘-亘古树灵
355240,,355240,霜寒冰域-上古龙女
355241,,355241,炽天炎境-上古龙女
355247,,355247,天道秩序诸界主宰-乾坤
355258,,355258,魔神再临-以撒
355265,,355265,永恒炽阳-神阿波罗
355291,,355291,原初骑士-洛兰
355314,,355314,青山沐日天地无疆-盘古
355330,,355330,诺言之神-星诺玛
355332,,355332,金翅神羽-迦楼罗
355336,,355336,群星守护寰宇光辉-神银河
355377,,355377,冰霜亡域-巫妖王
355402,,355402,断海沧澜-龙太子
355438,,355438,墟尽神临之噬-赫耳墨斯
355439,,355439,噬界傀人-赫耳墨斯
355450,,355450,圣裁座天使-奥菲妮
355457,,355457,吾即永恒-阿卜苏
355474,,355474,浮游天地乘风去-逍遥
355488,,355488,黑翎之妄朽界之暗-梵天
355578,,355578,神霆点苍-奇灵王
355598,,355598,虚堕之君王-贝利亚尔
355614,,355614,不朽龙主-巴哈姆特
355691,,355691,灾变之君王-拜恩
355764,,355764,大荒共主-天帝昊天
355791,,355791,深渊星阶-律
360051,,360051,奥特克林
360192,,360192,修普森曼
360208,,360208,黑小问
360226,,360226,蚁将军
360230,,360230,艾尔利克
360238,,360238,阿努比斯
360320,,360320,雷帝神数码复制体
360530,,360530,暗黑角龙
360577,,360577,飞云骑
360804,,360804,战神兜兜
360834,,360834,巨锁石灵
360958,,360958,嘉嘉龙王
361012,,361012,暗影冥一
361068,,361068,狂战岩狮
361202,,361202,闪电列卡
361210,,361210,巨斧卡索
361213,,361213,岩波斗魂者
361250,,361250,纳兹
361289,,361289,利剑星克
361291,,361291,塞娅
361350,,361350,赤翼魔龙王
361356,,361356,飞羽龙
361359,,361359,猪苗苗
361377,,361377,大爪虎
361380,,361380,金刚虎王
361403,,361403,暗影兽
361422,,361422,哈密神枪手
361460,,361460,葫芦鼠侠
361516,,361516,龙甲小兵
361530,,361530,啸天侠
361539,,361539,炼狱狮王
361541,,361541,魔戒邪灵
361569,,361569,蓝色飓风
361590,,361590,阿尔法
361594,,361594,奥萝
361609,,361609,箭鱼士兵
361613,,361613,居里公主
361619,,361619,巨角剑龙
361647,,361647,洛萨特
361657,,361657,费希特
361664,,361664,锐角战士
361689,,361689,斗炼武士
361693,,361693,狂雷战将
361734,,361734,刚铎
361736,,361736,幻象格杀者
361812,,361812,疾星
361845,,361845,光暗弑神
361878,,361878,光兽诺奇
361888,,361888,西西
361895,,361895,秘境创造神
361904,,361904,法尼尔
361914,,361914,加斯特
361917,,361917,真·烈焰凤凰
361925,,361925,龙·炎王
361964,,361964,狂战暗影兽
361970,,361970,亚历山大
361993,,361993,术士加比
362003,,362003,沙利叶
362020,,362020,无念
362035,,362035,暗影魔将
362036,,362036,暗焰天龙
362037,,362037,天辉侠X
362047,,362047,影武·智
362050,,362050,煌炎战神
362052,,362052,麦斗元帅
362078,,362078,水魔将卡加
362089,,362089,光焰疾蝠
362113,,362113,影武王
362128,,362128,骇客小黑
362140,,362140,魂刃夜王
362156,,362156,贪狼
362158,,362158,战天威
362160,,362160,神照修罗王
362169,,362169,炫光数码小狸
362184,,362184,禄存
362207,,362207,酷若希
362230,,362230,御渊露龙王
362253,,362253,魄月武皇
362285,,362285,天尊圣龙
362299,,362299,阿斯兰
362322,,362322,红小句
362569,,362569,冰玉翡翠龙
362587,,362587,圣天使莱特
362619,,362619,圣天女若希
362622,,362622,遁海金刚库巴
362639,,362639,木面御剑侠
362663,,362663,皓月巨灵
362674,,362674,猪猪英雄
362684,,362684,圣剑仙太白
362702,,362702,超神罗麦提
362717,,362717,蓝羽剑圣
362731,,362731,幻影超T兔
362762,,362762,火花天龙
362772,,362772,机械麦斗王
362789,,362789,焰年翼兽
362826,,362826,岩波斗神
362868,,362868,神峰山脉之魂
362936,,362936,浮云大圣
362966,,362966,乐天童心
362981,,362981,冰拳皇艾司
364119,,364119,扉之光时之晖·王者羲和
364129,,364129,英霸之气·诸葛亮
364206,,364206,吾即太阳·阿波罗
364258,,364258,禁锢审判·传说天使王
364294,,364294,三皇圣祖·伏羲
364329,,364329,全知·律
364337,,364337,恶业轮回·魔君夜渊
364343,,364343,掌混沌终因果·卡奥斯
364353,,364353,应天·源
364364,,364364,苍雷怒涛·风暴龙
364456,,364456,混沌之子·厄瑞玻斯
364689,,364689,万界混沌之主·卡奥斯
364691,,364691,天道帝威·帝释天
364867,,364867,木之精灵王-可兰
364868,,364868,净化之光-拉克丝
364869,,364869,梦幻之光-罗塔纱
364870,,364870,水之精灵王-梅卡
364872,,364872,火之精灵王-菲尔
364875,,364875,守护之光-米垭
364882,,364882,繁星余迹-路西法
364891,,364891,木人桩-超飞行系
364898,,364898,永恒源晶裁决之龙-阿卜苏
364955,,364955,凛冬之意-瓦格纳
364995,,364995,源星之归引-上古星龙
365007,,365007,永劫破灭混沌至尊-卡奥斯
365009,,365009,枯骨之花-莉莉丝
365019,,365019,创灵众生-通灵王
365021,,365021,万世独霸龙族至尊-帝皇龙
365022,,365022,荒宇独霸-帝皇龙
365026,,365026,雅克守护者-神罗麦提
365030,,365030,破虚空衍群龙-龙母
365042,,365042,圣树临辉光暗双耀-奇灵王
365055,,365055,天国守护者-白天使王
365056,,365056,黑暗之翼-黑天使王
365074,,365074,睥睨众臣-女帝
365082,,365082,深渊之契-绮美拉
365087,,365087,武绝凌天-貘
365111,,365111,无垠-愚者
365121,,365121,混沌恩赐-厄瑞玻斯
365142,,365142,圣魂觉醒-伊撒尔
365154,,365154,圣铃妙音众识浮沉-阿赖耶识
365163,,365163,傲凡尘启仙灵-女娲
365171,,365171,伊甸园的余晖-亚当
365188,,365188,万神之王-宙斯
365214,,365214,绝望噬影-尼德霍格
365231,,365231,葬魂曲-死神弥尔
365235,,365235,瞰世之棘-亘古树灵
365241,,365241,炽天炎境-上古龙女
365247,,365247,天道秩序诸界主宰-乾坤
365258,,365258,魔神再临-以撒
365265,,365265,永恒炽阳-神阿波罗
365291,,365291,原初骑士-洛兰
365314,,365314,青山沐日天地无疆-盘古
365330,,365330,诺言之神-星诺玛
365332,,365332,金翅神羽-迦楼罗
365336,,365336,群星守护寰宇光辉-神银河
365377,,365377,冰霜亡域-巫妖王
365402,,365402,断海沧澜-龙太子
365438,,365438,墟尽神临之噬-赫耳墨斯
365439,,365439,噬界傀人-赫耳墨斯
365457,,365457,吾即永恒-阿卜苏
365467,,365467,灵骸烬染之潮-夜樱
365474,,365474,浮游天地乘风去-逍遥
365488,,365488,黑翎之妄朽界之暗-梵天
365578,,365578,神霆点苍-奇灵王
365598,,365598,虚堕之君王-贝利亚尔
365614,,365614,不朽龙主-巴哈姆特
365764,,365764,大荒共主-天帝昊天
365791,,365791,深渊星阶-律
370010,,370010,朵朵兔
370025,,370025,依灵
370028,,370028,变色蜥蜴
370034,,370034,小石怪
370043,,370043,小冰犬
370055,,370055,小鼠蝠
370067,,370067,乌拉
370070,,370070,斯多鼠
370076,,370076,盼盼
370142,,370142,冰蓝蓝
370151,,370151,嘟嘟
370154,,370154,闪电球
370157,,370157,大眼仔
370169,,370169,妞妞
370238,,370238,阿努比斯
370278,,370278,烈焰鸟
370320,,370320,雷帝神数码复制体
370418,,370418,山脉之魂
370625,,370625,雪糕仔
370705,,370705,水水海豆
370780,,370780,天辉侠
370834,,370834,巨锁石灵
370860,,370860,关羽
370901,,370901,星宇侠
371254,,371254,小草头
371289,,371289,利剑星克
371356,,371356,飞羽龙
371375,,371375,土拨虎
371403,,371403,暗影兽
371460,,371460,葫芦鼠侠
371528,,371528,疾影侠
371594,,371594,奥萝
371619,,371619,巨角剑龙
371657,,371657,费希特
371664,,371664,锐角战士
371697,,371697,猎空
371899,,371899,智慧加比
371908,,371908,勇气加比
371937,,371937,梦想加比
371964,,371964,狂战暗影兽
371970,,371970,亚历山大
372003,,372003,沙利叶
372034,,372034,小暗影
372035,,372035,暗影魔将
372036,,372036,暗焰天龙
372062,,372062,魔大将
372093,,372093,魔多
372161,,372161,神照修罗王
372165,,372165,创圣天奇灵
372227,,372227,暗行罗刹
372228,,372228,神谕阿波罗
372297,,372297,帝皇真龙
372323,,372323,武圣关羽
372324,,372324,武圣关羽
372325,,372325,太古炎王
372368,,372368,赤霄狼王
372650,,372650,龙焰波鲁
372651,,372651,幻刃米奥
372652,,372652,莎莎女王
372675,,372675,炽尊狼王
374119,,374119,扉之光时之晖·王者羲和
374129,,374129,英霸之气·诸葛亮
374206,,374206,吾即太阳·阿波罗
374258,,374258,禁锢审判·传说天使王
374294,,374294,三皇圣祖·伏羲
374329,,374329,全知·律
374337,,374337,恶业轮回·魔君夜渊
374353,,374353,应天·源
374364,,374364,苍雷怒涛·风暴龙
374471,,374471,时光如汐·洛羲
374625,,374625,超界领域·时空王
374686,,374686,永远的精灵王·伊撒尔
374691,,374691,天道帝威·帝释天
374867,,374867,木之精灵王-可兰
374868,,374868,净化之光-拉克丝
374869,,374869,梦幻之光-罗塔纱
374870,,374870,水之精灵王-梅卡
374872,,374872,火之精灵王-菲尔
374875,,374875,守护之光-米垭
374882,,374882,繁星余迹-路西法
374891,,374891,怒海狂潮-金刚库巴
374955,,374955,凛冬之意-瓦格纳
374995,,374995,源星之归引-上古星龙
375007,,375007,永劫破灭混沌至尊-卡奥斯
375019,,375019,创灵众生-通灵王
375021,,375021,万世独霸龙族至尊-帝皇龙
375022,,375022,荒宇独霸-帝皇龙
375026,,375026,雅克守护者-神罗麦提
375030,,375030,破虚空衍群龙-龙母
375042,,375042,圣树临辉光暗双耀-奇灵王
375055,,375055,天国守护者-白天使王
375074,,375074,睥睨众臣-女帝
375082,,375082,深渊之契-绮美拉
375087,,375087,武绝凌天-貘
375105,,375105,王者加冕-黄金圣天伊
375111,,375111,无垠-愚者
375121,,375121,混沌恩赐-厄瑞玻斯
375130,,375130,漆夜破空之刃-使者
375142,,375142,圣魂觉醒-伊撒尔
375143,,375143,时序之光-洛羲
375154,,375154,圣铃妙音众识浮沉-阿赖耶识
375163,,375163,傲凡尘启仙灵-女娲
375171,,375171,伊甸园的余晖-亚当
375188,,375188,万神之王-宙斯
375214,,375214,绝望噬影-尼德霍格
375235,,375235,瞰世之棘-亘古树灵
375241,,375241,炽天炎境-上古龙女
375247,,375247,天道秩序诸界主宰-乾坤
375258,,375258,魔神再临-以撒
375265,,375265,永恒炽阳-神阿波罗
375291,,375291,原初骑士-洛兰
375314,,375314,青山沐日天地无疆-盘古
375330,,375330,诺言之神-星诺玛
375332,,375332,金翅神羽-迦楼罗
375336,,375336,群星守护寰宇光辉-神银河
375377,,375377,冰霜亡域-巫妖王
375402,,375402,断海沧澜-龙太子
375439,,375439,噬界傀人-赫耳墨斯
375457,,375457,吾即永恒-阿卜苏
375467,,375467,灵骸烬染之潮-夜樱
375474,,375474,浮游天地乘风去-逍遥
375488,,375488,黑翎之妄朽界之暗-梵天
375578,,375578,神霆点苍-奇灵王
375614,,375614,不朽龙主-巴哈姆特
375764,,375764,大荒共主-天帝昊天
375791,,375791,深渊星阶-律
380024,,380024,花冠狮
380042,,380042,独角仙
380087,,380087,冰拳艾司
380093,,380093,木面侠
380105,,380105,神武月
380111,,380111,战无炎
380147,,380147,芭比鹿
380266,,380266,绿叶熊
380290,,380290,七星神龙
380317,,380317,天使莱特
380320,,380320,雷帝神数码复制体
380418,,380418,山脉之魂
380500,,380500,终结兔
380819,,380819,天女若希
380834,,380834,巨锁石灵
380995,,380995,翡冷翠
381070,,381070,巨冰熊
381159,,381159,极冰海牙
381190,,381190,鬼王
381664,,381664,锐角战士
381697,,381697,猎空
381703,,381703,暴雪战将
381728,,381728,厉轰王
381881,,381881,幻·D14
381926,,381926,帝王奇灵
382050,,382050,煌炎战神
382064,,382064,斗士豪达
382122,,382122,圣域·木面侠
382275,,382275,断海流玄武
382362,,382362,杰诺斯
382381,,382381,超龙精灵
382391,,382391,超龙星诺
382394,,382394,超木角龙
383509,,383509,[地龙神]摩罗迦
383523,,383523,[绝地求生]枪神王
383576,,383576,[天下第一龙]龍
383577,,383577,[玄音神]乾达婆
383990,,383990,无烬噩梦·伊撒尔
384025,,384025,轮回溯梦·伊撒尔
384036,,384036,未来计划·黯帝修罗
384037,,384037,未来计划·暴君凯撒
384043,,384043,未来计划·嗜血狼王
384048,,384048,未来计划·噬魂夜王
384057,,384057,未来计划·神秘战无炎
384066,,384066,未来计划·大妖神武月
384088,,384088,时间故梦·王者伊撒尔
384129,,384129,英霸之气·诸葛亮
384134,,384134,远古精灵王·伊撒尔
384246,,384246,魔神·以撒
384247,,384247,无烬噩梦·传说伊撒尔
384281,,384281,玄鹤游方·翎
384307,,384307,百药先祖·神农
384308,,384308,育灵天地间·王者女娲
384322,,384322,轮回溯梦·传说伊撒尔
384335,,384335,权御万界·天帝昊天
384337,,384337,恶业轮回·魔君夜渊
384342,,384342,梵音净心·乾达婆
384396,,384396,武绝凌天·传说貘
384398,,384398,巨神撼世·骸
384411,,384411,解构·王者世界
384424,,384424,清辉朗月·王者望舒
384446,,384446,梦幻云端之忆·梦
384457,,384457,深渊意志·拉莱耶
384464,,384464,深渊の呼唤·克希拉
384470,,384470,空间魂梦·传说伊撒尔
384495,,384495,命运福音·亚当
384496,,384496,天国恩光·天使王
384514,,384514,夺命魔弹·枪神王
384566,,384566,引万意掌器界·阿赖耶识
384575,,384575,无量乐土·末那
384577,,384577,宿命之尘·尘纱
384592,,384592,深渊の凝视·SP奈亚
384616,,384616,星穹溯光苍生为棋·银河
384686,,384686,永远的精灵王·伊撒尔
384867,,384867,木之精灵王-可兰
384868,,384868,净化之光-拉克丝
384869,,384869,梦幻之光-罗塔纱
384870,,384870,水之精灵王-梅卡
384872,,384872,火之精灵王-菲尔
384875,,384875,守护之光-米垭
384882,,384882,繁星余迹-路西法
384891,,384891,怒海狂潮-金刚库巴
384892,,384892,猩红序曲-露易丝
384940,,384940,齐天大圣-孙悟空
384955,,384955,凛冬之意-瓦格纳
384958,,384958,清辉映星河-望舒
384995,,384995,源星之归引-上古星龙
385007,,385007,永劫破灭混沌至尊-卡奥斯
385021,,385021,万世独霸龙族至尊-帝皇龙
385030,,385030,破虚空衍群龙-龙母
385042,,385042,圣树临辉光暗双耀-奇灵王
385055,,385055,天国守护者-白天使王
385074,,385074,睥睨众臣-女帝
385075,,385075,至高启示-真理之后
385082,,385082,深渊之契-绮美拉
385087,,385087,武绝凌天-貘
385105,,385105,王者加冕-黄金圣天伊
385111,,385111,无垠-愚者
385142,,385142,圣魂觉醒-伊撒尔
385143,,385143,时序之光-洛羲
385152,,385152,极乐欲界天魔主-波旬
385154,,385154,圣铃妙音众识浮沉-阿赖耶识
385163,,385163,傲凡尘启仙灵-女娲
385171,,385171,伊甸园的余晖-亚当
385188,,385188,万神之王-宙斯
385214,,385214,绝望噬影-尼德霍格
385235,,385235,瞰世之棘-亘古树灵
385241,,385241,炽天炎境-上古龙女
385247,,385247,天道秩序诸界主宰-乾坤
385258,,385258,魔神再临-以撒
385265,,385265,永恒炽阳-神阿波罗
385291,,385291,原初骑士-洛兰
385314,,385314,青山沐日天地无疆-盘古
385330,,385330,诺言之神-星诺玛
385332,,385332,金翅神羽-迦楼罗
385336,,385336,群星守护寰宇光辉-神银河
385377,,385377,冰霜亡域-巫妖王
385402,,385402,断海沧澜-龙太子
385439,,385439,噬界傀人-赫耳墨斯
385457,,385457,吾即永恒-阿卜苏
385467,,385467,灵骸烬染之潮-夜樱
385474,,385474,浮游天地乘风去-逍遥
385488,,385488,黑翎之妄朽界之暗-梵天
385578,,385578,神霆点苍-奇灵王
385614,,385614,不朽龙主-巴哈姆特
385764,,385764,大荒共主-天帝昊天
385791,,385791,深渊星阶-律
390053,,390053,绒绒
390077,,390077,铁甲盼盼
390170,,390170,雅妞
390205,,390205,小火猪
390320,,390320,雷帝神数码复制体
390787,,390787,六芒守卫
391197,,391197,钱小星
392526,,392526,乾坤震雷妖
392603,,392603,乾坤震雷妖
393509,,393509,[地龙神]摩罗迦
393523,,393523,[绝地求生]枪神王
393576,,393576,[天下第一龙]龍
393577,,393577,[玄音神]乾达婆
393975,,393975,万世龙尊·帝皇龙
393979,,393979,真炎神君·菲尔
393990,,393990,无烬噩梦·伊撒尔
394025,,394025,轮回溯梦·伊撒尔
394036,,394036,未来计划·黯帝修罗
394037,,394037,未来计划·暴君凯撒
394042,,394042,星尊裁决·上古星龙
394043,,394043,未来计划·嗜血狼王
394048,,394048,未来计划·噬魂夜王
394050,,394050,破虚空衍群龙·龙母
394057,,394057,未来计划·神秘战无炎
394066,,394066,未来计划·大妖神武月
394119,,394119,扉之光时之晖·王者羲和
394129,,394129,英霸之气·诸葛亮
394201,,394201,烈焰天辉·菲尔
394204,,394204,帝刹穹天·至高龙尊
394206,,394206,吾即太阳·阿波罗
394246,,394246,魔神·以撒
394258,,394258,禁锢审判·传说天使王
394292,,394292,绝望·尼德霍格
394294,,394294,三皇圣祖·伏羲
394307,,394307,百药先祖·神农
394308,,394308,育灵天地间·王者女娲
394329,,394329,全知·律
394335,,394335,权御万界·天帝昊天
394337,,394337,恶业轮回·魔君夜渊
394353,,394353,应天·源
394357,,394357,瀚空碧海之辰·上古星龙
394358,,394358,星神誓约·星魔（神启者）
394364,,394364,苍雷怒涛·风暴龙
394367,,394367,神域初晓之刻·王者龙母
394396,,394396,武绝凌天·传说貘
394398,,394398,巨神撼世·骸
394442,,394442,赤焰星芒·王者菲尔
394457,,394457,深渊意志·拉莱耶
394464,,394464,深渊の呼唤·克希拉
394495,,394495,命运福音·亚当
394496,,394496,天国恩光·天使王
394552,,394552,万古龙魂·龍
394592,,394592,深渊の凝视·SP奈亚
394691,,394691,天道帝威·帝释天
394702,,394702,裂斩沧澜·帝皇龙
394867,,394867,木之精灵王-可兰
394868,,394868,净化之光-拉克丝
394869,,394869,梦幻之光-罗塔纱
394870,,394870,水之精灵王-梅卡
394872,,394872,火之精灵王-菲尔
394875,,394875,守护之光-米垭
394882,,394882,繁星余迹-路西法
394891,,394891,怒海狂潮-金刚库巴
394955,,394955,凛冬之意-瓦格纳
394995,,394995,源星之归引-上古星龙
395019,,395019,创灵众生-通灵王
395022,,395022,荒宇独霸-帝皇龙
395026,,395026,雅克守护者-神罗麦提
395030,,395030,破虚空衍群龙-龙母
395042,,395042,圣树临辉光暗双耀-奇灵王
395055,,395055,天国守护者-白天使王
395074,,395074,睥睨众臣-女帝
395082,,395082,深渊之契-绮美拉
395087,,395087,武绝凌天-貘
395142,,395142,圣魂觉醒-伊撒尔
395154,,395154,圣铃妙音众识浮沉-阿赖耶识
395163,,395163,傲凡尘启仙灵-女娲
395171,,395171,伊甸园的余晖-亚当
395188,,395188,万神之王-宙斯
395214,,395214,绝望噬影-尼德霍格
395241,,395241,炽天炎境-上古龙女
395247,,395247,天道秩序诸界主宰-乾坤
395258,,395258,魔神再临-以撒
395265,,395265,永恒炽阳-神阿波罗
395291,,395291,原初骑士-洛兰
395314,,395314,青山沐日天地无疆-盘古
395330,,395330,诺言之神-星诺玛
395332,,395332,金翅神羽-迦楼罗
395336,,395336,群星守护寰宇光辉-神银河
395402,,395402,断海沧澜-龙太子
395439,,395439,噬界傀人-赫耳墨斯
395467,,395467,灵骸烬染之潮-夜樱
395474,,395474,浮游天地乘风去-逍遥
395488,,395488,黑翎之妄朽界之暗-梵天
395578,,395578,神霆点苍-奇灵王
395614,,395614,不朽龙主-巴哈姆特
395764,,395764,大荒共主-天帝昊天
395791,,395791,深渊星阶-律
400180,,400180,夜一
400208,,400208,黑小问
400320,,400320,雷帝神数码复制体
400414,,400414,火云牛斗士
400551,,400551,迪奥
400563,,400563,蓝宝星
400620,,400620,冰晶女巫
400630,,400630,蓝铁巨鳄
400710,,400710,紫晶海兽
400750,,400750,贝克佩斯
400804,,400804,战神兜兜
400847,,400847,大白吐
400907,,400907,发条闹钟
400912,,400912,木叶战狮
400997,,400997,彩虹贝
401028,,401028,蓝蝶仙子
401105,,401105,淘小跳
401187,,401187,灵符小幽
401218,,401218,骑士猴
401257,,401257,雏菊仙子
401263,,401263,南瓜车车
401345,,401345,风之精灵
401377,,401377,大爪虎
401399,,401399,布莱尔王子
401409,,401409,铁迪
401603,,401603,剑齿虎
401636,,401636,金甲战士
402070,,402070,极影艾恩
402346,,402346,蓝小逗
402394,,402394,乾坤震雷妖
402400,,402400,乾坤震雷妖
402420,,402420,小火团
402436,,402436,暮光伯爵
402437,,402437,乾坤震雷妖
402440,,402440,乾坤震雷妖
402459,,402459,多米纳特
402461,,402461,卖萌羊
402466,,402466,捣蛋羊
402495,,402495,疾天喵
402503,,402503,影道喵
402513,,402513,怪盗喵
402514,,402514,龙胆赵云
402526,,402526,乾坤坎水妖
402562,,402562,幻·破炎
402563,,402563,幻·御流
402564,,402564,幻·绝雷
402566,,402566,破宇暴龙
402577,,402577,乾坤震雷妖
402603,,402603,超念
402621,,402621,飓风领主
402646,,402646,乾坤震雷妖
402664,,402664,神威吕布
402711,,402711,幻舞貂婵
402823,,402823,乾坤震雷妖
402854,,402854,乾坤震雷妖
403176,,403176,传奇圣天伊
403178,,403178,传奇神龙
403180,,403180,传奇阿波罗
403187,,403187,传奇zeta
403188,,403188,传奇哈迪斯
403192,,403192,雪无寒灵
403193,,403193,传奇阴
403194,,403194,传奇阳
403196,,403196,传奇天道无极
403200,,403200,乾坤
403201,,403201,乾坤震雷妖
403202,,403202,乾坤震雷妖
403203,,403203,乾坤震雷妖
403215,,403215,传奇烈焰凤凰
403216,,403216,传奇奇灵王
403217,,403217,传奇圣冕麒麟
403220,,403220,传奇梅卡
403234,,403234,传奇黑翼王
403238,,403238,传奇星魔
403242,,403242,传奇星龙
403245,,403245,传奇宙斯
403249,,403249,传奇东皇太一
403254,,403254,传奇归零者
403256,,403256,智慧王
403257,,403257,传奇自由之神
403259,,403259,乾坤震雷妖
403265,,403265,乾坤震雷妖
403267,,403267,传奇修罗神
403271,,403271,传奇刘备
403272,,403272,传奇曹操
403273,,403273,传奇孙权
403285,,403285,传奇炽寒天凤
403288,,403288,传奇天使王
403289,,403289,传奇无冕之王
403298,,403298,力量王
403302,,403302,枪神王
403304,,403304,传奇日月战武神
403309,,403309,传奇念
403317,,403317,传奇龙吟真
403318,,403318,传奇可兰
403320,,403320,传奇白虎
403321,,403321,吞天饕餮
403322,,403322,传奇明王
403324,,403324,始祖巨龙
403326,,403326,传奇朱雀
403330,,403330,传奇圣羽女皇
403331,,403331,万灵王
403333,,403333,传奇青龙
403334,,403334,传奇玄武
403337,,403337,红心K·莫格莱尼
403341,,403341,传奇冥夜君狼王
403343,,403343,传奇帝卡
403344,,403344,始祖影龙
403346,,403346,人鱼姬·迦夜
403347,,403347,传奇盘古
403352,,403352,传奇帝皇龙
403354,,403354,传奇菲尔
403355,,403355,传奇冰罗皇
403357,,403357,方块K·托尔贝恩
403359,,403359,传奇炎王
403363,,403363,梅花K·纳兹戈林
403366,,403366,始祖炎龙
403368,,403368,始祖冰龙
403371,,403371,传奇圣修暗凯帝
403372,,403372,始祖翼龙
403373,,403373,始祖光龙
403374,,403374,传奇凌风
403375,,403375,龍
403377,,403377,六龙圣王
403380,,403380,[王者羁绊]圣天伊
403381,,403381,[远古精灵王]伊撒尔
403383,,403383,[祸乱之源]黑桃K
403384,,403384,[斗转星移]智慧王
403385,,403385,[神之九尾]玉藻皇
403387,,403387,[太阴]幽荧
403388,,403388,[远古大妖]大天狗
403390,,403390,[太阳]烛照
403391,,403391,[战场萝莉]赫尔薇尔
403392,,403392,[火神]祝融
403394,,403394,[铃樱少女]欧若拉
403396,,403396,[诸神之父]奥丁大帝
403398,,403398,[始祖巨人]伊米尔
403399,,403399,[逢魔之约]阴阳
403401,,403401,[四海龙王]敖兴
403402,,403402,[雷霆主宰]风暴龙
403404,,403404,[鬼族之王]酒吞龙泉
403405,,403405,[天启堕神王]梵天
403406,,403406,[未来精灵王]梵天
403407,,403407,[万神之后]弗丽嘉
403409,,403409,[天道守护]东皇太一
403413,,403413,[扶桑大神]伊邪那岐
403414,,403414,[黄泉大神]伊邪那美
403423,,403423,[金翅神]迦楼罗
403424,,403424,[万王加冕]圣王麒麟
403426,,403426,[暗杀舞姬]摩尔迦娜
403427,,403427,[太阳神]阿波罗
403429,,403429,[一代宗师]奇灵王
403430,,403430,[火之精灵王]菲尔
403431,,403431,[青莲剑仙]李白
403436,,403436,乾坤震雷妖
403443,,403443,[神机妙算]诸葛亮
403446,,403446,乾坤震雷妖
403454,,403454,[星界霸主]上古星龙
403462,,403462,[冥主]哈迪斯
403463,,403463,[神王]宙斯
403467,,403467,[龙胆神威]赵子龙
403469,,403469,[龙族至尊]帝皇龙
403470,,403470,[白垩传说]青翼龙王
403474,,403474,[圣堂祭祀]夕颜
403487,,403487,[永灵至尊]冥夜君狼王
403488,,403488,[通天神探]狄仁杰
403490,,403490,[炼金斗者]乱舞
403491,,403491,[神行谍影]黑翼王
403493,,403493,[光暗传说]圣修暗凯帝
403495,,403495,[无尽神兵]银
403497,,403497,乾坤震雷妖
403509,,403509,[地龙神]摩罗迦
403510,,403510,[应汝之愿]天使王
403511,,403511,[应汝之愿]天使王
403518,,403518,[上古神话]日月战武神
403519,,403519,[上古月神]神武月
403520,,403520,[上古炎帝]战无炎
403523,,403523,[绝地求生]枪神王
403526,,403526,[纵横捭阖]无冕之王
403527,,403527,[武绝苍穹]貘
403538,,403538,[纵横捭阖]无冕之王
403541,,403541,[开天辟地]盘古
403542,,403542,[开天辟地]盘古
403547,,403547,[救赎之音]亚伯
403549,,403549,[无双战神]吕布
403550,,403550,[造化阴阳]天道无极
403551,,403551,{天道阳极]阳
403552,,403552,{天道阴极]阴
403557,,403557,[木之精灵王]可兰
403558,,403558,[寒冰王座]白虎
403563,,403563,[雷霆之怒]青龙
403565,,403565,[不动如山]玄武
403571,,403571,[烈焰红莲]朱雀
403576,,403576,[天下第一龙]龍
403577,,403577,[玄音神]乾达婆
403580,,403580,[水之精灵王]梅卡
403581,,403581,[天地复初]乾坤
403582,,403582,[天地复初]乾坤
403583,,403583,[天道主宰]乾坤
403584,,403584,[天道主宰]乾坤
403588,,403588,[天地玄黄]洪荒无极
403589,,403589,[洪荒王]御星煌
403590,,403590,[洪荒之主]御星璃
403592,,403592,[伍心开阳]姬如意
403593,,403593,[伍心开阳]姬如意
403597,,403597,[气吞山河]圣体力量王
403598,,403598,[气吞山河]圣体力量王
403599,,403599,[冥夜千机]鬼墨无忧
403604,,403604,[玉衡金仙]灵天释
403605,,403605,[玉衡金仙]灵天释
403606,,403606,[纯血妖王]冽
403608,,403608,[星现万物]王者智慧王
403614,,403614,[御魂破咒]八岐龙吟
403615,,403615,[破灭洪荒]八岐大蛇
403616,,403616,[御天龙魂]龙吟守
403617,,403617,[执掌天权]御渊
403618,,403618,[执掌天权]御渊
403620,,403620,[时间法则]王者伊撒尔
403621,,403621,[幻召虚空]白皇星焰
403623,,403623,[无畏兵神]韩信
403624,,403624,[无畏兵神]韩信
403625,,403625,[无敌斗尊]龙皇辉斗
403626,,403626,[不死传说]雀皇紫辰
403629,,403629,[万界天枢]紫璇
403630,,403630,[万界天枢]紫璇
403632,,403632,[王者圣剑]龙天伊
403633,,403633,[王者羁绊]圣天伊
403634,,403634,[圣剑传说]龙神
403636,,403636,[天玑天璇]重楼
403637,,403637,[元素审判]玄皇耀凌
403952,,403952,天灾统领·巫妖王
403990,,403990,无烬噩梦·伊撒尔
404004,,404004,万神之王·宙斯
404005,,404005,万冥之主·哈迪斯
404025,,404025,轮回溯梦·伊撒尔
404036,,404036,未来计划·黯帝修罗
404037,,404037,未来计划·暴君凯撒
404043,,404043,未来计划·嗜血狼王
404048,,404048,未来计划·噬魂夜王
404057,,404057,未来计划·神秘战无炎
404066,,404066,未来计划·大妖神武月
404102,,404102,傲凡尘启仙灵·女娲
404139,,404139,忘川临世·鬼墨无忧
404217,,404217,虚数重构·黛依
404228,,404228,天启新篇·梵天
404256,,404256,崩坏·天使王
404267,,404267,牛气冲天·牛魔王
404282,,404282,凰诏天赦·烈焰凤凰
404292,,404292,绝望·尼德霍格
404307,,404307,百药先祖·神农
404308,,404308,育灵天地间·王者女娲
404335,,404335,权御万界·天帝昊天
404337,,404337,恶业轮回·魔君夜渊
404357,,404357,瀚空碧海之辰·上古星龙
404358,,404358,星神誓约·星魔（神启者）
404385,,404385,苍龙御天·帝皇龙
404396,,404396,武绝凌天·传说貘
404398,,404398,巨神撼世·骸
404454,,404454,缠绕者·利维坦
404457,,404457,深渊意志·拉莱耶
404464,,404464,深渊の呼唤·克希拉
404495,,404495,命运福音·亚当
404496,,404496,天国恩光·天使王
404552,,404552,万古龙魂·龍
404592,,404592,深渊の凝视·SP奈亚
404632,,404632,帝临山河·圣王麒麟
404633,,404633,瑞兽赐福·圣王麒麟
404659,,404659,轻云敝月众生随·女娲
404691,,404691,天道帝威·帝释天
404702,,404702,裂斩沧澜·帝皇龙
404727,,404727,灼世辉光·烈焰凤凰
404867,,404867,木之精灵王-可兰
404868,,404868,净化之光-拉克丝
404869,,404869,梦幻之光-罗塔纱
404870,,404870,水之精灵王-梅卡
404875,,404875,守护之光-米垭
404882,,404882,繁星余迹-路西法
404891,,404891,木人桩-生命系
404910,,404910,千古一帝-秦始皇嬴政
404916,,404916,陨星-愚者
404955,,404955,凛冬之意-瓦格纳
404977,,404977,千山落樱之辉-夜樱
404995,,404995,源星之归引-上古星龙
405019,,405019,创灵众生-通灵王
405030,,405030,破虚空衍群龙-龙母
405042,,405042,圣树临辉光暗双耀-奇灵王
405055,,405055,天国守护者-白天使王
405074,,405074,睥睨众臣-女帝
405082,,405082,深渊之契-绮美拉
405087,,405087,武绝凌天-貘
405111,,405111,无垠-愚者
405122,,405122,万象始源之刻-赫耳墨斯
405130,,405130,漆夜破空之刃-使者
405142,,405142,圣魂觉醒-伊撒尔
405154,,405154,圣铃妙音众识浮沉-阿赖耶识
405163,,405163,傲凡尘启仙灵-女娲
405164,,405164,妙笔创生绘世-女娲
405171,,405171,伊甸园的余晖-亚当
405188,,405188,万神之王-宙斯
405214,,405214,绝望噬影-尼德霍格
405241,,405241,炽天炎境-上古龙女
405247,,405247,天道秩序诸界主宰-乾坤
405265,,405265,永恒炽阳-神阿波罗
405291,,405291,原初骑士-洛兰
405314,,405314,青山沐日天地无疆-盘古
405330,,405330,诺言之神-星诺玛
405332,,405332,金翅神羽-迦楼罗
405336,,405336,群星守护寰宇光辉-神银河
405402,,405402,断海沧澜-龙太子
405439,,405439,噬界傀人-赫耳墨斯
405467,,405467,灵骸烬染之潮-夜樱
405474,,405474,浮游天地乘风去-逍遥
405488,,405488,黑翎之妄朽界之暗-梵天
405578,,405578,神霆点苍-奇灵王
405764,,405764,大荒共主-天帝昊天
410087,,410087,冰拳艾司
410111,,410111,战无炎
410132,,410132,暗夜卡伦
410208,,410208,黑小问
410238,,410238,阿努比斯
410382,,410382,十字匹诺
410408,,410408,青翼绿龙
410430,,410430,黑白国王
410516,,410516,猪阿酱
410577,,410577,飞云骑
410589,,410589,雷角兽
410601,,410601,拉格纳罗斯
410630,,410630,蓝铁巨鳄
410655,,410655,先哲独角兽
410768,,410768,超钢灵骑
410801,,410801,贝贝龙
410903,,410903,震地巨兽
410905,,410905,冰爆巨兽
410958,,410958,嘉嘉龙王
411082,,411082,奥奇
411220,,411220,利爪格非
411240,,411240,乐天
411403,,411403,暗影兽
411430,,411430,圣龙战车
411432,,411432,超级悟天
411434,,411434,超级悟焰
411438,,411438,蓝地斯
411473,,411473,圣灵星诺
411489,,411489,帅气牛仔
411520,,411520,唯塔斯
411551,,411551,泰格虎
411559,,411559,狂暴斑比
411573,,411573,钢炮奥斯卡
411575,,411575,泰利船长
411733,,411733,小刚
411734,,411734,刚铎
412394,,412394,乾坤坎水妖
412400,,412400,乾坤坎水妖
412437,,412437,乾坤坎水妖
412440,,412440,乾坤坎水妖
412526,,412526,乾坤离火妖
412577,,412577,乾坤坎水妖
412603,,412603,乾坤坎水妖
412646,,412646,乾坤坎水妖
412823,,412823,乾坤坎水妖
412854,,412854,乾坤坎水妖
413201,,413201,乾坤坎水妖
413202,,413202,乾坤坎水妖
413203,,413203,乾坤坎水妖
413259,,413259,乾坤坎水妖
413265,,413265,乾坤坎水妖
413388,,413388,乾坤震雷妖
413436,,413436,乾坤坎水妖
413446,,413446,乾坤坎水妖
413497,,413497,乾坤坎水妖
413509,,413509,[地龙神]摩罗迦
413523,,413523,[绝地求生]枪神王
413576,,413576,[天下第一龙]龍
413606,,413606,乾坤震雷妖
413990,,413990,无烬噩梦·伊撒尔
413992,,413992,威震天下·太阿
414025,,414025,轮回溯梦·伊撒尔
414115,,414115,通天神威·王者孙悟空
414308,,414308,育灵天地间·王者女娲
414337,,414337,恶业轮回·魔君夜渊
414398,,414398,巨神撼世·骸
414406,,414406,地龙天威·摩罗迦
414428,,414428,泰坦巨神王·普罗米修斯
414485,,414485,黎明神后·弗丽嘉
414495,,414495,命运福音·亚当
414497,,414497,逆转未来·光明英雄
414526,,414526,残月烬灭·幻尊星瞬
414552,,414552,万古龙魂·龍
414582,,414582,横扫沧海·龙太子
414644,,414644,纯白之灾厄·海蒂拉玛
414648,,414648,灾厄救世主·海蒂拉玛
414680,,414680,神光普照·阿波罗
414867,,414867,木之精灵王-可兰
414868,,414868,净化之光-拉克丝
414869,,414869,梦幻之光-罗塔纱
414870,,414870,水之精灵王-梅卡
414872,,414872,火之精灵王-菲尔
414875,,414875,守护之光-米垭
414882,,414882,繁星余迹-路西法
414891,,414891,木人桩-不朽系
414955,,414955,凛冬之意-瓦格纳
414995,,414995,源星之归引-上古星龙
415030,,415030,破虚空衍群龙-龙母
415033,,415033,龙族新歌-玲玲珑
415042,,415042,圣树临辉光暗双耀-奇灵王
415055,,415055,天国守护者-白天使王
415074,,415074,睥睨众臣-女帝
415082,,415082,深渊之契-绮美拉
415087,,415087,武绝凌天-貘
415095,,415095,逐愿淬光之明-阿格蕾亚
415111,,415111,无垠-愚者
415118,,415118,邃古凌苍-日月战武神
415124,,415124,鸣劫制裁-雷霆青龙
415130,,415130,漆夜破空之刃-使者
415136,,415136,万王天谕-圣王麒麟
415143,,415143,时序之光-洛羲
415154,,415154,圣铃妙音众识浮沉-阿赖耶识
415163,,415163,傲凡尘启仙灵-女娲
415171,,415171,伊甸园的余晖-亚当
415174,,415174,超越纪元的新生-海蒂拉玛
415175,,415175,无言的祈愿-海蒂拉玛
415188,,415188,万神之王-宙斯
415214,,415214,绝望噬影-尼德霍格
415241,,415241,炽天炎境-上古龙女
415247,,415247,天道秩序诸界主宰-乾坤
415265,,415265,永恒炽阳-神阿波罗
415291,,415291,原初骑士-洛兰
415314,,415314,青山沐日天地无疆-盘古
415330,,415330,诺言之神-星诺玛
415332,,415332,金翅神羽-迦楼罗
415336,,415336,群星守护寰宇光辉-神银河
415402,,415402,断海沧澜-龙太子
415439,,415439,噬界傀人-赫耳墨斯
415467,,415467,灵骸烬染之潮-夜樱
415474,,415474,浮游天地乘风去-逍遥
415488,,415488,黑翎之妄朽界之暗-梵天
415764,,415764,大荒共主-天帝昊天
420003,,420003,大师兔
420105,,420105,神武月
420111,,420111,战无炎
420174,,420174,赤炎战斗龙
420177,,420177,骰子大王
420180,,420180,夜一
420183,,420183,海马剑士
420192,,420192,修普森曼
420198,,420198,卡布罗格
420207,,420207,赤火野猪
420209,,420209,花冠公主
420215,,420215,青龙灵兽
420278,,420278,烈焰鸟
420366,,420366,小号卡卡
420367,,420367,提琴卡卡
420368,,420368,竖琴卡卡
420370,,420370,萨克斯卡卡
420372,,420372,功夫伊尼
420373,,420373,工程伊尼
420374,,420374,科学伊尼
420375,,420375,邮差伊尼
420383,,420383,音爵卡卡
420386,,420386,冲锋蘑菇炮
420388,,420388,玄武灵兽
420408,,420408,青翼绿龙
420493,,420493,年兽
420505,,420505,寒冰公主
420577,,420577,飞云骑
420624,,420624,白虎灵兽
420687,,420687,宇宙侠
420728,,420728,凯撒
420731,,420731,修罗
420741,,420741,朱雀灵兽
420780,,420780,天辉侠
420781,,420781,爆裂侠
420782,,420782,怒风侠
420783,,420783,霸气侠
420819,,420819,天女若希
420901,,420901,星宇侠
420903,,420903,震地巨兽
420905,,420905,冰爆巨兽
420946,,420946,紫渊
420948,,420948,刑风
420973,,420973,红魔
421062,,421062,坚甲河豚
421082,,421082,奥奇
421086,,421086,绿焰
421120,,421120,冰刃侠
421122,,421122,狼王迪洛斯
421124,,421124,夜王狄米特
421134,,421134,白羽公主
421159,,421159,极冰海牙
421170,,421170,夜兰
421222,,421222,光速侠
421225,,421225,刘备
421234,,421234,拉诺斯
421274,,421274,岩战
421282,,421282,施瓦辛格
421291,,421291,塞娅
421296,,421296,幻炎
421298,,421298,幻流
421300,,421300,幻雷
421307,,421307,幻光
421309,,421309,幻冥
421328,,421328,幻极
421336,,421336,波塞冬
421347,,421347,魔洛
421350,,421350,赤翼魔龙王
421380,,421380,金刚虎王
421381,,421381,炫光龙法师
421392,,421392,炫光铁拳鼠
421403,,421403,暗影兽
421426,,421426,黑炎龙
421432,,421432,超级悟天
421434,,421434,超级悟焰
421440,,421440,佐罗门
421442,,421442,卡卡修
421450,,421450,千年瑞兽
421467,,421467,火星诺
421469,,421469,水星诺
421471,,421471,数码星诺
421473,,421473,圣灵星诺
421479,,421479,苍穹圣龙
421481,,421481,木星诺
421483,,421483,机械星诺
421491,,421491,电星诺
421493,,421493,冰星诺
421501,,421501,太阳星诺
421503,,421503,月亮星诺
421514,,421514,战魂猛犸
421528,,421528,疾影侠
421530,,421530,啸天侠
421541,,421541,魔戒邪灵
421567,,421567,鹰眼
421577,,421577,王者蒙奇
421590,,421590,阿尔法
421594,,421594,奥萝
421605,,421605,曹操
421645,,421645,圣盾
421647,,421647,洛萨特
421651,,421651,路威杰
421662,,421662,圣盾奇凌王
421678,,421678,凌霸
421680,,421680,帝刃
421693,,421693,狂雷战将
421697,,421697,猎空
421703,,421703,暴雪战将
421705,,421705,疾风终结者
421714,,421714,霸羽灵者
421736,,421736,幻象格杀者
422394,,422394,乾坤离火妖
422400,,422400,乾坤离火妖
422437,,422437,乾坤离火妖
422440,,422440,乾坤离火妖
422577,,422577,乾坤离火妖
422603,,422603,乾坤离火妖
422646,,422646,乾坤离火妖
422823,,422823,乾坤离火妖
422854,,422854,乾坤离火妖
423201,,423201,乾坤离火妖
423202,,423202,乾坤离火妖
423203,,423203,乾坤离火妖
423259,,423259,乾坤离火妖
423265,,423265,乾坤离火妖
423388,,423388,乾坤坎水妖
423436,,423436,乾坤离火妖
423446,,423446,乾坤离火妖
423497,,423497,乾坤离火妖
423509,,423509,[地龙神]摩罗迦
423523,,423523,[绝地求生]枪神王
423576,,423576,[天下第一龙]龍
423577,,423577,[玄音神]乾达婆
423606,,423606,乾坤坎水妖
423958,,423958,神之审判·白天使王
423959,,423959,魔之禁锢·黑天使王
424030,,424030,太极生两仪·东皇太一
424031,,424031,荒宇生无极·东皇太一
424036,,424036,未来计划·黯帝修罗
424037,,424037,未来计划·暴君凯撒
424041,,424041,源水风暴·梅卡
424043,,424043,未来计划·嗜血狼王
424048,,424048,未来计划·噬魂夜王
424057,,424057,未来计划·神秘战无炎
424066,,424066,未来计划·大妖神武月
424127,,424127,GOD·无冕之王
424193,,424193,彼岸永望·孟婆
424256,,424256,崩坏·天使王
424305,,424305,华夏始祖·轩辕
424306,,424306,救世天幕·传说时空王
424307,,424307,百药先祖·神农
424308,,424308,育灵天地间·王者女娲
424335,,424335,权御万界·天帝昊天
424337,,424337,恶业轮回·魔君夜渊
424353,,424353,应天·源
424374,,424374,绝对水域·王者梅卡
424391,,424391,冥夜瞬影·王者黑翼王
424396,,424396,武绝凌天·传说貘
424398,,424398,巨神撼世·骸
424457,,424457,深渊意志·拉莱耶
424464,,424464,深渊の呼唤·克希拉
424484,,424484,暗物质创世母神·提亚玛特
424495,,424495,命运福音·亚当
424496,,424496,天国恩光·天使王
424497,,424497,逆转未来·光明英雄
424541,,424541,咏春意千秋魂·奇灵王
424545,,424545,至诚之心·卡亚
424552,,424552,万古龙魂·龍
424584,,424584,天道秩序之尊·乾坤
424592,,424592,深渊の凝视·SP奈亚
424643,,424643,虚空权能之神·格劳孔
424674,,424674,剑挽沧溟·梅卡
424741,,424741,太极化万象·东皇太一
424867,,424867,木之精灵王-可兰
424868,,424868,净化之光-拉克丝
424869,,424869,梦幻之光-罗塔纱
424870,,424870,水之精灵王-梅卡
424872,,424872,火之精灵王-菲尔
424875,,424875,守护之光-米垭
424882,,424882,繁星余迹-路西法
424891,,424891,怒海狂潮-金刚库巴
424920,,424920,圣宇星轨时扉之光-羲和
424955,,424955,凛冬之意-瓦格纳
424959,,424959,三位一体-至尊精灵王
425030,,425030,破虚空衍群龙-龙母
425042,,425042,圣树临辉光暗双耀-奇灵王
425050,,425050,春晖神女-可兰
425055,,425055,天国守护者-白天使王
425074,,425074,睥睨众臣-女帝
425082,,425082,深渊之契-绮美拉
425087,,425087,武绝凌天-貘
425136,,425136,万王天谕-圣王麒麟
425142,,425142,圣魂觉醒-伊撒尔
425154,,425154,圣铃妙音众识浮沉-阿赖耶识
425162,,425162,真炎神君-菲尔
425163,,425163,傲凡尘启仙灵-女娲
425171,,425171,伊甸园的余晖-亚当
425182,,425182,源水风暴-梅卡
425214,,425214,绝望噬影-尼德霍格
425241,,425241,炽天炎境-上古龙女
425247,,425247,天道秩序诸界主宰-乾坤
425265,,425265,永恒炽阳-神阿波罗
425291,,425291,原初骑士-洛兰
425314,,425314,青山沐日天地无疆-盘古
425330,,425330,诺言之神-星诺玛
425332,,425332,金翅神羽-迦楼罗
425336,,425336,群星守护寰宇光辉-神银河
425402,,425402,断海沧澜-龙太子
425439,,425439,噬界傀人-赫耳墨斯
425467,,425467,灵骸烬染之潮-夜樱
425474,,425474,浮游天地乘风去-逍遥
425488,,425488,黑翎之妄朽界之暗-梵天
425764,,425764,大荒共主-天帝昊天
430087,,430087,冰拳艾司
430096,,430096,金刚库巴
430099,,430099,火花龙
430111,,430111,战无炎
430195,,430195,影刃
430317,,430317,天使莱特
430418,,430418,山脉之魂
430493,,430493,年兽
430577,,430577,飞云骑
430589,,430589,雷角兽
430601,,430601,拉格纳罗斯
430665,,430665,天之巨灵
430768,,430768,超钢灵骑
430782,,430782,怒风侠
430794,,430794,奇灵王
430899,,430899,冰铠力士
430903,,430903,震地巨兽
430931,,430931,赵云
430955,,430955,张飞
430976,,430976,诸葛亮
431058,,431058,重炮龙龟
431159,,431159,极冰海牙
431220,,431220,利爪格非
431240,,431240,乐天
431282,,431282,施瓦辛格
431296,,431296,幻炎
431403,,431403,暗影兽
431414,,431414,九尾冰狐
431426,,431426,黑炎龙
431432,,431432,超级悟天
431436,,431436,武斗兽
431471,,431471,数码星诺
431489,,431489,帅气牛仔
431496,,431496,震天金刚
431501,,431501,太阳星诺
431505,,431505,巨炮高达
431528,,431528,疾影侠
431530,,431530,啸天侠
431559,,431559,狂暴斑比
431577,,431577,王者蒙奇
431581,,431581,鲍勃萨
431605,,431605,曹操
431619,,431619,巨角剑龙
431639,,431639,圣光修罗
431647,,431647,洛萨特
431657,,431657,费希特
431697,,431697,猎空
431706,,431706,暗影凯撒
431714,,431714,霸羽灵者
431734,,431734,刚铎
432394,,432394,乾坤巽风妖
432400,,432400,乾坤巽风妖
432437,,432437,乾坤巽风妖
432440,,432440,乾坤巽风妖
432526,,432526,乾坤巽风妖
432577,,432577,乾坤巽风妖
432603,,432603,乾坤巽风妖
432646,,432646,乾坤巽风妖
432823,,432823,乾坤巽风妖
432854,,432854,乾坤巽风妖
433201,,433201,乾坤巽风妖
433202,,433202,乾坤巽风妖
433203,,433203,乾坤巽风妖
433259,,433259,乾坤巽风妖
433265,,433265,乾坤巽风妖
433388,,433388,乾坤离火妖
433436,,433436,乾坤巽风妖
433446,,433446,乾坤巽风妖
433497,,433497,乾坤巽风妖
433606,,433606,乾坤离火妖
433625,,433625,[无敌斗尊]龙皇辉斗
433683,,433683,[天焰至尊]王者菲尔
433684,,433684,[天蓬元帅]猪八戒
433739,,433739,[空间羁绊]超维圣天伊
433743,,433743,[唯我独尊]超维帝皇龙
433975,,433975,万世龙尊·帝皇龙
433991,,433991,圣光守护·超时空王
433999,,433999,第一真祖·黑翼王
434036,,434036,未来计划·黯帝修罗
434037,,434037,未来计划·暴君凯撒
434043,,434043,未来计划·嗜血狼王
434048,,434048,未来计划·噬魂夜王
434050,,434050,破虚空衍群龙·龙母
434056,,434056,命运交响·亚当
434057,,434057,未来计划·神秘战无炎
434061,,434061,混元合一·奇灵王
434066,,434066,未来计划·大妖神武月
434070,,434070,造自然耀万物·盖亚
434074,,434074,末法斩业·迦楼罗
434075,,434075,光明之神·阿波罗
434092,,434092,真理之门·无冕之王
434127,,434127,GOD·无冕之王
434129,,434129,英霸之气·诸葛亮
434141,,434141,驭灵度众生·SP通灵王
434151,,434151,诸神至高王座·王者奥丁大帝
434175,,434175,第二真祖·SP露易丝
434196,,434196,菩提本无树·SP瑠璃
434246,,434246,魔神·以撒
434308,,434308,育灵天地间·王者女娲
434398,,434398,巨神撼世·骸
434427,,434427,破晓棋局·无冕之王
434514,,434514,夺命魔弹·枪神王
434517,,434517,众生自然之灵·盖亚
434525,,434525,无垢幻境·白皇星焰
434528,,434528,红颜傲骨·穆桂英
434530,,434530,燃愿之念·温妮
434592,,434592,深渊の凝视·SP奈亚
434668,,434668,冥道蚀骨·阿修罗
434709,,434709,纯白之羽·米迦勒
434710,,434710,漆黑之翼·路西法
434715,,434715,魈鬼破势·白夜叉
434736,,434736,不染尘·瑠璃
434767,,434767,轮回誓约·无冕之王
434852,,434852,自然造物之柱·王者盖亚
434867,,434867,木之精灵王-可兰
434868,,434868,净化之光-拉克丝
434869,,434869,梦幻之光-罗塔纱
434870,,434870,水之精灵王-梅卡
434872,,434872,火之精灵王-菲尔
434875,,434875,守护之光-米垭
434882,,434882,繁星余迹-路西法
434891,,434891,怒海狂潮-金刚库巴
434960,,434960,卷帘大将-沙悟净
434977,,434977,千山落樱之辉-夜樱
434995,,434995,源星之归引-上古星龙
435007,,435007,永劫破灭混沌至尊-卡奥斯
435025,,435025,星轨圣裁之回响-羲和
435030,,435030,破虚空衍群龙-龙母
435042,,435042,圣树临辉光暗双耀-奇灵王
435055,,435055,天国守护者-白天使王
435074,,435074,睥睨众臣-女帝
435082,,435082,深渊之契-绮美拉
435087,,435087,武绝凌天-貘
435111,,435111,无垠-愚者
435112,,435112,陨灭-世界
435142,,435142,圣魂觉醒-伊撒尔
435154,,435154,圣铃妙音众识浮沉-阿赖耶识
435163,,435163,傲凡尘启仙灵-女娲
435171,,435171,伊甸园的余晖-亚当
435196,,435196,造自然耀万物-盖亚
435214,,435214,绝望噬影-尼德霍格
435241,,435241,炽天炎境-上古龙女
435247,,435247,天道秩序诸界主宰-乾坤
435265,,435265,永恒炽阳-神阿波罗
435291,,435291,原初骑士-洛兰
435314,,435314,青山沐日天地无疆-盘古
435330,,435330,诺言之神-星诺玛
435332,,435332,金翅神羽-迦楼罗
435336,,435336,群星守护寰宇光辉-神银河
435402,,435402,断海沧澜-龙太子
435439,,435439,噬界傀人-赫耳墨斯
435467,,435467,灵骸烬染之潮-夜樱
435474,,435474,浮游天地乘风去-逍遥
435488,,435488,黑翎之妄朽界之暗-梵天
435764,,435764,大荒共主-天帝昊天
440078,,440078,铁甲卫士
440102,,440102,合金猛将
440123,,440123,机甲勇士
440141,,440141,音速先锋
440174,,440174,赤炎战斗龙
440186,,440186,鲁纳比克
440328,,440328,SR战士
440329,,440329,强袭SR
440386,,440386,冲锋蘑菇炮
440398,,440398,托马斯
440545,,440545,金甲龙兽
440633,,440633,极速威锋
440656,,440656,铠甲独角兽
440685,,440685,巨镰螳螂
440768,,440768,超钢灵骑
440778,,440778,红莲
440785,,440785,银盾卫士
440801,,440801,贝贝龙
440807,,440807,苍蓝
440836,,440836,兰亚斯特
440852,,440852,碎风
440887,,440887,凌云
440922,,440922,寒霜
440958,,440958,嘉嘉龙王
440967,,440967,巨岩
441084,,441084,战武巨神
441093,,441093,斗神
441142,,441142,幻灵
441193,,441193,零宇
441225,,441225,刘备
441230,,441230,雷泽
441272,,441272,地裂
441296,,441296,幻炎
441298,,441298,幻流
441300,,441300,幻雷
441307,,441307,幻光
441309,,441309,幻冥
441318,,441318,圣光
441328,,441328,幻极
441350,,441350,赤翼魔龙王
441356,,441356,飞羽龙
441426,,441426,黑炎龙
441483,,441483,机械星诺
441573,,441573,钢炮奥斯卡
441590,,441590,阿尔法
441619,,441619,巨角剑龙
441664,,441664,锐角战士
441697,,441697,猎空
441713,,441713,NO.14
441784,,441784,NO.13
441841,,441841,克里亚斯
442107,,442107,圣域·幻极
442394,,442394,兑泽震雷妖
442400,,442400,兑泽震雷妖
442437,,442437,兑泽震雷妖
442440,,442440,兑泽震雷妖
442526,,442526,兑泽震雷妖
442577,,442577,兑泽震雷妖
442603,,442603,兑泽震雷妖
442646,,442646,兑泽震雷妖
442823,,442823,兑泽震雷妖
442854,,442854,兑泽震雷妖
443201,,443201,兑泽震雷妖
443202,,443202,兑泽震雷妖
443203,,443203,兑泽震雷妖
443259,,443259,兑泽震雷妖
443265,,443265,兑泽震雷妖
443388,,443388,乾坤巽风妖
443416,,443416,[阴阳总帅]晴明
443418,,443418,[神之九尾]玉藻皇（式神）
443419,,443419,[远古大妖]大天狗（式神）
443420,,443420,[鬼族之王]酒吞龙泉（式神）
443421,,443421,[破坏神]须佐之男（式神）
443436,,443436,兑泽震雷妖
443446,,443446,兑泽震雷妖
443453,,443453,[众灵始初]通灵王
443458,,443458,[逢魔之约]阴阳（圣灵）
443459,,443459,[黄泉大神]伊邪那美（圣灵）
443460,,443460,[金翅神]迦楼罗（圣灵）
443461,,443461,[宇宙秩序]毗湿奴（圣灵）
443497,,443497,兑泽震雷妖
443566,,443566,[四象归一]万灵王
443567,,443567,[雷霆之怒]青龙（灵兽）
443568,,443568,[寒冰王座]白虎（灵兽）
443569,,443569,[烈焰红莲]朱雀（灵兽）
443570,,443570,[不动如山]玄武（灵兽）
443606,,443606,乾坤巽风妖
443608,,443608,[星现万物]王者智慧王
443609,,443609,[九重天主]东华帝君
443620,,443620,[时间法则]王者伊撒尔
443621,,443621,[幻召虚空]白皇星焰
443622,,443622,[混沌之镜]幻尊星瞬
443641,,443641,[御日月缔时光]羲和
443646,,443646,[天启之光]通灵梵天
443647,,443647,[幻召虚空]白皇星焰（四皇）
443648,,443648,[无敌斗尊]龙皇辉斗（四皇）
443649,,443649,[不死传说]雀皇紫辰（四皇）
443650,,443650,[元素审判]玄皇耀凌（四皇）
443655,,443655,[八部天龙]龙太子
443656,,443656,[天命七星]神兵圣王
443657,,443657,[伍心开阳]姬如意（神兵）
443658,,443658,[玉衡金仙]灵天释（神兵）
443659,,443659,[天玑天璇]重楼（神兵）
443660,,443660,[执掌天权]御渊（神兵）
443661,,443661,[万界天枢]紫璇（神兵）
443664,,443664,[神爱世人]王者天使王
443668,,443668,[王启诸灵]王者通灵王
443675,,443675,[破轮回斩因果]帝俊
443683,,443683,[天焰至尊]王者菲尔
443693,,443693,[五虎龙震天]王者赵云
443697,,443697,[月亮女神]阿尔忒弥斯
443719,,443719,[蜀汉天尊]刘备
443720,,443720,[五虎鹏偃月]关羽（五虎）
443721,,443721,[五虎蛇吞海]张飞（五虎）
443722,,443722,[五虎龙震天]王者赵云（五虎）
443723,,443723,[五虎凤燎原]马超（五虎）
443724,,443724,[五虎鹰击空]黄忠（五虎）
443744,,443744,[将进酒]王者李白
443746,,443746,[龙族起源]龙母
443754,,443754,[万物生辉]王者可兰
443777,,443777,[人族起源]女娲
443781,,443781,[亚特兰蒂斯]通灵亚当
443782,,443782,[睡美人]夏娃（救世主）
443783,,443783,[绝界剑主]苏铁（救世主）
443784,,443784,[无尽神兵]银（救世主）
443785,,443785,[黑客帝国]诺亚（救世主）
443786,,443786,[悬顶之剑]该隐（救世主）
443791,,443791,[万冥天罪]王者哈迪斯
443800,,443800,[无界无序无限]时空王
443801,,443801,[皆为序曲]过去之神（诸神）
443802,,443802,[皆是虚妄]现在之神（诸神）
443803,,443803,[皆有可能]未来之神（诸神）
444092,,444092,真理之门·无冕之王
444427,,444427,破晓棋局·无冕之王
444767,,444767,轮回誓约·无冕之王
444867,,444867,木之精灵王-可兰
444868,,444868,净化之光-拉克丝
444869,,444869,梦幻之光-罗塔纱
444870,,444870,水之精灵王-梅卡
444872,,444872,火之精灵王-菲尔
444875,,444875,守护之光-米垭
444882,,444882,繁星余迹-路西法
444891,,444891,木桩
444921,,444921,GOD-无冕之王
444922,,444922,GOD-无冕之王
444940,,444940,齐天大圣-孙悟空
444959,,444959,三位一体-至尊精灵王
445026,,445026,雅克守护者-神罗麦提
445030,,445030,破虚空衍群龙-龙母
445055,,445055,天国守护者-白天使王
445056,,445056,黑暗之翼-黑天使王
445074,,445074,睥睨众臣-女帝
445082,,445082,深渊之契-绮美拉
445083,,445083,绝影蚀月-黑翼王
445084,,445084,幽冥千炼-鬼墨无忧
445087,,445087,武绝凌天-貘
445093,,445093,棋临无间-无冕之王
445124,,445124,鸣劫制裁-雷霆青龙
445137,,445137,天地惊弦-六龙圣王
445142,,445142,圣魂觉醒-伊撒尔
445163,,445163,傲凡尘启仙灵-女娲
445166,,445166,庇天之白翼-修罗
445171,,445171,伊甸园的余晖-亚当
445199,,445199,自然恩赐-薇薇安
445207,,445207,地狱天使-纳菲利姆
445214,,445214,绝望噬影-尼德霍格
445240,,445240,霜寒冰域-上古龙女
445241,,445241,炽天炎境-上古龙女
445247,,445247,天道秩序诸界主宰-乾坤
445248,,445248,花醉风清-洛洛离
445265,,445265,永恒炽阳-神阿波罗
445291,,445291,原初骑士-洛兰
445301,,445301,长夜墟渊-烛龙
445307,,445307,浮士德-归零者
445314,,445314,青山沐日天地无疆-盘古
445330,,445330,诺言之神-星诺玛
445332,,445332,金翅神羽-迦楼罗
445336,,445336,群星守护寰宇光辉-神银河
445400,,445400,审神律理-无冕之王
445402,,445402,断海沧澜-龙太子
445439,,445439,噬界傀人-赫耳墨斯
445467,,445467,灵骸烬染之潮-夜樱
445474,,445474,浮游天地乘风去-逍遥
445488,,445488,黑翎之妄朽界之暗-梵天
445764,,445764,大荒共主-天帝昊天
450087,,450087,冰拳艾司
450201,,450201,轰天雷
450589,,450589,雷角兽
450804,,450804,战神兜兜
450905,,450905,冰爆巨兽
450955,,450955,张飞
450995,,450995,翡冷翠
451173,,451173,火焰欧羊
451232,,451232,鲁曼
451414,,451414,九尾冰狐
451434,,451434,超级悟焰
451493,,451493,冰星诺
451496,,451496,震天金刚
451526,,451526,雷钢侠
451577,,451577,王者蒙奇
451586,,451586,旋风桑吉
451594,,451594,奥萝
451676,,451676,紫钻晶侠
451689,,451689,斗炼武士
451821,,451821,冰晶圣兽
451852,,451852,赫提
451952,,451952,阿克蒙
451954,,451954,龙蛋蛋
452394,,452394,兑泽坎水妖
452400,,452400,兑泽坎水妖
452437,,452437,兑泽坎水妖
452440,,452440,兑泽坎水妖
452526,,452526,兑泽坎水妖
452577,,452577,兑泽坎水妖
452603,,452603,兑泽坎水妖
452646,,452646,兑泽坎水妖
452823,,452823,兑泽坎水妖
452854,,452854,兑泽坎水妖
453201,,453201,兑泽坎水妖
453202,,453202,兑泽坎水妖
453203,,453203,兑泽坎水妖
453259,,453259,兑泽坎水妖
453265,,453265,兑泽坎水妖
453388,,453388,兑泽震雷妖
453396,,453396,[诸神之父]奥丁大帝
453413,,453413,[扶桑大神]伊邪那岐
453414,,453414,[黄泉大神]伊邪那美
453436,,453436,兑泽坎水妖
453446,,453446,兑泽坎水妖
453497,,453497,兑泽坎水妖
453606,,453606,兑泽震雷妖
453876,,453876,[豆蔻年华]绝界弗丽嘉
453941,,453941,宇之终始星之诞灭·银河
453968,,453968,星轨圣裁之回响·羲和
454036,,454036,未来计划·黯帝修罗
454037,,454037,未来计划·暴君凯撒
454043,,454043,未来计划·嗜血狼王
454048,,454048,未来计划·噬魂夜王
454057,,454057,未来计划·神秘战无炎
454066,,454066,未来计划·大妖神武月
454166,,454166,伐天堕神·刑天
454174,,454174,十殿阎罗·地藏王
454175,,454175,第二真祖·SP露易丝
454191,,454191,终极未来计划·王牌战队
454199,,454199,乱世英豪·吕布
454200,,454200,一曲相思意·貂蝉
454229,,454229,生命礼赞·可兰
454233,,454233,零阶·愚者
454248,,454248,星轨圣裁之回响·传说羲和
454256,,454256,崩坏·天使王
454259,,454259,群星璀璨穹宇之巅·银河
454294,,454294,三皇圣祖·伏羲
454295,,454295,逆天·孙悟空
454342,,454342,梵音净心·乾达婆
454406,,454406,地龙天威·摩罗迦
454411,,454411,解构·王者世界
454412,,454412,尔等为臣·女帝
454428,,454428,泰坦巨神王·普罗米修斯
454457,,454457,深渊意志·拉莱耶
454611,,454611,熵寂·愚者
454867,,454867,木之精灵王-可兰
454868,,454868,净化之光-拉克丝
454869,,454869,梦幻之光-罗塔纱
454870,,454870,水之精灵王-梅卡
454872,,454872,火之精灵王-菲尔
454875,,454875,守护之光-米垭
454882,,454882,繁星余迹-路西法
454891,,454891,怒海狂潮-金刚库巴
454977,,454977,千山落樱之辉-夜樱
455030,,455030,破虚空衍群龙-龙母
455038,,455038,斐灵之心-皮塔
455042,,455042,圣树临辉光暗双耀-奇灵王
455055,,455055,天国守护者-白天使王
455074,,455074,睥睨众臣-女帝
455082,,455082,深渊之契-绮美拉
455087,,455087,武绝凌天-貘
455136,,455136,万王天谕-圣王麒麟
455142,,455142,圣魂觉醒-伊撒尔
455152,,455152,极乐欲界天魔主-波旬
455163,,455163,傲凡尘启仙灵-女娲
455164,,455164,妙笔创生绘世-女娲
455171,,455171,伊甸园的余晖-亚当
455174,,455174,超越纪元的新生-海蒂拉玛
455197,,455197,荒秽堕墟-阿波菲斯
455206,,455206,始祖大天使-尼斯洛克
455214,,455214,绝望噬影-尼德霍格
455217,,455217,神兽尊主-苍穹圣龙
455235,,455235,瞰世之棘-亘古树灵
455241,,455241,炽天炎境-上古龙女
455247,,455247,天道秩序诸界主宰-乾坤
455258,,455258,魔神再临-以撒
455265,,455265,永恒炽阳-神阿波罗
455291,,455291,原初骑士-洛兰
455301,,455301,长夜墟渊-烛龙
455310,,455310,幻海奇迹-水星诺
455314,,455314,青山沐日天地无疆-盘古
455329,,455329,烈焰奇迹-火星诺
455330,,455330,诺言之神-星诺玛
455332,,455332,金翅神羽-迦楼罗
455336,,455336,群星守护寰宇光辉-神银河
455353,,455353,诸天神通-帝释天
455364,,455364,混沌始源万物终湮-卡奥斯
455431,,455431,九柱神临缔世碑火-阿蒙王
455439,,455439,噬界傀人-赫耳墨斯
455467,,455467,灵骸烬染之潮-夜樱
455488,,455488,黑翎之妄朽界之暗-梵天
455764,,455764,大荒共主-天帝昊天
460105,,460105,神武月
460111,,460111,战无炎
460174,,460174,赤炎战斗龙
460177,,460177,骰子大王
460180,,460180,夜一
460183,,460183,海马剑士
460198,,460198,卡布罗格
460207,,460207,赤火野猪
460209,,460209,花冠公主
460278,,460278,烈焰鸟
460388,,460388,玄武灵兽
460408,,460408,青翼绿龙
460493,,460493,年兽
460505,,460505,寒冰公主
460577,,460577,飞云骑
460624,,460624,白虎灵兽
460731,,460731,修罗
460741,,460741,朱雀灵兽
460780,,460780,天辉侠
460781,,460781,爆裂侠
460819,,460819,天女若希
460901,,460901,星宇侠
460903,,460903,震地巨兽
460905,,460905,冰爆巨兽
460946,,460946,紫渊
460948,,460948,刑风
460973,,460973,红魔
461086,,461086,绿焰
461122,,461122,狼王迪洛斯
461124,,461124,夜王狄米特
461134,,461134,白羽公主
461159,,461159,极冰海牙
461170,,461170,夜兰
461225,,461225,刘备
461234,,461234,拉诺斯
461274,,461274,岩战
461282,,461282,施瓦辛格
461291,,461291,塞娅
461309,,461309,幻冥
461328,,461328,幻极
461336,,461336,波塞冬
461347,,461347,魔洛
461350,,461350,赤翼魔龙王
461380,,461380,金刚虎王
461381,,461381,炫光龙法师
461423,,461423,噬月武神
461426,,461426,黑炎龙
461432,,461432,超级悟天
461434,,461434,超级悟焰
461440,,461440,佐罗门
461442,,461442,卡卡修
461450,,461450,千年瑞兽
461461,,461461,苍炎战神
461471,,461471,数码星诺
461473,,461473,圣灵星诺
461479,,461479,苍穹圣龙
461514,,461514,战魂猛犸
461528,,461528,疾影侠
461530,,461530,啸天侠
461541,,461541,魔戒邪灵
461567,,461567,鹰眼
461590,,461590,阿尔法
461605,,461605,曹操
461639,,461639,圣光修罗
461645,,461645,圣盾
461647,,461647,洛萨特
461678,,461678,凌霸
461680,,461680,帝刃
461693,,461693,狂雷战将
461697,,461697,猎空
461703,,461703,暴雪战将
461705,,461705,疾风终结者
461706,,461706,暗影凯撒
461714,,461714,霸羽灵者
461736,,461736,幻象格杀者
461749,,461749,雷霆青龙
461752,,461752,惊涛玄武
461806,,461806,冥焰夜王
461861,,461861,龙刃
461905,,461905,君焰狼王
461963,,461963,噬星白虎
461964,,461964,狂战暗影兽
461975,,461975,飓焰朱雀
462006,,462006,斗焰吉拉
462010,,462010,皇极兔
462011,,462011,圣渊露龙
462394,,462394,兑泽离火妖
462400,,462400,兑泽离火妖
462437,,462437,兑泽离火妖
462440,,462440,兑泽离火妖
462526,,462526,兑泽离火妖
462577,,462577,兑泽离火妖
462603,,462603,兑泽离火妖
462646,,462646,兑泽离火妖
462823,,462823,兑泽离火妖
462854,,462854,兑泽离火妖
463201,,463201,兑泽离火妖
463202,,463202,兑泽离火妖
463203,,463203,兑泽离火妖
463259,,463259,兑泽离火妖
463265,,463265,兑泽离火妖
463388,,463388,兑泽坎水妖
463436,,463436,兑泽离火妖
463446,,463446,兑泽离火妖
463497,,463497,兑泽离火妖
463507,,463507,[世界蛇]耶梦加得
463606,,463606,兑泽坎水妖
463763,,463763,[御龙诀]超维孙悟空
463776,,463776,[天地起源]超维盘古
463907,,463907,[绝望龙神]尼德霍格
463990,,463990,无烬噩梦·伊撒尔
464036,,464036,未来计划·黯帝修罗
464037,,464037,未来计划·暴君凯撒
464043,,464043,未来计划·嗜血狼王
464047,,464047,须弥天帝·帝释天
464048,,464048,未来计划·噬魂夜王
464050,,464050,破虚空衍群龙·龙母
464057,,464057,未来计划·神秘战无炎
464066,,464066,未来计划·大妖神武月
464174,,464174,十殿阎罗·地藏王
464199,,464199,乱世英豪·吕布
464200,,464200,一曲相思意·貂蝉
464206,,464206,吾即太阳·阿波罗
464207,,464207,月冕之曜·阿尔忒弥斯
464246,,464246,魔神·以撒
464290,,464290,枭影暗香来·孙尚香
464294,,464294,三皇圣祖·伏羲
464296,,464296,斗战胜佛·传说孙悟空
464335,,464335,权御万界·天帝昊天
464342,,464342,梵音净心·乾达婆
464363,,464363,希望龙神·厄尔庇斯
464431,,464431,至高冠冕之谕·真理之后
464463,,464463,轮回の终焉·奈亚
464464,,464464,深渊の呼唤·克希拉
464528,,464528,红颜傲骨·穆桂英
464575,,464575,无量乐土·末那
464645,,464645,剑舞轻别离·孙尚香
464867,,464867,木之精灵王-可兰
464868,,464868,净化之光-拉克丝
464869,,464869,梦幻之光-罗塔纱
464870,,464870,水之精灵王-梅卡
464872,,464872,火之精灵王-菲尔
464875,,464875,守护之光-米垭
464882,,464882,繁星余迹-路西法
464891,,464891,怒海狂潮-金刚库巴
464898,,464898,永恒源晶裁决之龙-阿卜苏
465030,,465030,破虚空衍群龙-龙母
465042,,465042,圣树临辉光暗双耀-奇灵王
465055,,465055,天国守护者-白天使王
465074,,465074,睥睨众臣-女帝
465082,,465082,深渊之契-绮美拉
465087,,465087,武绝凌天-貘
465142,,465142,圣魂觉醒-伊撒尔
465163,,465163,傲凡尘启仙灵-女娲
465171,,465171,伊甸园的余晖-亚当
465214,,465214,绝望噬影-尼德霍格
465241,,465241,炽天炎境-上古龙女
465247,,465247,天道秩序诸界主宰-乾坤
465248,,465248,花醉风清-洛洛离
465253,,465253,爱与美的赞歌-维纳斯
465254,,465254,大道无名-天命王
465257,,465257,天穹苍翼-圣修暗凯帝
465258,,465258,魔神再临-以撒
465262,,465262,冰与火之舞-炽寒天凤
465263,,465263,逆律之触-伊西斯
465265,,465265,永恒炽阳-神阿波罗
465272,,465272,创世织梦之眷-赫耳墨斯
465281,,465281,九霄帝姬-巫山神女
465283,,465283,炎刃燎原-赤霄
465289,,465289,破晓圣光-白羽公主
465291,,465291,原初骑士-洛兰
465293,,465293,横扫三界-孙悟空
465295,,465295,永夜之主-夜王
465299,,465299,幻世镜梦-谴
465314,,465314,青山沐日天地无疆-盘古
465330,,465330,诺言之神-星诺玛
465332,,465332,金翅神羽-迦楼罗
465336,,465336,群星守护寰宇光辉-神银河
465339,,465339,魂之缚-奇诺
465422,,465422,无始无明之境-阿赖耶识
465427,,465427,寒夜破晓之刃-使者
465431,,465431,九柱神临缔世碑火-阿蒙王
465439,,465439,噬界傀人-赫耳墨斯
465450,,465450,圣裁座天使-奥菲妮
465452,,465452,永恒圣穹焚罪终裁-阿卜苏
465458,,465458,圣律智天使-姬露比
465467,,465467,灵骸烬染之潮-夜樱
465488,,465488,黑翎之妄朽界之暗-梵天
465764,,465764,大荒共主-天帝昊天
470010,,470010,朵朵兔
470019,,470019,半沙之子
470022,,470022,小花苞
470034,,470034,小石怪
470040,,470040,小角虫
470043,,470043,小冰犬
470058,,470058,扭扭
470061,,470061,库多兽
470070,,470070,斯多鼠
470087,,470087,冰拳艾司
470090,,470090,沙麒麟
470093,,470093,木面侠
470096,,470096,金刚库巴
470099,,470099,火花龙
470102,,470102,合金猛将
470136,,470136,毛毛
470142,,470142,冰蓝蓝
470145,,470145,绿叶鹿
470215,,470215,青龙灵兽
470278,,470278,烈焰鸟
470317,,470317,天使莱特
470388,,470388,玄武灵兽
470427,,470427,星光角斗士
470475,,470475,浮云尊者
470506,,470506,烈焰凤凰
470540,,470540,绵绵鱼
470564,,470564,笑脸球球
470624,,470624,白虎灵兽
470639,,470639,满月巨灵
470715,,470715,远古灵龟
470741,,470741,朱雀灵兽
470819,,470819,天女若希
470840,,470840,神罗麦提
470860,,470860,关羽
470865,,470865,超T兔
470955,,470955,张飞
470995,,470995,翡冷翠
471182,,471182,黑皮
471194,,471194,星星蟹
471203,,471203,石苗龟
471225,,471225,刘备
471245,,471245,火刺球
471254,,471254,小草头
471259,,471259,友人契约书
471279,,471279,小泥球
471293,,471293,海螺宝宝
471313,,471313,蟹小拳
471320,,471320,伊泽
471325,,471325,可小乐
471415,,471415,小绿萝
471450,,471450,千年瑞兽
471575,,471575,泰利船长
471616,,471616,剑圣太白
471697,,471697,猎空
471709,,471709,卡西欧
471720,,471720,格里
471722,,471722,新德拉
471730,,471730,幻月兔
471761,,471761,卡尔
471763,,471763,蓝小酷
471765,,471765,数码小狸
471852,,471852,赫提
471905,,471905,君焰狼王
471911,,471911,炽燎天
471938,,471938,冰晶凤凰
471940,,471940,炫光雏菊仙子
471942,,471942,炫光星狸少爷
471964,,471964,狂战暗影兽
471990,,471990,苍耀光圣
471992,,471992,谷谷呼
471994,,471994,天苍霜龙
471999,,471999,创世星灵
472005,,472005,米米呼
472013,,472013,麦麦呼
472020,,472020,无念
472033,,472033,风暴龙
472050,,472050,煌炎战神
472064,,472064,斗士豪达
472066,,472066,盼达博士
472080,,472080,龙·冰罗皇
472082,,472082,剑帝修纳
472098,,472098,傲月武神
472099,,472099,君芒艾恩
472101,,472101,狂狮
472104,,472104,圣·二郎真君
472107,,472107,圣域·幻极
472113,,472113,影武王
472114,,472114,龙·斗罗明王
472131,,472131,圣帝奥天
472140,,472140,魂刃夜王
472149,,472149,圣辉狼王
472150,,472150,万王圣麒麟
472152,,472152,光羽奥奇
472156,,472156,贪狼
472158,,472158,战天威
472161,,472161,神照修罗王
472166,,472166,创圣天奇灵
472173,,472173,巨门
472180,,472180,魂王天使雷米
472184,,472184,禄存
472190,,472190,神焰天使乌利
472194,,472194,圣龙·天伊
472197,,472197,梦之星
472201,,472201,黯天凯撒皇
472204,,472204,白皇星焰
472206,,472206,炽魂帝吉拉
472211,,472211,极·金刚龙神
472213,,472213,文曲
472216,,472216,幻尊星瞬
472218,,472218,极武兔皇
472220,,472220,冰魄灵白虎
472225,,472225,龙皇辉斗
472229,,472229,神谕阿波罗
472231,,472231,御渊露龙王
472234,,472234,凌天霸青龙
472236,,472236,廉贞
472238,,472238,索贝克
472240,,472240,武斗兽魂
472244,,472244,雷焰凤凰
472254,,472254,魄月武皇
472255,,472255,辉月巨灵
472257,,472257,红莲羽朱雀
472260,,472260,雀皇紫辰
472262,,472262,武曲
472271,,472271,起源
472274,,472274,玄皇耀凌
472276,,472276,断海流玄武
472278,,472278,瑶光
472280,,472280,真炎战皇
472286,,472286,天尊圣龙
472297,,472297,帝皇真龙
472300,,472300,阿斯兰
472304,,472304,梵天
472306,,472306,幽冥影刃
472309,,472309,乾坤三太子
472319,,472319,六识夜王
472326,,472326,太古炎王
472330,,472330,贝光精灵
472331,,472331,龙·凌风
472335,,472335,零夜战骑
472343,,472343,太古冰罗皇
472348,,472348,贝光湖神
472350,,472350,太古帝卡
472352,,472352,御圣·天麟
472358,,472358,太古明王
472368,,472368,赤霄狼王
472383,,472383,辉月战骑
472394,,472394,兑泽巽风妖
472400,,472400,兑泽巽风妖
472437,,472437,兑泽巽风妖
472440,,472440,兑泽巽风妖
472526,,472526,兑泽巽风妖
472577,,472577,兑泽巽风妖
472603,,472603,兑泽巽风妖
472646,,472646,兑泽巽风妖
472823,,472823,兑泽巽风妖
472854,,472854,兑泽巽风妖
472905,,472905,君焰狼王
473201,,473201,兑泽巽风妖
473202,,473202,兑泽巽风妖
473203,,473203,兑泽巽风妖
473259,,473259,兑泽巽风妖
473265,,473265,兑泽巽风妖
473388,,473388,兑泽离火妖
473436,,473436,兑泽巽风妖
473446,,473446,兑泽巽风妖
473497,,473497,兑泽巽风妖
473507,,473507,[世界蛇]耶梦加得
473606,,473606,兑泽离火妖
473763,,473763,[御龙诀]超维孙悟空
473776,,473776,[天地起源]超维盘古
473907,,473907,[绝望龙神]尼德霍格
473983,,473983,开天地创净土·盘古
473990,,473990,无烬噩梦·伊撒尔
474008,,474008,主天道御天下·乾坤
474036,,474036,未来计划·黯帝修罗
474037,,474037,未来计划·暴君凯撒
474043,,474043,未来计划·嗜血狼王
474047,,474047,须弥天帝·帝释天
474048,,474048,未来计划·噬魂夜王
474050,,474050,破虚空衍群龙·龙母
474057,,474057,未来计划·神秘战无炎
474066,,474066,未来计划·大妖神武月
474179,,474179,众神の意志·王者宙斯
474206,,474206,吾即太阳·阿波罗
474207,,474207,月冕之曜·阿尔忒弥斯
474246,,474246,魔神·以撒
474294,,474294,三皇圣祖·伏羲
474296,,474296,斗战胜佛·传说孙悟空
474308,,474308,育灵天地间·王者女娲
474335,,474335,权御万界·天帝昊天
474342,,474342,梵音净心·乾达婆
474363,,474363,希望龙神·厄尔庇斯
474424,,474424,清辉朗月·王者望舒
474431,,474431,至高冠冕之谕·真理之后
474463,,474463,轮回の终焉·奈亚
474464,,474464,深渊の呼唤·克希拉
474654,,474654,天地开辟诸界降诞·盘古
474659,,474659,轻云敝月众生随·女娲
474867,,474867,木之精灵王-可兰
474868,,474868,净化之光-拉克丝
474869,,474869,梦幻之光-罗塔纱
474870,,474870,水之精灵王-梅卡
474872,,474872,火之精灵王-菲尔
474875,,474875,守护之光-米垭
474882,,474882,繁星余迹-路西法
474898,,474898,永恒源晶裁决之龙-阿卜苏
474900,,474900,灵魂使徒-卡莉
474928,,474928,天地与我竞自由-逍遥
474957,,474957,剑影抚落忆-孙尚香
474995,,474995,源星之归引-上古星龙
475026,,475026,雅克守护者-神罗麦提
475030,,475030,破虚空衍群龙-龙母
475038,,475038,斐灵之心-皮塔
475042,,475042,圣树临辉光暗双耀-奇灵王
475055,,475055,天国守护者-白天使王
475074,,475074,睥睨众臣-女帝
475082,,475082,深渊之契-绮美拉
475087,,475087,武绝凌天-貘
475112,,475112,陨灭-世界
475121,,475121,混沌恩赐-厄瑞玻斯
475132,,475132,荒炎焚天-飓焰朱雀
475136,,475136,万王天谕-圣王麒麟
475142,,475142,圣魂觉醒-伊撒尔
475166,,475166,庇天之白翼-修罗
475171,,475171,伊甸园的余晖-亚当
475174,,475174,超越纪元的新生-海蒂拉玛
475196,,475196,造自然耀万物-盖亚
475199,,475199,自然恩赐-薇薇安
475206,,475206,始祖大天使-尼斯洛克
475214,,475214,绝望噬影-尼德霍格
475219,,475219,破天之黑刃-凯撒
475227,,475227,征战之旅-神都王
475236,,475236,余烬初王-洛兰
475241,,475241,炽天炎境-上古龙女
475258,,475258,魔神再临-以撒
475262,,475262,冰与火之舞-炽寒天凤
475265,,475265,永恒炽阳-神阿波罗
475272,,475272,创世织梦之眷-赫耳墨斯
475291,,475291,原初骑士-洛兰
475295,,475295,永夜之主-夜王
475301,,475301,长夜墟渊-烛龙
475303,,475303,赤帝-祝融
475309,,475309,水神-共工
475314,,475314,青山沐日天地无疆-盘古
475316,,475316,梵星音律-乾达婆
475327,,475327,次元守护-伊撒尔
475330,,475330,诺言之神-星诺玛
475332,,475332,金翅神羽-迦楼罗
475336,,475336,群星守护寰宇光辉-神银河
475400,,475400,审神律理-无冕之王
475402,,475402,断海沧澜-龙太子
475438,,475438,墟尽神临之噬-赫耳墨斯
475457,,475457,吾即永恒-阿卜苏
475467,,475467,灵骸烬染之潮-夜樱
475471,,475471,乘清气御阴阳-东皇太一
475474,,475474,浮游天地乘风去-逍遥
475488,,475488,黑翎之妄朽界之暗-梵天
475764,,475764,大荒共主-天帝昊天
480052,,480052,毛毛球
480077,,480077,铁甲盼盼
480137,,480137,嘻哈鸟
480143,,480143,冰雾蓝
480158,,480158,鬼脸仔
480170,,480170,雅妞
480205,,480205,小火猪
480260,,480260,卷角木羊
480281,,480281,飞行魔书
480787,,480787,六芒守卫
480910,,480910,金甲战牛
480915,,480915,泽时
480928,,480928,勇士果果
480940,,480940,骑士浩然
480948,,480948,刑风
480957,,480957,嘉嘉龙太子
481011,,481011,冥一
481015,,481015,假面考拉
481031,,481031,小拳袋鼠
481074,,481074,超电流企鹅
481190,,481190,鬼王
481197,,481197,钱小星
481220,,481220,利爪格非
481234,,481234,拉诺斯
481238,,481238,滑翔阿宝
481282,,481282,施瓦辛格
481336,,481336,波塞冬
481609,,481609,箭鱼士兵
481781,,481781,诺顿子爵
482001,,482001,克劳斯
482387,,482387,上古星龙
482440,,482440,星魔
482449,,482449,雷怒青龙
482455,,482455,滔天白虎
482506,,482506,焚炙朱雀
482514,,482514,龙胆赵云
482515,,482515,泰岳玄武
482524,,482524,灼格
482538,,482538,杰士
482561,,482561,孙悟空
482590,,482590,乾坤修罗神
482611,,482611,天帝龙皇
482617,,482617,荣耀之光
482618,,482618,堕天凯撒帝
482631,,482631,昭烈帝·刘备
482637,,482637,天道无极
482646,,482646,八荒混沌
482650,,482650,龙焰波鲁
482651,,482651,幻刃米奥
482652,,482652,莎莎女王
482719,,482719,玛斯特
482721,,482721,格雷夫
483388,,483388,兑泽巽风妖
483606,,483606,兑泽巽风妖
483925,,483925,星辉少女·小熊座
483926,,483926,辉煌城主·天龙座
483930,,483930,绯红女王·大熊座
483932,,483932,天穹之君·仙王座
483933,,483933,星宇之姬·仙后座
483936,,483936,自由女王·拜伦
483937,,483937,末世樱剑舞·千夏
483942,,483942,光翼缔造者·创世星灵
483943,,483943,撒旦之子·魔域星君
483950,,483950,无双剑意·剑帝修纳
483951,,483951,芳绯初樱·欧若拉
483953,,483953,末世红镰闪·希尔瓦娜斯
483958,,483958,神之审判·白天使王
483959,,483959,魔之禁锢·黑天使王
483960,,483960,花晨月夕·洛羲
483981,,483981,东方灵兽·青龙
483982,,483982,南方灵兽·朱雀
483984,,483984,西方灵兽·白虎
483985,,483985,北方灵兽·玄武
483990,,483990,无烬噩梦·伊撒尔
483991,,483991,圣光守护·超时空王
483999,,483999,第一真祖·黑翼王
484025,,484025,轮回溯梦·伊撒尔
484030,,484030,太极生两仪·东皇太一
484031,,484031,荒宇生无极·东皇太一
484036,,484036,未来计划·黯帝修罗
484037,,484037,未来计划·暴君凯撒
484043,,484043,未来计划·嗜血狼王
484048,,484048,未来计划·噬魂夜王
484050,,484050,破虚空衍群龙·龙母
484057,,484057,未来计划·神秘战无炎
484060,,484060,星辰造世·奇灵王
484061,,484061,混元合一·奇灵王
484115,,484115,通天神威·王者孙悟空
484128,,484128,深渊之主·拉莱耶
484132,,484132,深渊の凝视·奈亚
484138,,484138,星河御月之流辉·望舒
484141,,484141,驭灵度众生·SP通灵王
484151,,484151,诸神至高王座·王者奥丁大帝
484165,,484165,九黎兵主·蚩尤
484186,,484186,游龙回雪·金步摇
484191,,484191,终极未来计划·王牌战队
484193,,484193,彼岸永望·孟婆
484201,,484201,烈焰天辉·菲尔
484203,,484203,不语奈何·知世
484206,,484206,吾即太阳·阿波罗
484207,,484207,月冕之曜·阿尔忒弥斯
484210,,484210,辉耀万世之光·阿波罗
484211,,484211,幽径拾光·达芙妮（神启者）
484212,,484212,幽径拾光·达芙妮
484216,,484216,照世之澜·梅卡
484217,,484217,虚数重构·黛依
484228,,484228,天启新篇·梵天
484245,,484245,裂穹之斩·龙刃
484249,,484249,花晨月夕·传说洛羲
484264,,484264,灰烬熔芯·胜遇
484266,,484266,地隐微澜·小锦鲤
484282,,484282,凰诏天赦·烈焰凤凰
484305,,484305,华夏始祖·轩辕
484310,,484310,云墨苍生·玄霄
484323,,484323,神裁·奥天
484327,,484327,大道独行·SP天命王
484329,,484329,全知·律
484352,,484352,妖相百斩·SP洪荒无极
484353,,484353,应天·源
484356,,484356,群星之怒·上古星龙
484366,,484366,末世幽火悯·赫菲斯托斯
484369,,484369,断罪恕业·白夜叉
484374,,484374,绝对水域·王者梅卡
484396,,484396,武绝凌天·传说貘
484411,,484411,解构·王者世界
484424,,484424,清辉朗月·王者望舒
484867,,484867,木之精灵王-可兰
484868,,484868,净化之光-拉克丝
484869,,484869,梦幻之光-罗塔纱
484870,,484870,水之精灵王-梅卡
484872,,484872,火之精灵王-菲尔
484875,,484875,守护之光-米垭
484882,,484882,繁星余迹-路西法
484916,,484916,陨星-愚者
484940,,484940,齐天大圣-孙悟空
484952,,484952,谪仙剑无双-李白
484959,,484959,三位一体-至尊精灵王
484965,,484965,天道暗御-阴
484969,,484969,天道曜护-阳
484971,,484971,阴阳割昏晓-天道无极
485019,,485019,创灵众生-通灵王
485025,,485025,星轨圣裁之回响-羲和
485030,,485030,破虚空衍群龙-龙母
485042,,485042,圣树临辉光暗双耀-奇灵王
485064,,485064,沧海遗珠-沫夏
485074,,485074,睥睨众臣-女帝
485082,,485082,深渊之契-绮美拉
485083,,485083,绝影蚀月-黑翼王
485087,,485087,武绝凌天-貘
485118,,485118,邃古凌苍-日月战武神
485137,,485137,天地惊弦-六龙圣王
485142,,485142,圣魂觉醒-伊撒尔
485171,,485171,伊甸园的余晖-亚当
485197,,485197,荒秽堕墟-阿波菲斯
485199,,485199,自然恩赐-薇薇安
485214,,485214,绝望噬影-尼德霍格
485241,,485241,炽天炎境-上古龙女
485253,,485253,爱与美的赞歌-维纳斯
485265,,485265,永恒炽阳-神阿波罗
485289,,485289,破晓圣光-白羽公主
485291,,485291,原初骑士-洛兰
485314,,485314,青山沐日天地无疆-盘古
485330,,485330,诺言之神-星诺玛
485332,,485332,金翅神羽-迦楼罗
485336,,485336,群星守护寰宇光辉-神银河
485402,,485402,断海沧澜-龙太子
485439,,485439,噬界傀人-赫耳墨斯
485457,,485457,吾即永恒-阿卜苏
485467,,485467,灵骸烬染之潮-夜樱
485468,,485468,月影映夜斓-夜樱
485482,,485482,坐忘无我化生万象-天道无极
485488,,485488,黑翎之妄朽界之暗-梵天
485764,,485764,大荒共主-天帝昊天
490137,,490137,嘻哈鸟
490143,,490143,冰雾蓝
490158,,490158,鬼脸仔
490260,,490260,卷角木羊
490728,,490728,凯撒
490731,,490731,修罗
491220,,491220,利爪格非
491234,,491234,拉诺斯
491238,,491238,滑翔阿宝
491282,,491282,施瓦辛格
491336,,491336,波塞冬
491609,,491609,箭鱼士兵
491781,,491781,诺顿子爵
492001,,492001,克劳斯
492178,,492178,安琪雷米
492179,,492179,魂王天使雷米
492188,,492188,安琪乌利
492189,,492189,神焰天使乌利
492202,,492202,小星焰
492203,,492203,白皇星焰
492214,,492214,小星瞬
492215,,492215,幻尊星瞬
492223,,492223,小辉斗
492224,,492224,龙皇辉斗
492239,,492239,天天
492258,,492258,小紫辰
492259,,492259,雀皇紫辰
492272,,492272,小耀凌
492273,,492273,玄皇耀凌
492303,,492303,梵天
492325,,492325,太古炎王
492331,,492331,龙·凌风
492342,,492342,太古冰罗皇
492349,,492349,太古帝卡
492357,,492357,太古明王
492380,,492380,超木精灵
492381,,492381,超龙精灵
492387,,492387,上古星龙
492391,,492391,超龙星诺
492402,,492402,超圣光
492406,,492406,超光精灵
492407,,492407,超土精灵
492408,,492408,超木星诺
492415,,492415,超暗精灵
492421,,492421,小菲尔
492422,,492422,天焰菲尔
492424,,492424,超电星诺
492429,,492429,超上古精灵
492436,,492436,暮光伯爵
492437,,492437,北斗龙神
492439,,492439,弑神者兰斯洛
492440,,492440,星魔
492444,,492444,圣·帝伊
492449,,492449,雷怒青龙
492452,,492452,凌翼周瑜
492455,,492455,滔天白虎
492489,,492489,圣决风影
492497,,492497,阴阳圣护
492506,,492506,焚炙朱雀
492515,,492515,泰岳玄武
492522,,492522,天宇圣龙
492534,,492534,妖刀斩日
492543,,492543,冥剑断月
492553,,492553,幻·龙霄
492566,,492566,破宇暴龙
492567,,492567,幻·耀光
492572,,492572,幻·无极
492577,,492577,暗煞魔龙王
492590,,492590,乾坤修罗神
492600,,492600,卧龙诸葛
492603,,492603,超念
492611,,492611,天帝龙皇
492618,,492618,堕天凯撒帝
492630,,492630,鬼才司马
492631,,492631,昭烈帝·刘备
492632,,492632,战武雄·曹操
492635,,492635,神帝尊·孙权
493549,,493549,[无双战神]吕布
493553,,493553,[睡美人]夏娃
493599,,493599,[冥夜千机]鬼墨无忧
493606,,493606,[纯血妖王]冽
493933,,493933,星宇之姬·仙后座
493951,,493951,芳绯初樱·欧若拉
494002,,494002,第二真祖·露易丝
494008,,494008,主天道御天下·乾坤
494011,,494011,醉红颜·洛洛离
494030,,494030,太极生两仪·东皇太一
494031,,494031,荒宇生无极·东皇太一
494034,,494034,圣道御天·轩辕夏禹
494036,,494036,未来计划·黯帝修罗
494037,,494037,未来计划·暴君凯撒
494043,,494043,未来计划·嗜血狼王
494048,,494048,未来计划·噬魂夜王
494050,,494050,破虚空衍群龙·龙母
494056,,494056,命运交响·亚当
494057,,494057,未来计划·神秘战无炎
494060,,494060,星辰造世·奇灵王
494061,,494061,混元合一·奇灵王
494066,,494066,未来计划·大妖神武月
494128,,494128,深渊之主·拉莱耶
494207,,494207,月冕之曜·阿尔忒弥斯
494212,,494212,幽径拾光·达芙妮
494229,,494229,生命礼赞·可兰
494238,,494238,无畏·战车
494264,,494264,灰烬熔芯·胜遇
494294,,494294,三皇圣祖·伏羲
494296,,494296,斗战胜佛·传说孙悟空
494306,,494306,救世天幕·传说时空王
494307,,494307,百药先祖·神农
494308,,494308,育灵天地间·王者女娲
494335,,494335,权御万界·天帝昊天
494337,,494337,恶业轮回·魔君夜渊
494342,,494342,梵音净心·乾达婆
494344,,494344,黑蔷薇·莉莉丝
494396,,494396,武绝凌天·传说貘
494398,,494398,巨神撼世·骸
494406,,494406,地龙天威·摩罗迦
494412,,494412,尔等为臣·女帝
494419,,494419,血色神灾·暗黑雷帝神
494453,,494453,神诫·宙斯
494457,,494457,深渊意志·拉莱耶
494464,,494464,深渊の呼唤·克希拉
494495,,494495,命运福音·亚当
494496,,494496,天国恩光·天使王
494517,,494517,众生自然之灵·盖亚
494541,,494541,咏春意千秋魂·奇灵王
494543,,494543,千秋武魂·咏春
494552,,494552,万古龙魂·龍
494568,,494568,多闻北尊·混元
494577,,494577,宿命之尘·尘纱
494582,,494582,横扫沧海·龙太子
494584,,494584,天道秩序之尊·乾坤
494592,,494592,深渊の凝视·SP奈亚
494596,,494596,流云碧落日月之辉·羲和
494597,,494597,诸天万世我主浮沉·帝俊
494602,,494602,虎虎生威·寅抚
494616,,494616,星穹溯光苍生为棋·银河
494639,,494639,英雄之火·菲尔
494648,,494648,灾厄救世主·海蒂拉玛
494654,,494654,天地开辟诸界降诞·盘古
494674,,494674,剑挽沧溟·梅卡
494679,,494679,太阳神的庇护·阿波罗
494760,,494760,晞光的祈唤·王者羲和
494867,,494867,木之精灵王-可兰
494868,,494868,净化之光-拉克丝
494869,,494869,梦幻之光-罗塔纱
494870,,494870,水之精灵王-梅卡
494872,,494872,火之精灵王-菲尔
494875,,494875,守护之光-米垭
494879,,494879,神羽曙光-奥天
494882,,494882,繁星余迹-路西法
494891,,494891,怒海狂潮-金刚库巴
494892,,494892,猩红序曲-露易丝
494920,,494920,圣宇星轨时扉之光-羲和
494925,,494925,执掌因果万世轮回-帝俊
494942,,494942,天蓬元帅-猪八戒
494947,,494947,海枯之心-白京京
494952,,494952,谪仙剑无双-李白
494958,,494958,清辉映星河-望舒
494959,,494959,三位一体-至尊精灵王
494964,,494964,深渊安魂曲-奈亚
494971,,494971,阴阳割昏晓-天道无极
494977,,494977,千山落樱之辉-夜樱
495000,,495000,星穹庇世之翼-赫耳墨斯
495025,,495025,星轨圣裁之回响-羲和
495026,,495026,雅克守护者-神罗麦提
495030,,495030,破虚空衍群龙-龙母
495042,,495042,圣树临辉光暗双耀-奇灵王
495074,,495074,睥睨众臣-女帝
495082,,495082,深渊之契-绮美拉
495087,,495087,武绝凌天-貘
495118,,495118,邃古凌苍-日月战武神
495121,,495121,混沌恩赐-厄瑞玻斯
495142,,495142,圣魂觉醒-伊撒尔
495143,,495143,时序之光-洛羲
495171,,495171,伊甸园的余晖-亚当
495187,,495187,星宇之隙穹宙之辉-银河
495203,,495203,恶魔之主-撒旦
495206,,495206,始祖大天使-尼斯洛克
495214,,495214,绝望噬影-尼德霍格
495236,,495236,余烬初王-洛兰
495240,,495240,霜寒冰域-上古龙女
495241,,495241,炽天炎境-上古龙女
495253,,495253,爱与美的赞歌-维纳斯
495263,,495263,逆律之触-伊西斯
495265,,495265,永恒炽阳-神阿波罗
495291,,495291,原初骑士-洛兰
495314,,495314,青山沐日天地无疆-盘古
495330,,495330,诺言之神-星诺玛
495336,,495336,群星守护寰宇光辉-神银河
495344,,495344,创世罪裁龙神-撒迦利亚
495446,,495446,圣火炽天使-塞勒芙
495450,,495450,圣裁座天使-奥菲妮
495457,,495457,吾即永恒-阿卜苏
495467,,495467,灵骸烬染之潮-夜樱
495483,,495483,日月映海晨曦微露-羲和
495488,,495488,黑翎之妄朽界之暗-梵天
495764,,495764,大荒共主-天帝昊天
500103,,500103,赤月
500109,,500109,炎风
500238,,500238,阿努比斯
500727,,500727,阿凯
500730,,500730,伊修
500852,,500852,碎风
500922,,500922,寒霜
501121,,501121,洛洛
501123,,501123,小夜
501220,,501220,利爪格非
501520,,501520,唯塔斯
501538,,501538,炼狱战狮
501541,,501541,魔戒邪灵
501639,,501639,圣光修罗
501705,,501705,疾风终结者
501706,,501706,暗影凯撒
501736,,501736,幻象格杀者
501773,,501773,时空操纵者
501914,,501914,加斯特
501925,,501925,龙·炎王
501926,,501926,帝王奇灵
501953,,501953,帝皇圣龙
501962,,501962,圣羽凌风
502023,,502023,龙·帝卡
502050,,502050,煌炎战神
502086,,502086,辉刃艾恩
502098,,502098,傲月武神
502107,,502107,圣域·幻极
502120,,502120,圣域·风灵将
502121,,502121,圣域·金战士
502122,,502122,圣域·木面侠
502124,,502124,神盾巨人
502125,,502125,狂战巨人
502131,,502131,圣帝奥天
502137,,502137,数码巨人
502139,,502139,灵王白泽
502140,,502140,魂刃夜王
502149,,502149,圣辉狼王
502150,,502150,万王圣麒麟
502160,,502160,神照修罗王
502161,,502161,神照修罗王
502179,,502179,魂王天使雷米
502180,,502180,魂王天使雷米
502189,,502189,神焰天使乌利
502190,,502190,神焰天使乌利
503200,,503200,乾坤
503207,,503207,传奇月神
503210,,503210,御星璃
503214,,503214,洪荒王
503215,,503215,传奇烈焰凤凰
503216,,503216,传奇奇灵王
503217,,503217,传奇圣冕麒麟
503218,,503218,传奇龙太子
503220,,503220,传奇梅卡
503222,,503222,传奇雷帝神
503223,,503223,传奇奥天
503224,,503224,传奇炎帝
503227,,503227,传奇黑炎龙
503238,,503238,传奇星魔
503242,,503242,传奇星龙
503245,,503245,传奇宙斯
503246,,503246,传奇逍遥
503249,,503249,传奇东皇太一
503254,,503254,传奇归零者
503256,,503256,智慧王
503261,,503261,传奇孙悟空
503265,,503265,传奇妖王冽
503266,,503266,传奇源
503270,,503270,永生·毁灭之神
503278,,503278,传奇真言诺亚
503279,,503279,传奇暗夜辰星
503280,,503280,力量·轮回之神
503285,,503285,传奇炽寒天凤
503289,,503289,传奇无冕之王
503298,,503298,力量王
503304,,503304,传奇日月战武神
503313,,503313,传奇八岐龙吟
503318,,503318,传奇可兰
503321,,503321,吞天饕餮
503322,,503322,传奇明王
503347,,503347,传奇盘古
503352,,503352,传奇帝皇龙
503354,,503354,传奇菲尔
503366,,503366,始祖炎龙
503368,,503368,始祖冰龙
503371,,503371,传奇圣修暗凯帝
503375,,503375,龍
503377,,503377,六龙圣王
503378,,503378,传奇貘
503380,,503380,[王者羁绊]圣天伊
503381,,503381,[远古精灵王]伊撒尔
503383,,503383,[祸乱之源]黑桃K
503384,,503384,[斗转星移]智慧王
503385,,503385,[神之九尾]玉藻皇
503387,,503387,[太阴]幽荧
503388,,503388,[远古大妖]大天狗
503390,,503390,[太阳]烛照
503391,,503391,[战场萝莉]赫尔薇尔
503392,,503392,[火神]祝融
503396,,503396,[诸神之父]奥丁大帝
503398,,503398,[始祖巨人]伊米尔
503399,,503399,[逢魔之约]阴阳
503402,,503402,[雷霆主宰]风暴龙
503405,,503405,[天启堕神王]梵天
503406,,503406,[未来精灵王]梵天
503407,,503407,[万神之后]弗丽嘉
503409,,503409,[天道守护]东皇太一
503423,,503423,[金翅神]迦楼罗
503424,,503424,[万王加冕]圣王麒麟
503427,,503427,[太阳神]阿波罗
503429,,503429,[一代宗师]奇灵王
503430,,503430,[火之精灵王]菲尔
503431,,503431,[青莲剑仙]李白
503454,,503454,[星界霸主]上古星龙
503462,,503462,[冥主]哈迪斯
503463,,503463,[神王]宙斯
503467,,503467,[龙胆神威]赵子龙
503469,,503469,[龙族至尊]帝皇龙
503487,,503487,[永灵至尊]冥夜君狼王
503491,,503491,[神行谍影]黑翼王
503493,,503493,[光暗传说]圣修暗凯帝
503495,,503495,[无尽神兵]银
503508,,503508,[最初的梦想]古渊露龙
503509,,503509,[地龙神]摩罗迦
503510,,503510,[应汝之愿]天使王
503511,,503511,[应汝之愿]天使王
503515,,503515,[最初的梦想]古渊露龙
503518,,503518,[上古神话]日月战武神
503519,,503519,[上古月神]神武月
503520,,503520,[上古炎帝]战无炎
503523,,503523,[绝地求生]枪神王
503526,,503526,[纵横捭阖]无冕之王
503527,,503527,[武绝苍穹]貘
503534,,503534,[最初的希望]终结兔
503535,,503535,[最初的希望]终结兔
503538,,503538,[纵横捭阖]无冕之王
503541,,503541,[开天辟地]盘古
503542,,503542,[开天辟地]盘古
503543,,503543,[洪荒王]御星煌
503549,,503549,[无双战神]吕布
503554,,503554,[最初的热血]魔焰吉拉
503555,,503555,[最初的热血]魔焰吉拉
503557,,503557,[木之精灵王]可兰
503576,,503576,[天下第一龙]龍
503577,,503577,[玄音神]乾达婆
503580,,503580,[水之精灵王]梅卡
503581,,503581,[天地复初]乾坤
503582,,503582,[天地复初]乾坤
503583,,503583,[天道主宰]乾坤
503584,,503584,[天道主宰]乾坤
503588,,503588,[天地玄黄]洪荒无极
503589,,503589,[洪荒王]御星煌
503590,,503590,[洪荒之主]御星璃
503591,,503591,[洪荒之主]御星璃
503597,,503597,[气吞山河]圣体力量王
503598,,503598,[气吞山河]圣体力量王
503608,,503608,[星现万物]王者智慧王
503614,,503614,[御魂破咒]八岐龙吟
503615,,503615,[破灭洪荒]八岐大蛇
503616,,503616,[御天龙魂]龙吟守
503620,,503620,[时间法则]王者伊撒尔
503623,,503623,[无畏兵神]韩信
503624,,503624,[无畏兵神]韩信
503646,,503646,[天启之光]通灵梵天
503648,,503648,[无敌斗尊]龙皇辉斗（四皇）
503925,,503925,星辉少女·小熊座
503926,,503926,辉煌城主·天龙座
503930,,503930,绯红女王·大熊座
503932,,503932,天穹之君·仙王座
503933,,503933,星宇之姬·仙后座
503958,,503958,神之审判·白天使王
503959,,503959,魔之禁锢·黑天使王
503964,,503964,天使恶魔·米迦勒x路西法
503965,,503965,天使恶魔·米迦勒x路西法
503999,,503999,第一真祖·黑翼王
504000,,504000,覆天之影·黑翼王
504026,,504026,天启神君·梵天
504030,,504030,太极生两仪·东皇太一
504031,,504031,荒宇生无极·东皇太一
504036,,504036,未来计划·黯帝修罗
504037,,504037,未来计划·暴君凯撒
504043,,504043,未来计划·嗜血狼王
504048,,504048,未来计划·噬魂夜王
504057,,504057,未来计划·神秘战无炎
504060,,504060,星辰造世·奇灵王
504061,,504061,混元合一·奇灵王
504083,,504083,天堂创世之光·王者天使王
504092,,504092,真理之门·无冕之王
504127,,504127,GOD·无冕之王
504228,,504228,天启新篇·梵天
504256,,504256,崩坏·天使王
504258,,504258,禁锢审判·传说天使王
504374,,504374,绝对水域·王者梅卡
504442,,504442,赤焰星芒·王者菲尔
504457,,504457,深渊意志·拉莱耶
504503,,504503,绿野扉光·王者可兰
504555,,504555,直抵未来之辰星·梵天
504867,,504867,木之精灵王-可兰
504868,,504868,净化之光-拉克丝
504869,,504869,梦幻之光-罗塔纱
504870,,504870,水之精灵王-梅卡
504872,,504872,火之精灵王-菲尔
504874,,504874,暗月千面-艾琳
504875,,504875,守护之光-米垭
504879,,504879,神羽曙光-奥天
504882,,504882,繁星余迹-路西法
504883,,504883,绝代兵神-韩信
504891,,504891,怒海狂潮-金刚库巴
504892,,504892,猩红序曲-露易丝
504916,,504916,陨星-愚者
504920,,504920,圣宇星轨时扉之光-羲和
504952,,504952,谪仙剑无双-李白
504958,,504958,清辉映星河-望舒
504964,,504964,深渊安魂曲-奈亚
504968,,504968,引尘造万物-星尘
504971,,504971,阴阳割昏晓-天道无极
504973,,504973,霜佑北境-帕里斯
504977,,504977,千山落樱之辉-夜樱
504994,,504994,至圣神王裁决-奥丁大帝
505000,,505000,星穹庇世之翼-赫耳墨斯
505019,,505019,创灵众生-通灵王
505021,,505021,万世独霸龙族至尊-帝皇龙
505023,,505023,倾世之寒-始祖冰龙
505025,,505025,星轨圣裁之回响-羲和
505030,,505030,破虚空衍群龙-龙母
505033,,505033,龙族新歌-玲玲珑
505042,,505042,圣树临辉光暗双耀-奇灵王
505055,,505055,天国守护者-白天使王
505074,,505074,睥睨众臣-女帝
505075,,505075,至高启示-真理之后
505082,,505082,深渊之契-绮美拉
505121,,505121,混沌恩赐-厄瑞玻斯
505137,,505137,天地惊弦-六龙圣王
505142,,505142,圣魂觉醒-伊撒尔
505171,,505171,伊甸园的余晖-亚当
505174,,505174,超越纪元的新生-海蒂拉玛
505197,,505197,荒秽堕墟-阿波菲斯
505235,,505235,瞰世之棘-亘古树灵
505241,,505241,炽天炎境-上古龙女
505253,,505253,爱与美的赞歌-维纳斯
505262,,505262,冰与火之舞-炽寒天凤
505265,,505265,永恒炽阳-神阿波罗
505291,,505291,原初骑士-洛兰
505314,,505314,青山沐日天地无疆-盘古
505316,,505316,梵星音律-乾达婆
505330,,505330,诺言之神-星诺玛
505336,,505336,群星守护寰宇光辉-神银河
505339,,505339,魂之缚-奇诺
505353,,505353,诸天神通-帝释天
505377,,505377,冰霜亡域-巫妖王
505397,,505397,终末的残响-奈亚
505467,,505467,灵骸烬染之潮-夜樱
505474,,505474,浮游天地乘风去-逍遥
505488,,505488,黑翎之妄朽界之暗-梵天
505764,,505764,大荒共主-天帝昊天
510025,,510025,依灵
510195,,510195,影刃
510305,,510305,龙族大法师
510545,,510545,金甲龙兽
510678,,510678,赤砂巨蝎
510685,,510685,巨镰螳螂
510727,,510727,阿凯
510730,,510730,伊修
510775,,510775,帝皇龙
510836,,510836,兰亚斯特
510967,,510967,巨岩
511108,,511108,吕布
511121,,511121,洛洛
511123,,511123,小夜
511142,,511142,幻灵
511167,,511167,米夜
511225,,511225,刘备
511240,,511240,乐天
511318,,511318,圣光
511426,,511426,黑炎龙
511605,,511605,曹操
511639,,511639,圣光修罗
511706,,511706,暗影凯撒
511716,,511716,奥天
511749,,511749,雷霆青龙
511752,,511752,惊涛玄武
511754,,511754,炎王
511767,,511767,霜炎法神
511777,,511777,帝卡
511794,,511794,天煞
511806,,511806,冥焰夜王
511819,,511819,阿拉丁
511825,,511825,斗罗明王
511845,,511845,光暗弑神
511854,,511854,诺伊特
511861,,511861,龙刃
511869,,511869,圣王麒麟
511873,,511873,冰罗皇
511893,,511893,擎空
511896,,511896,圣·天伊
511905,,511905,君焰狼王
511910,,511910,魂战
511911,,511911,炽燎天
511912,,511912,擎霸空
511925,,511925,龙·炎王
511953,,511953,帝皇圣龙
511963,,511963,噬星白虎
511975,,511975,飓焰朱雀
512023,,512023,龙·帝卡
512033,,512033,风暴龙
512043,,512043,司马懿
512050,,512050,煌炎战神
512064,,512064,斗士豪达
512080,,512080,龙·冰罗皇
512082,,512082,剑帝修纳
512098,,512098,傲月武神
512099,,512099,君芒艾恩
512104,,512104,圣·二郎真君
512107,,512107,圣域·幻极
512113,,512113,影武王
512140,,512140,魂刃夜王
512149,,512149,圣辉狼王
512160,,512160,神照修罗王
512161,,512161,神照修罗王
513509,,513509,[地龙神]摩罗迦
513523,,513523,[绝地求生]枪神王
513576,,513576,[天下第一龙]龍
513923,,513923,星辉时代·圣天伊
513924,,513924,星辉时代·黄金圣天伊
513925,,513925,星辉少女·小熊座
513926,,513926,辉煌城主·天龙座
513928,,513928,救世天幕·时空王
513930,,513930,绯红女王·大熊座
513932,,513932,天穹之君·仙王座
513933,,513933,星宇之姬·仙后座
513936,,513936,自由女王·拜伦
513937,,513937,末世樱剑舞·千夏
513942,,513942,光翼缔造者·创世星灵
513943,,513943,撒旦之子·魔域星君
513946,,513946,神之战鳞·枪魂应龙
513947,,513947,神之皇鳞·剑魂白泽
513948,,513948,神之帝鳞·扇魂毕方
513949,,513949,神之圣鳞·镜魂青鸾
513950,,513950,无双剑意·剑帝修纳
513951,,513951,芳绯初樱·欧若拉
513952,,513952,天灾统领·巫妖王
513953,,513953,末世红镰闪·希尔瓦娜斯
513958,,513958,神之审判·白天使王
513959,,513959,魔之禁锢·黑天使王
513960,,513960,花晨月夕·洛羲
513966,,513966,万王天谕·圣王麒麟
513968,,513968,星轨圣裁之回响·羲和
513979,,513979,真炎神君·菲尔
513980,,513980,四灵之主·苍穹圣龙
513981,,513981,东方灵兽·青龙
513982,,513982,南方灵兽·朱雀
513983,,513983,开天地创净土·盘古
513984,,513984,西方灵兽·白虎
513985,,513985,北方灵兽·玄武
513986,,513986,斗战胜佛·孙悟空
513990,,513990,无烬噩梦·伊撒尔
513991,,513991,圣光守护·超时空王
513997,,513997,森林之息·花冠公主
513999,,513999,第一真祖·黑翼王
514004,,514004,万神之王·宙斯
514005,,514005,万冥之主·哈迪斯
514020,,514020,大道独行·天命王
514024,,514024,龙诫诸天·阿修罗
514025,,514025,轮回溯梦·伊撒尔
514026,,514026,天启神君·梵天
514029,,514029,神国之主·奥丁大帝
514030,,514030,太极生两仪·东皇太一
514031,,514031,荒宇生无极·东皇太一
514036,,514036,未来计划·黯帝修罗
514037,,514037,未来计划·暴君凯撒
514043,,514043,未来计划·嗜血狼王
514048,,514048,未来计划·噬魂夜王
514050,,514050,破虚空衍群龙·龙母
514053,,514053,惊鸿逐月·李白
514057,,514057,未来计划·神秘战无炎
514060,,514060,星辰造世·奇灵王
514061,,514061,混元合一·奇灵王
514064,,514064,空间魂梦·伊撒尔
514073,,514073,花间序·薇薇安
514075,,514075,光明之神·阿波罗
514078,,514078,绝对时空法则·王者时空王
514083,,514083,天堂创世之光·王者天使王
514084,,514084,无限神力·力量王
514088,,514088,时间故梦·王者伊撒尔
514089,,514089,超感猎手·枪神王
514092,,514092,真理之门·无冕之王
514109,,514109,十年の热血·魔焰吉拉
514115,,514115,通天神威·王者孙悟空
514121,,514121,十年の希望·终结兔
514127,,514127,GOD·无冕之王
514128,,514128,深渊之主·拉莱耶
514132,,514132,深渊の凝视·奈亚
514138,,514138,星河御月之流辉·望舒
514141,,514141,驭灵度众生·SP通灵王
514151,,514151,诸神至高王座·王者奥丁大帝
514165,,514165,九黎兵主·蚩尤
514176,,514176,飘渺绝尘·七星龙渊
514182,,514182,神谕天佑·圣王麒麟
514186,,514186,游龙回雪·金步摇
514191,,514191,终极未来计划·王牌战队
514193,,514193,彼岸永望·孟婆
514196,,514196,菩提本无树·SP瑠璃
514197,,514197,踏阙飞影·鱼肠
514201,,514201,烈焰天辉·菲尔
514203,,514203,不语奈何·知世
514204,,514204,帝刹穹天·至高龙尊
514206,,514206,吾即太阳·阿波罗
514207,,514207,月冕之曜·阿尔忒弥斯
514212,,514212,幽径拾光·达芙妮
514216,,514216,照世之澜·梅卡
514217,,514217,虚数重构·黛依
514219,,514219,黑暗未来计划·念
514228,,514228,天启新篇·梵天
514245,,514245,裂穹之斩·龙刃
514247,,514247,无烬噩梦·传说伊撒尔
514248,,514248,星轨圣裁之回响·传说羲和
514249,,514249,花晨月夕·传说洛羲
514254,,514254,天使恶魔·SP米迦勒x路西法
514255,,514255,天使恶魔·SP米迦勒x路西法
514256,,514256,崩坏·天使王
514258,,514258,禁锢审判·传说天使王
514264,,514264,灰烬熔芯·胜遇
514266,,514266,地隐微澜·小锦鲤
514282,,514282,凰诏天赦·烈焰凤凰
514305,,514305,华夏始祖·轩辕
514310,,514310,云墨苍生·玄霄
514322,,514322,轮回溯梦·传说伊撒尔
514323,,514323,神裁·奥天
514327,,514327,大道独行·SP天命王
514329,,514329,全知·律
514352,,514352,妖相百斩·SP洪荒无极
514353,,514353,应天·源
514356,,514356,群星之怒·上古星龙
514366,,514366,末世幽火悯·赫菲斯托斯
514369,,514369,断罪恕业·白夜叉
514374,,514374,绝对水域·王者梅卡
514396,,514396,武绝凌天·传说貘
514411,,514411,解构·王者世界
514419,,514419,血色神灾·暗黑雷帝神
514424,,514424,清辉朗月·王者望舒
514427,,514427,破晓棋局·无冕之王
514457,,514457,深渊意志·拉莱耶
514463,,514463,轮回の终焉·奈亚
514466,,514466,星辉羁绊·圣天伊
514471,,514471,时光如汐·洛羲
514555,,514555,直抵未来之辰星·梵天
514866,,514866,光启精灵王-伊撒尔
514867,,514867,木之精灵王-可兰
514868,,514868,净化之光-拉克丝
514869,,514869,梦幻之光-罗塔纱
514870,,514870,水之精灵王-梅卡
514871,,514871,光启时代-圣天伊
514872,,514872,火之精灵王-菲尔
514874,,514874,暗月千面-艾琳
514875,,514875,守护之光-米垭
514882,,514882,繁星余迹-路西法
514920,,514920,圣宇星轨时扉之光-羲和
515030,,515030,破虚空衍群龙-龙母
515042,,515042,圣树临辉光暗双耀-奇灵王
515044,,515044,大妖血脉-妖王冽
515055,,515055,天国守护者-白天使王
515074,,515074,睥睨众臣-女帝
515082,,515082,深渊之契-绮美拉
515112,,515112,陨灭-世界
515118,,515118,邃古凌苍-日月战武神
515142,,515142,圣魂觉醒-伊撒尔
515143,,515143,时序之光-洛羲
515166,,515166,庇天之白翼-修罗
515171,,515171,伊甸园的余晖-亚当
515199,,515199,自然恩赐-薇薇安
515240,,515240,霜寒冰域-上古龙女
515241,,515241,炽天炎境-上古龙女
515258,,515258,魔神再临-以撒
515265,,515265,永恒炽阳-神阿波罗
515272,,515272,创世织梦之眷-赫耳墨斯
515291,,515291,原初骑士-洛兰
515314,,515314,青山沐日天地无疆-盘古
515332,,515332,金翅神羽-迦楼罗
515336,,515336,群星守护寰宇光辉-神银河
515402,,515402,断海沧澜-龙太子
515413,,515413,逐光深坠-克希拉
515427,,515427,寒夜破晓之刃-使者
515433,,515433,神威地龙-摩罗迦
515457,,515457,吾即永恒-阿卜苏
515467,,515467,灵骸烬染之潮-夜樱
515475,,515475,瑶琴迷阵-诸葛亮
515488,,515488,黑翎之妄朽界之暗-梵天
515491,,515491,幻相至尊-白皇星焰
515493,,515493,天启纪元缔世圣冕-梵天
520195,,520195,影刃
520305,,520305,龙族大法师
520545,,520545,金甲龙兽
520678,,520678,赤砂巨蝎
520685,,520685,巨镰螳螂
520775,,520775,帝皇龙
520836,,520836,兰亚斯特
520967,,520967,巨岩
521108,,521108,吕布
521142,,521142,幻灵
521167,,521167,米夜
521225,,521225,刘备
521240,,521240,乐天
521318,,521318,圣光
521426,,521426,黑炎龙
521605,,521605,曹操
521639,,521639,圣光修罗
521706,,521706,暗影凯撒
521716,,521716,奥天
521749,,521749,雷霆青龙
521752,,521752,惊涛玄武
521754,,521754,炎王
521767,,521767,霜炎法神
521777,,521777,帝卡
521794,,521794,天煞
521806,,521806,冥焰夜王
521819,,521819,阿拉丁
521825,,521825,斗罗明王
521845,,521845,光暗弑神
521854,,521854,诺伊特
521861,,521861,龙刃
521869,,521869,圣王麒麟
521873,,521873,冰罗皇
521893,,521893,擎空
521896,,521896,圣·天伊
521905,,521905,君焰狼王
521910,,521910,魂战
521911,,521911,炽燎天
521912,,521912,擎霸空
521925,,521925,龙·炎王
521953,,521953,帝皇圣龙
521963,,521963,噬星白虎
521975,,521975,飓焰朱雀
522023,,522023,龙·帝卡
522033,,522033,风暴龙
522043,,522043,司马懿
522050,,522050,煌炎战神
522064,,522064,斗士豪达
522080,,522080,龙·冰罗皇
522082,,522082,剑帝修纳
522098,,522098,傲月武神
522099,,522099,君芒艾恩
522104,,522104,圣·二郎真君
522107,,522107,圣域·幻极
522113,,522113,影武王
522140,,522140,魂刃夜王
522149,,522149,圣辉狼王
522160,,522160,神照修罗王
522161,,522161,神照修罗王
523423,,523423,[金翅神]迦楼罗
523509,,523509,[地龙神]摩罗迦
523523,,523523,[绝地求生]枪神王
523613,,523613,[天之骄女]九天玄女
523655,,523655,[八部天龙]龙太子
523758,,523758,[东风不破]超维诸葛亮
523763,,523763,[御龙诀]超维孙悟空
523920,,523920,[始祖龙尊]命运龍
523952,,523952,天灾统领·巫妖王
523953,,523953,末世红镰闪·希尔瓦娜斯
523958,,523958,神之审判·白天使王
523959,,523959,魔之禁锢·黑天使王
523966,,523966,万王天谕·圣王麒麟
523990,,523990,无烬噩梦·伊撒尔
523991,,523991,圣光守护·超时空王
523999,,523999,第一真祖·黑翼王
524000,,524000,覆天之影·黑翼王
524004,,524004,万神之王·宙斯
524005,,524005,万冥之主·哈迪斯
524025,,524025,轮回溯梦·伊撒尔
524026,,524026,天启神君·梵天
524036,,524036,未来计划·黯帝修罗
524037,,524037,未来计划·暴君凯撒
524043,,524043,未来计划·嗜血狼王
524047,,524047,须弥天帝·帝释天
524048,,524048,未来计划·噬魂夜王
524056,,524056,命运交响·亚当
524057,,524057,未来计划·神秘战无炎
524066,,524066,未来计划·大妖神武月
524074,,524074,末法斩业·迦楼罗
524092,,524092,真理之门·无冕之王
524182,,524182,神谕天佑·圣王麒麟
524212,,524212,幽径拾光·达芙妮
524228,,524228,天启新篇·梵天
524374,,524374,绝对水域·王者梅卡
524406,,524406,地龙天威·摩罗迦
524632,,524632,帝临山河·圣王麒麟
524866,,524866,光启精灵王-伊撒尔
524867,,524867,木之精灵王-可兰
524868,,524868,净化之光-拉克丝
524869,,524869,梦幻之光-罗塔纱
524870,,524870,水之精灵王-梅卡
524871,,524871,光启时代-圣天伊
524872,,524872,火之精灵王-菲尔
524874,,524874,暗月千面-艾琳
524875,,524875,守护之光-米垭
524882,,524882,繁星余迹-路西法
524917,,524917,福瑞降人间-圣王麒麟
525030,,525030,破虚空衍群龙-龙母
525042,,525042,圣树临辉光暗双耀-奇灵王
525055,,525055,天国守护者-白天使王
525082,,525082,深渊之契-绮美拉
525136,,525136,万王天谕-圣王麒麟
525142,,525142,圣魂觉醒-伊撒尔
525171,,525171,伊甸园的余晖-亚当
525241,,525241,炽天炎境-上古龙女
525265,,525265,永恒炽阳-神阿波罗
525289,,525289,破晓圣光-白羽公主
525291,,525291,原初骑士-洛兰
525314,,525314,青山沐日天地无疆-盘古
525336,,525336,群星守护寰宇光辉-神银河
525361,,525361,苍松剑意-干将
525432,,525432,逐星遥旅-艾蕾
525433,,525433,神威地龙-摩罗迦
525450,,525450,圣裁座天使-奥菲妮
525451,,525451,剑影迷踪-承影
525458,,525458,圣律智天使-姬露比
525467,,525467,灵骸烬染之潮-夜樱
525474,,525474,浮游天地乘风去-逍遥
525475,,525475,瑶琴迷阵-诸葛亮
525476,,525476,风摇清荷影-瑠璃
525488,,525488,黑翎之妄朽界之暗-梵天
525494,,525494,横戟破军-吕布
525502,,525502,神行至尊-玄皇耀凌
525504,,525504,原初灵械-SR原型机
525509,,525509,诡影噬夜-黑翼王
525513,,525513,血月之引-露易丝
525561,,525561,龙吟瑞雪-圣王麒麟
530209,,530209,花冠公主
530382,,530382,十字匹诺
530454,,530454,格林双枪蟹
530760,,530760,圣铠摩羯
530778,,530778,红莲
530781,,530781,爆裂侠
530782,,530782,怒风侠
530804,,530804,战神兜兜
530852,,530852,碎风
530931,,530931,赵云
530976,,530976,诸葛亮
531118,,531118,幻影
531181,,531181,焚浪
531220,,531220,利爪格非
531227,,531227,茜点
531232,,531232,鲁曼
531320,,531320,伊泽
531345,,531345,风之精灵
531359,,531359,猪苗苗
531429,,531429,洛基
531434,,531434,超级悟焰
531464,,531464,欧比
531467,,531467,火星诺
531469,,531469,水星诺
531481,,531481,木星诺
531496,,531496,震天金刚
531499,,531499,维达尔
531575,,531575,泰利船长
531616,,531616,剑圣太白
531651,,531651,路威杰
531657,,531657,费希特
531812,,531812,疾星
531832,,531832,万钧
531834,,531834,火跃鸟
531837,,531837,使者加比
531883,,531883,阿姆斯特
531937,,531937,梦想加比
531993,,531993,术士加比
532006,,532006,斗焰吉拉
532010,,532010,皇极兔
532011,,532011,圣渊露龙
532039,,532039,帝夜奇纳
532043,,532043,司马懿
532051,,532051,星云斗战神
532078,,532078,水魔将卡加
532108,,532108,圣域·炎魔将
532109,,532109,圣域·赫提
532110,,532110,圣域·火花龙
532120,,532120,圣域·风灵将
532121,,532121,圣域·金战士
532122,,532122,圣域·木面侠
532124,,532124,大神盾巨人
532125,,532125,大狂战巨人
532133,,532133,圣域·库巴
532134,,532134,圣域·灵龟
532135,,532135,圣域·海妖将
533523,,533523,[绝地求生]枪神王
533613,,533613,[天之骄女]九天玄女
533641,,533641,[御日月缔时光]羲和
533675,,533675,[破轮回斩因果]帝俊
533758,,533758,[东风不破]超维诸葛亮
533763,,533763,[御龙诀]超维孙悟空
533885,,533885,[全知全能]命运奥丁大帝
533952,,533952,天灾统领·巫妖王
533953,,533953,末世红镰闪·希尔瓦娜斯
533959,,533959,魔之禁锢·黑天使王
533990,,533990,无烬噩梦·伊撒尔
533991,,533991,圣光守护·超时空王
533999,,533999,第一真祖·黑翼王
534000,,534000,覆天之影·黑翼王
534004,,534004,万神之王·宙斯
534005,,534005,万冥之主·哈迪斯
534036,,534036,未来计划·黯帝修罗
534037,,534037,未来计划·暴君凯撒
534043,,534043,未来计划·嗜血狼王
534048,,534048,未来计划·噬魂夜王
534057,,534057,未来计划·神秘战无炎
534060,,534060,星辰造世·奇灵王
534061,,534061,混元合一·奇灵王
534066,,534066,未来计划·大妖神武月
534092,,534092,真理之门·无冕之王
534127,,534127,GOD·无冕之王
534138,,534138,星河御月之流辉·望舒
534248,,534248,星轨圣裁之回响·传说羲和
534268,,534268,日月轮回之龙息·传说帝俊
534374,,534374,绝对水域·王者梅卡
534391,,534391,冥夜瞬影·王者黑翼王
534424,,534424,清辉朗月·王者望舒
534541,,534541,咏春意千秋魂·奇灵王
534866,,534866,光启精灵王-伊撒尔
534867,,534867,木之精灵王-可兰
534868,,534868,净化之光-拉克丝
534869,,534869,梦幻之光-罗塔纱
534870,,534870,水之精灵王-梅卡
534871,,534871,光启时代-圣天伊
534872,,534872,火之精灵王-菲尔
534874,,534874,暗月千面-艾琳
534875,,534875,守护之光-米垭
534880,,534880,重枪风暴-合金猛将
534882,,534882,繁星余迹-路西法
534884,,534884,神峰圣护-山脉之魂
534891,,534891,怒海狂潮-金刚库巴
534893,,534893,绿叶咆哮-棕叶战熊
534902,,534902,时间使徒-诺栗
534911,,534911,无我之境-力量王
534917,,534917,福瑞降人间-圣王麒麟
534926,,534926,瑞兔赐福-卯小兔
535025,,535025,星轨圣裁之回响-羲和
535030,,535030,破虚空衍群龙-龙母
535038,,535038,斐灵之心-皮塔
535042,,535042,圣树临辉光暗双耀-奇灵王
535055,,535055,天国守护者-白天使王
535082,,535082,深渊之契-绮美拉
535142,,535142,圣魂觉醒-伊撒尔
535166,,535166,庇天之白翼-修罗
535171,,535171,伊甸园的余晖-亚当
535214,,535214,绝望噬影-尼德霍格
535219,,535219,破天之黑刃-凯撒
535241,,535241,炽天炎境-上古龙女
535253,,535253,爱与美的赞歌-维纳斯
535257,,535257,天穹苍翼-圣修暗凯帝
535265,,535265,永恒炽阳-神阿波罗
535289,,535289,破晓圣光-白羽公主
535291,,535291,原初骑士-洛兰
535293,,535293,横扫三界-孙悟空
535294,,535294,恶魔的私语-路西法
535301,,535301,长夜墟渊-烛龙
535314,,535314,青山沐日天地无疆-盘古
535336,,535336,群星守护寰宇光辉-神银河
535339,,535339,魂之缚-奇诺
535432,,535432,逐星遥旅-艾蕾
535467,,535467,灵骸烬染之潮-夜樱
535488,,535488,黑翎之妄朽界之暗-梵天
535493,,535493,天启纪元缔世圣冕-梵天
535494,,535494,横戟破军-吕布
535527,,535527,一剑封魂-白夜叉
535578,,535578,神霆点苍-奇灵王
540778,,540778,红莲
540852,,540852,碎风
540976,,540976,诸葛亮
541429,,541429,洛基
541499,,541499,维达尔
542006,,542006,斗焰吉拉
542010,,542010,皇极兔
542043,,542043,司马懿
542050,,542050,煌炎战神
542098,,542098,傲月武神
542108,,542108,圣域·炎魔将
542120,,542120,圣域·风灵将
543541,,543541,[开天辟地]盘古
543549,,543549,[无双战神]吕布
543623,,543623,[无畏兵神]韩信
543743,,543743,[唯我独尊]超维帝皇龙
543754,,543754,[万物生辉]王者可兰
543849,,543849,[浩海之主]王者梅卡
543907,,543907,[绝望龙神]尼德霍格
543963,,543963,魔王·撒旦
543980,,543980,四灵之主·苍穹圣龙
544036,,544036,未来计划·黯帝修罗
544037,,544037,未来计划·暴君凯撒
544043,,544043,未来计划·嗜血狼王
544048,,544048,未来计划·噬魂夜王
544050,,544050,破虚空衍群龙·龙母
544057,,544057,未来计划·神秘战无炎
544066,,544066,未来计划·大妖神武月
544074,,544074,末法斩业·迦楼罗
544075,,544075,光明之神·阿波罗
544102,,544102,傲凡尘启仙灵·女娲
544166,,544166,伐天堕神·刑天
544174,,544174,十殿阎罗·地藏王
544201,,544201,烈焰天辉·菲尔
544229,,544229,生命礼赞·可兰
544246,,544246,魔神·以撒
544260,,544260,主天道御天下·传说乾坤
544292,,544292,绝望·尼德霍格
544294,,544294,三皇圣祖·伏羲
544307,,544307,百药先祖·神农
544367,,544367,神域初晓之刻·王者龙母
544374,,544374,绝对水域·王者梅卡
544442,,544442,赤焰星芒·王者菲尔
544713,,544713,生命初始之章·龙母
544867,,544867,木之精灵王-可兰
544868,,544868,净化之光-拉克丝
544869,,544869,梦幻之光-罗塔纱
544870,,544870,水之精灵王-梅卡
544872,,544872,火之精灵王-菲尔
544875,,544875,守护之光-米垭
544880,,544880,重枪风暴-合金猛将
544882,,544882,繁星余迹-路西法
544884,,544884,神峰圣护-山脉之魂
544891,,544891,怒海狂潮-金刚库巴
544893,,544893,绿叶咆哮-棕叶战熊
544902,,544902,时间使徒-诺栗
544911,,544911,无我之境-力量王
544926,,544926,瑞兔赐福-卯小兔
544942,,544942,天蓬元帅-猪八戒
544947,,544947,海枯之心-白京京
544960,,544960,卷帘大将-沙悟净
544964,,544964,深渊安魂曲-奈亚
545025,,545025,星轨圣裁之回响-羲和
545030,,545030,破虚空衍群龙-龙母
545042,,545042,圣树临辉光暗双耀-奇灵王
545055,,545055,天国守护者-白天使王
545082,,545082,深渊之契-绮美拉
545114,,545114,博物馆奇妙夜-梁龙
545171,,545171,伊甸园的余晖-亚当
545178,,545178,玄墨藏锋-龙宵
545227,,545227,征战之旅-神都王
545258,,545258,魔神再临-以撒
545265,,545265,永恒炽阳-神阿波罗
545284,,545284,御风神行-蓝羽灵者
545291,,545291,原初骑士-洛兰
545299,,545299,幻世镜梦-谴
545314,,545314,青山沐日天地无疆-盘古
545316,,545316,梵星音律-乾达婆
545332,,545332,金翅神羽-迦楼罗
545345,,545345,晨光樱语-欧若拉
545467,,545467,灵骸烬染之潮-夜樱
545475,,545475,瑶琴迷阵-诸葛亮
545488,,545488,黑翎之妄朽界之暗-梵天
545493,,545493,天启纪元缔世圣冕-梵天
545494,,545494,横戟破军-吕布
545515,,545515,灵智终端-黛拉
545527,,545527,一剑封魂-白夜叉
545528,,545528,剑指天下-太阿
545572,,545572,忘川送魂-孟婆
545622,,545622,创界悯世之颂祷-龙母
550018,,550018,霹雳河豚
550033,,550033,鲨鱼王
550075,,550075,歌拉迪
550084,,550084,蓝鹰斗士
550093,,550093,木面侠
550096,,550096,金刚库巴
550147,,550147,芭比鹿
550382,,550382,十字匹诺
550715,,550715,远古灵龟
550744,,550744,海之妖将
550912,,550912,木叶战狮
550944,,550944,风之灵将
551118,,551118,幻影
551359,,551359,猪苗苗
551636,,551636,金甲战士
551655,,551655,东啵小熊
551683,,551683,甩甩
551832,,551832,万钧
551849,,551849,冰波斯
551850,,551850,棕尾
552029,,552029,影武·聪
552047,,552047,影武·智
552133,,552133,圣域·库巴
552134,,552134,圣域·灵龟
552135,,552135,圣域·海妖将
552156,,552156,贪狼
552213,,552213,文曲
552252,,552252,小可
552266,,552266,章源源
552270,,552270,起源
552271,,552271,起源
552322,,552322,红小句
552333,,552333,骑士杰洛
552360,,552360,骑士奇克
552398,,552398,费曼
552400,,552400,沃特
552401,,552401,超巨岩
552402,,552402,超圣光
552411,,552411,熊大大
552412,,552412,噬心黑龙
552418,,552418,钢铁先锋
552422,,552422,天焰菲尔
552427,,552427,月神
552437,,552437,北斗龙神
552439,,552439,弑神者兰斯洛
552440,,552440,星魔
552443,,552443,轩辕奇灵
552444,,552444,圣·帝伊
552449,,552449,雷怒青龙
552454,,552454,超火焰龙
552455,,552455,滔天白虎
552461,,552461,卖萌羊
552462,,552462,超米纳特
552464,,552464,大白
552466,,552466,捣蛋羊
552472,,552472,愚人羊
552486,,552486,Zeta
552491,,552491,明星羊
552495,,552495,疾天喵
552497,,552497,阴阳圣护
552506,,552506,焚炙朱雀
552513,,552513,怪盗喵
552514,,552514,龙胆赵云
552515,,552515,泰岳玄武
552519,,552519,将军羊
552522,,552522,天宇圣龙
552526,,552526,阿牧牧
552528,,552528,艾玛
552530,,552530,本遥遥
552531,,552531,烈阳火凤
552532,,552532,超猎空
552536,,552536,星大将
552539,,552539,霜月冰凰
552541,,552541,厄运英豪
552547,,552547,陆一
552548,,552548,亚历超大
552549,,552549,游乐百变盒
552555,,552555,烈焰先锋
552559,,552559,战场幽灵
552561,,552561,孙悟空
552566,,552566,破宇暴龙
552571,,552571,龙太郎
552572,,552572,幻·无极
552576,,552576,数码呱呱
552577,,552577,暗煞魔龙王
552587,,552587,圣天使莱特
552589,,552589,凯洛
552590,,552590,乾坤修罗神
552593,,552593,疾地
552599,,552599,隐天
552602,,552602,梦想精灵
552605,,552605,毁灭者
552607,,552607,玄苍
552608,,552608,青鸾
552611,,552611,天帝龙皇
552612,,552612,米契尔
552613,,552613,费利顿
552618,,552618,堕天凯撒帝
552619,,552619,圣天女若希
552621,,552621,飓风领主
552623,,552623,阳
552625,,552625,波兰
552627,,552627,战神瑞斯
552629,,552629,圣君阡陌
552634,,552634,孙权
552636,,552636,天道无极
552637,,552637,天道无极
552638,,552638,战拳袋鼠
552639,,552639,木面御剑侠
552641,,552641,冰刃·苍凌昼
552646,,552646,八荒混沌
552648,,552648,暗影龙翼
552650,,552650,龙焰波鲁
552651,,552651,幻刃米奥
552652,,552652,莎莎女王
552657,,552657,普利森
552664,,552664,神威吕布
552670,,552670,神·幻尊星瞬
552671,,552671,神·白皇星焰
552677,,552677,开拓者卡纳
552679,,552679,维托尔
552681,,552681,天鹰雨果
552683,,552683,依卡斯
552685,,552685,雨果怪人
552686,,552686,但丁伯爵
552687,,552687,南瓜阿呆
552688,,552688,巫师阿瓜
552689,,552689,神·雀皇紫辰
552696,,552696,神·玄皇耀凌
552698,,552698,飞流流
552700,,552700,威虎但丁
552701,,552701,神·龙皇辉斗
552707,,552707,尤里
552709,,552709,妮凰凰
552710,,552710,神·梵天
552711,,552711,幻舞貂婵
552713,,552713,靖牛牛
552719,,552719,玛斯特
552721,,552721,格雷夫
552723,,552723,蔺辰辰
552728,,552728,宫雨雨
552737,,552737,麒麟宗主
552739,,552739,侯塞雷
552771,,552771,神迹圣天伊
552781,,552781,神迹冰罗皇
552789,,552789,焰年翼兽
552801,,552801,龙太子
552806,,552806,神迹凌风
552820,,552820,神迹明王
552823,,552823,天煞穷奇
552825,,552825,英雄迪加
552826,,552826,岩波斗神
552827,,552827,萤
552828,,552828,祥瑞圣兽
552833,,552833,苍天
552836,,552836,冴
552843,,552843,英雄雷欧
552854,,552854,妖王冽
552975,,552975,玄天
553027,,553027,天使王
553039,,553039,浩天·完全体
553074,,553074,黑翼王
553080,,553080,神迹炎王·完全体
553093,,553093,雷怒青龙·完全体
553094,,553094,滔天白虎·完全体
553095,,553095,焚炙朱雀·完全体
553096,,553096,泰岳玄武·完全体
553097,,553097,炎天·完全体
553100,,553100,日月战武神·完全体
553101,,553101,天宇圣龙·完全体
553103,,553103,神羽奥天·完全体
553104,,553104,神迹帝卡·完全体
553438,,553438,[宇宙秩序]毗湿奴
553446,,553446,[七十二柱]所罗门王
553495,,553495,[无尽神兵]银
553496,,553496,[无限魔枪]黑
553541,,553541,[开天辟地]盘古
553777,,553777,[人族起源]女娲
553825,,553825,[武霸天下]灵魂貘
553946,,553946,神之战鳞·枪魂应龙
553950,,553950,无双剑意·剑帝修纳
553954,,553954,春晖神女·可兰
553966,,553966,万王天谕·圣王麒麟
553968,,553968,星轨圣裁之回响·羲和
553975,,553975,万世龙尊·帝皇龙
553979,,553979,真炎神君·菲尔
553983,,553983,开天地创净土·盘古
553986,,553986,斗战胜佛·孙悟空
553990,,553990,无烬噩梦·伊撒尔
554004,,554004,万神之王·宙斯
554005,,554005,万冥之主·哈迪斯
554008,,554008,主天道御天下·乾坤
554024,,554024,龙诫诸天·阿修罗
554025,,554025,轮回溯梦·伊撒尔
554029,,554029,神国之主·奥丁大帝
554030,,554030,太极生两仪·东皇太一
554031,,554031,荒宇生无极·东皇太一
554036,,554036,未来计划·黯帝修罗
554037,,554037,未来计划·暴君凯撒
554041,,554041,源水风暴·梅卡
554042,,554042,星尊裁决·上古星龙
554043,,554043,未来计划·嗜血狼王
554047,,554047,须弥天帝·帝释天
554048,,554048,未来计划·噬魂夜王
554050,,554050,破虚空衍群龙·龙母
554053,,554053,惊鸿逐月·李白
554056,,554056,命运交响·亚当
554057,,554057,未来计划·神秘战无炎
554060,,554060,星辰造世·奇灵王
554064,,554064,空间魂梦·伊撒尔
554066,,554066,未来计划·大妖神武月
554070,,554070,造自然耀万物·盖亚
554071,,554071,万灵永恒·盖亚
554072,,554072,花间序·薇薇安（神启者）
554138,,554138,星河御月之流辉·望舒
554141,,554141,驭灵度众生·SP通灵王
554151,,554151,诸神至高王座·王者奥丁大帝
554204,,554204,帝刹穹天·至高龙尊
554207,,554207,月冕之曜·阿尔忒弥斯
554308,,554308,育灵天地间·王者女娲
554343,,554343,掌混沌终因果·卡奥斯
554351,,554351,黑蔷薇·莉莉丝（神启者）
554367,,554367,神域初晓之刻·王者龙母
554369,,554369,断罪恕业·白夜叉
554374,,554374,绝对水域·王者梅卡
554418,,554418,旧约断罪书·撒迦利亚
554495,,554495,命运福音·亚当
554507,,554507,圣祷安魂曲·露易丝
554516,,554516,苍月之剑·月下绯
554517,,554517,众生自然之灵·盖亚
554519,,554519,自然庇护·盖亚
554545,,554545,至诚之心·卡亚
554577,,554577,宿命之尘·尘纱
554632,,554632,帝临山河·圣王麒麟
554741,,554741,太极化万象·东皇太一
554849,,554849,希望虹光·厄尔庇斯
554853,,554853,烽火赤壁·周瑜
554867,,554867,木之精灵王-可兰
554868,,554868,净化之光-拉克丝
554869,,554869,梦幻之光-罗塔纱
554870,,554870,水之精灵王-梅卡
554872,,554872,火之精灵王-菲尔
554874,,554874,暗月千面-艾琳
554875,,554875,守护之光-米垭
554879,,554879,神羽曙光-奥天
554880,,554880,重枪风暴-合金猛将
554881,,554881,圣窗余晖-米迦勒
554882,,554882,繁星余迹-路西法
554884,,554884,神峰圣护-山脉之魂
554891,,554891,怒海狂潮-金刚库巴
554893,,554893,绿叶咆哮-棕叶战熊
554911,,554911,无我之境-力量王
554926,,554926,瑞兔赐福-卯小兔
554942,,554942,天蓬元帅-猪八戒
554947,,554947,海枯之心-白京京
554959,,554959,三位一体-至尊精灵王
554960,,554960,卷帘大将-沙悟净
554999,,554999,救世的执妄愚人-公爵
555000,,555000,星穹庇世之翼-赫耳墨斯
555022,,555022,荒宇独霸-帝皇龙
555025,,555025,星轨圣裁之回响-羲和
555026,,555026,雅克守护者-神罗麦提
555030,,555030,破虚空衍群龙-龙母
555038,,555038,斐灵之心-皮塔
555042,,555042,圣树临辉光暗双耀-奇灵王
555050,,555050,春晖神女-可兰
555055,,555055,天国守护者-白天使王
555142,,555142,圣魂觉醒-伊撒尔
555171,,555171,伊甸园的余晖-亚当
555197,,555197,荒秽堕墟-阿波菲斯
555199,,555199,自然恩赐-薇薇安
555230,,555230,狂肆之旅-邪神
555235,,555235,瞰世之棘-亘古树灵
555240,,555240,霜寒冰域-上古龙女
555265,,555265,永恒炽阳-神阿波罗
555291,,555291,原初骑士-洛兰
555293,,555293,横扫三界-孙悟空
555300,,555300,翼龙之子-凌风
555301,,555301,长夜墟渊-烛龙
555314,,555314,青山沐日天地无疆-盘古
555327,,555327,次元守护-伊撒尔
555349,,555349,末裔之歌-海伦娜
555402,,555402,断海沧澜-龙太子
555438,,555438,墟尽神临之噬-赫耳墨斯
555453,,555453,孤胆英雄-赵云
555488,,555488,黑翎之妄朽界之暗-梵天
555491,,555491,幻相至尊-白皇星焰
555493,,555493,天启纪元缔世圣冕-梵天
555574,,555574,幽泉使者-孟婆
555578,,555578,神霆点苍-奇灵王
555579,,555579,纵马引弓巾帼志-孙尚香
555623,,555623,七罪圣裁-伊撒尔
560003,,560003,大师兔
560006,,560006,爆焰吉拉
560009,,560009,露西亚
560072,,560072,斯多王
560126,,560126,蝎子王
560195,,560195,影刃
560238,,560238,阿努比斯
560249,,560249,尤莱亚
560278,,560278,烈焰鸟
560302,,560302,龙族重剑士
560414,,560414,火云牛斗士
560418,,560418,山脉之魂
560460,,560460,亚帝斯克
560493,,560493,年兽
560630,,560630,蓝铁巨鳄
560668,,560668,暗影夜蝠
560715,,560715,远古灵龟
560728,,560728,凯撒
560731,,560731,修罗
560780,,560780,天辉侠
560781,,560781,爆裂侠
560782,,560782,怒风侠
560903,,560903,震地巨兽
560967,,560967,巨岩
561058,,561058,重炮龙龟
561118,,561118,幻影
561120,,561120,冰刃侠
561142,,561142,幻灵
561159,,561159,极冰海牙
561220,,561220,利爪格非
561222,,561222,光速侠
561234,,561234,拉诺斯
561336,,561336,波塞冬
561350,,561350,赤翼魔龙王
561381,,561381,炫光龙法师
561426,,561426,黑炎龙
561464,,561464,欧比
561471,,561471,数码星诺
561493,,561493,冰星诺
561577,,561577,王者蒙奇
561605,,561605,曹操
561636,,561636,金甲战士
561651,,561651,路威杰
561657,,561657,费希特
561660,,561660,巴尔德
561662,,561662,圣盾奇凌王
561716,,561716,奥天
561726,,561726,利威尔
561728,,561728,厉轰王
561749,,561749,雷霆青龙
561752,,561752,惊涛玄武
561759,,561759,费尔顿
561775,,561775,克洛托斯
561797,,561797,艾思诺
561805,,561805,焚天烈焰马
561815,,561815,苏恩克
561860,,561860,格里芬
561861,,561861,龙刃
561900,,561900,烈战
561924,,561924,银魂
561925,,561925,龙·炎王
561950,,561950,擎战
561953,,561953,帝皇圣龙
561960,,561960,艾斯库林
561963,,561963,噬星白虎
561970,,561970,亚历山大
561975,,561975,飓焰朱雀
561993,,561993,术士加比
562020,,562020,无念
562023,,562023,龙·帝卡
562024,,562024,炫光金小问
562033,,562033,风暴龙
562035,,562035,暗影魔将
562036,,562036,暗焰天龙
562043,,562043,司马懿
562050,,562050,煌炎战神
562058,,562058,圣光X神兽
562079,,562079,圣纹艾恩
562080,,562080,龙·冰罗皇
562088,,562088,云空战骑
562096,,562096,圣域·幻冥
562097,,562097,圣域·幻光
562098,,562098,傲月武神
562114,,562114,龙·斗罗明王
562144,,562144,时空巨龙
562801,,562801,龙太子
563384,,563384,[斗转星移]智慧王
563408,,563408,[亘古鸿蒙]力量王
563495,,563495,[无尽神兵]银
563496,,563496,[无限魔枪]黑
563536,,563536,[七星神帝]龙刃
563577,,563577,[玄音神]乾达婆
563740,,563740,[空间法则]超维伊撒尔
563921,,563921,[混沌起源]神启·卡奥斯
563922,,563922,[混沌魔女]莉莉丝（神启者）
563923,,563923,星辉时代·圣天伊
563924,,563924,星辉时代·黄金圣天伊
563932,,563932,天穹之君·仙王座
563933,,563933,星宇之姬·仙后座
563946,,563946,神之战鳞·枪魂应龙
563950,,563950,无双剑意·剑帝修纳
563954,,563954,春晖神女·可兰
563966,,563966,万王天谕·圣王麒麟
563968,,563968,星轨圣裁之回响·羲和
563974,,563974,日月轮回之龙息·帝俊
563975,,563975,万世龙尊·帝皇龙
563979,,563979,真炎神君·菲尔
563983,,563983,开天地创净土·盘古
563986,,563986,斗战胜佛·孙悟空
563987,,563987,浮光般若·炽寒天凤
563988,,563988,皆归四象·万灵王
564004,,564004,万神之王·宙斯
564005,,564005,万冥之主·哈迪斯
564008,,564008,主天道御天下·乾坤
564024,,564024,龙诫诸天·阿修罗
564029,,564029,神国之主·奥丁大帝
564036,,564036,未来计划·黯帝修罗
564037,,564037,未来计划·暴君凯撒
564041,,564041,源水风暴·梅卡
564042,,564042,星尊裁决·上古星龙
564043,,564043,未来计划·嗜血狼王
564048,,564048,未来计划·噬魂夜王
564050,,564050,破虚空衍群龙·龙母
564056,,564056,命运交响·亚当
564057,,564057,未来计划·神秘战无炎
564060,,564060,星辰造世·奇灵王
564066,,564066,未来计划·大妖神武月
564070,,564070,造自然耀万物·盖亚
564102,,564102,傲凡尘启仙灵·女娲
564119,,564119,扉之光时之晖·王者羲和
564174,,564174,十殿阎罗·地藏王
564179,,564179,众神の意志·王者宙斯
564247,,564247,无烬噩梦·传说伊撒尔
564276,,564276,天与海的誓言·梦
564322,,564322,轮回溯梦·传说伊撒尔
564411,,564411,解构·王者世界
564446,,564446,梦幻云端之忆·梦
564466,,564466,星辉羁绊·圣天伊
564867,,564867,木之精灵王-可兰
564868,,564868,净化之光-拉克丝的幻影
564869,,564869,梦幻之光-罗塔纱
564870,,564870,水之精灵王-梅卡
564871,,564871,光启时代-圣天伊
564872,,564872,火之精灵王-菲尔
564875,,564875,守护之光-米垭
564879,,564879,神羽曙光-奥天
564881,,564881,圣窗余晖-米迦勒
564882,,564882,繁星余迹-路西法
564893,,564893,绿叶咆哮-棕叶战熊
564904,,564904,天使圣音-姬露比
564911,,564911,无我之境-力量王
564926,,564926,瑞兔赐福-卯小兔
564942,,564942,天蓬元帅-猪八戒
564946,,564946,众生乐土万灵随行-末那
564947,,564947,海枯之心-白京京
564953,,564953,暗能涌动星海创生-提亚玛特
564960,,564960,卷帘大将-沙悟净
565025,,565025,星轨圣裁之回响-羲和
565030,,565030,破虚空衍群龙-龙母
565042,,565042,圣树临辉光暗双耀-奇灵王
565082,,565082,深渊之契-绮美拉
565104,,565104,王者加冕-圣天伊
565111,,565111,无垠-愚者
565171,,565171,伊甸园的余晖-亚当
565253,,565253,爱与美的赞歌-维纳斯
565265,,565265,永恒炽阳-神阿波罗
565314,,565314,青山沐日天地无疆-盘古
565332,,565332,金翅神羽-迦楼罗
565400,,565400,审神律理-无冕之王
565467,,565467,灵骸烬染之潮-夜樱
565488,,565488,黑翎之妄朽界之暗-梵天
565493,,565493,天启纪元缔世圣冕-梵天
565515,,565515,灵智终端-黛拉
565527,,565527,一剑封魂-白夜叉
565562,,565562,悟道成佛-孙悟空
565578,,565578,神霆点苍-奇灵王
565590,,565590,时序永前万境永在-时空王
565610,,565610,怒焰裁世-狂龙
565614,,565614,不朽龙主-巴哈姆特
565616,,565616,欲金之君王-撒共姆
565622,,565622,创界悯世之颂祷-龙母
565657,,565657,纪元初光之回响-圣天伊
570323,,570323,梅卡
570728,,570728,凯撒
570793,,570793,小奇灵
570794,,570794,奇灵王
571648,,571648,菲尔
571649,,571649,可兰
571926,,571926,帝王奇灵
572160,,572160,神照修罗王
572161,,572161,神照修罗王
572165,,572165,创圣天奇灵
572166,,572166,创圣天奇灵
572179,,572179,魂王天使雷米
572180,,572180,魂王天使雷米
572189,,572189,神焰天使乌利
572190,,572190,神焰天使乌利
573387,,573387,[太阴]幽荧
573390,,573390,[太阳]烛照
573437,,573437,[神之使者]阿努比斯
573438,,573438,[宇宙秩序]毗湿奴
573446,,573446,[七十二柱]所罗门王
573495,,573495,[无尽神兵]银
573496,,573496,[无限魔枪]黑
573526,,573526,[纵横捭阖]无冕之王
573538,,573538,[纵横捭阖]无冕之王
573610,,573610,[剑化阴阳]钧天
573619,,573619,[御天龙魂]龙吟守
573683,,573683,[天焰至尊]王者菲尔
573731,,573731,[黄泉大神]伊邪那美
573821,,573821,[深藏功与名]通灵无冕之王
573822,,573822,[神爱世人]王者天使王（五王）
573823,,573823,[八荒战神]英雄东皇太一 （五王）
573824,,573824,[黑白相生]灵魂奇灵王 （五王）
573825,,573825,[武霸天下]灵魂貘
573849,,573849,[浩海之主]王者梅卡
573920,,573920,[始祖龙尊]命运龍
573923,,573923,星辉时代·圣天伊
573941,,573941,宇之终始星之诞灭·银河
573943,,573943,撒旦之子·魔域星君
573958,,573958,神之审判·白天使王
573959,,573959,魔之禁锢·黑天使王
573968,,573968,星轨圣裁之回响·羲和
573980,,573980,四灵之主·苍穹圣龙
573983,,573983,开天地创净土·盘古
573988,,573988,皆归四象·万灵王
573999,,573999,第一真祖·黑翼王
574000,,574000,覆天之影·黑翼王
574004,,574004,万神之王·宙斯
574005,,574005,万冥之主·哈迪斯
574008,,574008,主天道御天下·乾坤
574020,,574020,大道独行·天命王
574030,,574030,太极生两仪·东皇太一
574031,,574031,荒宇生无极·东皇太一
574036,,574036,未来计划·黯帝修罗
574037,,574037,未来计划·暴君凯撒
574043,,574043,未来计划·嗜血狼王
574047,,574047,须弥天帝·帝释天
574048,,574048,未来计划·噬魂夜王
574050,,574050,破虚空衍群龙·龙母
574053,,574053,惊鸿逐月·李白
574057,,574057,未来计划·神秘战无炎
574060,,574060,星辰造世·奇灵王
574061,,574061,混元合一·奇灵王
574066,,574066,未来计划·大妖神武月
574070,,574070,造自然耀万物·盖亚
574076,,574076,统御四海·敖兴
574083,,574083,天堂创世之光·王者天使王
574092,,574092,真理之门·无冕之王
574115,,574115,通天神威·王者孙悟空
574119,,574119,扉之光时之晖·王者羲和
574128,,574128,深渊之主·拉莱耶
574129,,574129,英霸之气·诸葛亮
574132,,574132,深渊の凝视·奈亚
574215,,574215,神枪镇山河·韩信
574246,,574246,魔神·以撒
574259,,574259,群星璀璨穹宇之巅·银河
574335,,574335,权御万界·天帝昊天
574337,,574337,恶业轮回·魔君夜渊
574370,,574370,寒露凝霜·冰雪女皇
574391,,574391,冥夜瞬影·王者黑翼王
574406,,574406,地龙天威·摩罗迦
574411,,574411,解构·王者世界
574412,,574412,尔等为臣·女帝
574427,,574427,破晓棋局·无冕之王
574428,,574428,泰坦巨神王·普罗米修斯
574466,,574466,星辉羁绊·圣天伊
574482,,574482,繁星流转宇宙生灭·银河
574484,,574484,暗物质创世母神·提亚玛特
574541,,574541,咏春意千秋魂·奇灵王
574867,,574867,木之精灵王-可兰
574868,,574868,净化之光-拉克丝
574869,,574869,梦幻之光-罗塔纱
574870,,574870,水之精灵王-梅卡
574872,,574872,火之精灵王-菲尔
574875,,574875,守护之光-米垭
574879,,574879,神羽曙光-奥天
574881,,574881,圣窗余晖-米迦勒
574882,,574882,繁星余迹-路西法
574892,,574892,猩红序曲-露易丝
574904,,574904,天使圣音-姬露比
574940,,574940,齐天大圣-孙悟空
574942,,574942,天蓬元帅-猪八戒
574946,,574946,众生乐土万灵随行-末那
574947,,574947,海枯之心-白京京
574953,,574953,暗能涌动星海创生-提亚玛特
574958,,574958,清辉映星河-望舒
574960,,574960,卷帘大将-沙悟净
574979,,574979,大汉天子-汉武帝刘彻
575025,,575025,星轨圣裁之回响-羲和
575030,,575030,破虚空衍群龙-龙母
575042,,575042,圣树临辉光暗双耀-奇灵王
575164,,575164,妙笔创生绘世-女娲
575178,,575178,玄墨藏锋-龙宵
575188,,575188,万神之王-宙斯
575208,,575208,夜与月的蔷薇-夜兰
575214,,575214,绝望噬影-尼德霍格
575265,,575265,永恒炽阳-神阿波罗
575289,,575289,破晓圣光-白羽公主
575295,,575295,永夜之主-夜王
575299,,575299,幻世镜梦-谴
575314,,575314,青山沐日天地无疆-盘古
575370,,575370,尼伯龙根之主-法芙娜
575377,,575377,冰霜亡域-巫妖王
575414,,575414,白魔法师-真言诺亚
575467,,575467,灵骸烬染之潮-夜樱
575488,,575488,黑翎之妄朽界之暗-梵天
575564,,575564,一桥一诺一相逢-梦
575578,,575578,神霆点苍-奇灵王
575598,,575598,虚堕之君王-贝利亚尔
575622,,575622,创界悯世之颂祷-龙母
575644,,575644,光穹永耀之辉-天使王
575645,,575645,预命之君王-瓦沙克
575659,,575659,雪域圣主-冰雪女皇
583821,,583821,[深藏功与名]通灵无冕之王
583941,,583941,宇之终始星之诞灭·银河
583966,,583966,万王天谕·圣王麒麟
583968,,583968,星轨圣裁之回响·羲和
583974,,583974,日月轮回之龙息·帝俊
583983,,583983,开天地创净土·盘古
583987,,583987,浮光般若·炽寒天凤
583988,,583988,皆归四象·万灵王
583999,,583999,第一真祖·黑翼王
584000,,584000,覆天之影·黑翼王
584004,,584004,万神之王·宙斯
584008,,584008,主天道御天下·乾坤
584020,,584020,大道独行·天命王
584024,,584024,龙诫诸天·阿修罗
584025,,584025,轮回溯梦·伊撒尔
584029,,584029,神国之主·奥丁大帝
584030,,584030,太极生两仪·东皇太一
584031,,584031,荒宇生无极·东皇太一
584036,,584036,未来计划·黯帝修罗
584037,,584037,未来计划·暴君凯撒
584043,,584043,未来计划·嗜血狼王
584046,,584046,龙魂永曜·龍
584047,,584047,须弥天帝·帝释天
584048,,584048,未来计划·噬魂夜王
584050,,584050,破虚空衍群龙·龙母
584053,,584053,惊鸿逐月·李白
584057,,584057,未来计划·神秘战无炎
584060,,584060,星辰造世·奇灵王
584061,,584061,混元合一·奇灵王
584066,,584066,未来计划·大妖神武月
584074,,584074,末法斩业·迦楼罗
584075,,584075,光明之神·阿波罗
584083,,584083,天堂创世之光·王者天使王
584088,,584088,时间故梦·王者伊撒尔
584089,,584089,超感猎手·枪神王
584102,,584102,傲凡尘启仙灵·女娲
584113,,584113,未来计划·日月战武神
584114,,584114,未来计划·日月战武神
584119,,584119,扉之光时之晖·王者羲和
584120,,584120,梦幻绮丽之夜·羲和
584127,,584127,GOD·无冕之王
584132,,584132,深渊の凝视·奈亚
584134,,584134,远古精灵王·伊撒尔
584141,,584141,驭灵度众生·SP通灵王
584151,,584151,诸神至高王座·王者奥丁大帝
584152,,584152,审判之枪·奥丁大帝
584153,,584153,神国天后·弗丽嘉
584157,,584157,未来计划·圣修暗凯帝
584158,,584158,未来计划·圣修暗凯帝
584166,,584166,伐天堕神·刑天
584167,,584167,鹿鸣仙风·姜子牙
584170,,584170,未来计划·冥夜君狼王
584171,,584171,未来计划·冥夜君狼王
584174,,584174,十殿阎罗·地藏王
584179,,584179,众神の意志·王者宙斯
584191,,584191,终极未来计划·王牌战队
584204,,584204,帝刹穹天·至高龙尊
584219,,584219,黑暗未来计划·念
584233,,584233,零阶·愚者
584246,,584246,魔神·以撒
584247,,584247,无烬噩梦·传说伊撒尔
584248,,584248,星轨圣裁之回响·传说羲和
584256,,584256,崩坏·天使王
584258,,584258,禁锢审判·传说天使王
584259,,584259,群星璀璨穹宇之巅·银河
584260,,584260,主天道御天下·传说乾坤
584278,,584278,阴阳主百鬼王·晴明
584290,,584290,枭影暗香来·孙尚香
584292,,584292,绝望·尼德霍格
584295,,584295,逆天·孙悟空
584306,,584306,救世天幕·传说时空王
584322,,584322,轮回溯梦·传说伊撒尔
584323,,584323,神裁·奥天
584327,,584327,大道独行·SP天命王
584329,,584329,全知·律
584337,,584337,恶业轮回·魔君夜渊
584343,,584343,掌混沌终因果·卡奥斯
584351,,584351,黑蔷薇·莉莉丝（神启者）
584352,,584352,妖相百斩·SP洪荒无极
584356,,584356,群星之怒·上古星龙
584357,,584357,瀚空碧海之辰·上古星龙
584358,,584358,星神誓约·星魔（神启者）
584363,,584363,希望龙神·厄尔庇斯
584366,,584366,末世幽火悯·赫菲斯托斯
584369,,584369,断罪恕业·白夜叉
584374,,584374,绝对水域·王者梅卡
584383,,584383,潜龙在渊·帝皇龙
584387,,584387,传世经典·景泰蓝（神启者）
584391,,584391,冥夜瞬影·王者黑翼王
584396,,584396,武绝凌天·传说貘
584406,,584406,地龙天威·摩罗迦
584411,,584411,解构·王者世界
584418,,584418,旧约断罪书·撒迦利亚
584427,,584427,破晓棋局·无冕之王
584428,,584428,泰坦巨神王·普罗米修斯
584431,,584431,至高冠冕之谕·真理之后
584452,,584452,未来计划·传说日月战武神
584453,,584453,神诫·宙斯
584456,,584456,混沌之子·厄瑞玻斯
584457,,584457,深渊意志·拉莱耶
584463,,584463,轮回の终焉·奈亚
584465,,584465,心机兔·克希拉
584470,,584470,空间魂梦·传说伊撒尔
584474,,584474,至圣不朽之勋·奥丁大帝
584475,,584475,神权规诫准则·吉尔伽美什
584480,,584480,未来计划·传说圣修暗凯帝
584482,,584482,繁星流转宇宙生灭·银河
584495,,584495,命运福音·亚当
584496,,584496,天国恩光·天使王
584503,,584503,绿野扉光·王者可兰
584504,,584504,未来计划·传说冥夜君狼王
584507,,584507,圣祷安魂曲·露易丝
584517,,584517,众生自然之灵·盖亚
584527,,584527,终极神威·王牌战队
584528,,584528,红颜傲骨·穆桂英
584537,,584537,诸邪无我·八岐龙吟
584541,,584541,咏春意千秋魂·奇灵王
584552,,584552,万古龙魂·龍
584555,,584555,直抵未来之辰星·梵天
584556,,584556,无垢幻境·白皇星焰（四皇）
584557,,584557,龙啸奥义·龙皇辉斗（四皇）
584558,,584558,朱染雀羽·雀皇紫辰（四皇）
584559,,584559,混元启世·玄皇耀凌（四皇）
584567,,584567,阴阳合一·天道无极
584575,,584575,无量乐土·末那
584577,,584577,宿命之尘·尘纱
584582,,584582,横扫沧海·龙太子
584584,,584584,天道秩序之尊·乾坤
584591,,584591,我欲齐天·孙悟空
584592,,584592,深渊の凝视·SP奈亚
584593,,584593,醉心梅开·洛洛离
584596,,584596,流云碧落日月之辉·羲和
584597,,584597,诸天万世我主浮沉·帝俊
584611,,584611,熵寂·愚者
584616,,584616,星穹溯光苍生为棋·银河
584624,,584624,天与海的誓言·SP梦
584625,,584625,超界领域·时空王
584632,,584632,帝临山河·圣王麒麟
584644,,584644,纯白之灾厄·海蒂拉玛
584648,,584648,灾厄救世主·海蒂拉玛
584679,,584679,太阳神的庇护·阿波罗
584681,,584681,倾心月桂·达芙妮
584689,,584689,万界混沌之主·卡奥斯
584690,,584690,缱绻花吻·莉莉丝
584709,,584709,纯白之羽·米迦勒
584710,,584710,漆黑之翼·路西法
584727,,584727,灼世辉光·烈焰凤凰
584728,,584728,凤鸣岐山·烈焰凤凰
584734,,584734,泰坦神铠·骸
584741,,584741,太极化万象·东皇太一
584752,,584752,臣服于我·女帝
584760,,584760,晞光的祈唤·王者羲和
584761,,584761,天神启示之光·天使王
584764,,584764,武霸寰宇·貘
584767,,584767,轮回誓约·无冕之王
584800,,584800,秩序万界之柱·乾坤
584867,,584867,木之精灵王-可兰
584868,,584868,净化之光-拉克丝
584869,,584869,梦幻之光-罗塔纱
584870,,584870,水之精灵王-梅卡
584872,,584872,火之精灵王-菲尔
584875,,584875,守护之光-米垭
584882,,584882,繁星余迹-路西法
584955,,584955,凛冬之意-瓦格纳
585025,,585025,星轨圣裁之回响-羲和
585026,,585026,雅克守护者-神罗麦提
585033,,585033,龙族新歌-玲玲珑
585042,,585042,圣树临辉光暗双耀-奇灵王
585052,,585052,湍流激越-橙李
585176,,585176,拘演周易-周文王姬昌
585178,,585178,玄墨藏锋-龙宵
585254,,585254,大道无名-天命王
585258,,585258,魔神再临-以撒
585265,,585265,永恒炽阳-神阿波罗
585314,,585314,青山沐日天地无疆-盘古
585353,,585353,诸天神通-帝释天
585371,,585371,深渊缠绕者-利维坦
585394,,585394,苍翠守望-终结兔
585488,,585488,黑翎之妄朽界之暗-梵天
585506,,585506,无畏重铠-达鲁
585717,,585717,暗潮星漩创界之渊-提亚玛特
585723,,585723,纪元至高之引-海蒂拉玛
585724,,585724,渊秘之君王-派蒙
585737,,585737,GOD
585749,,585749,诱火之君王-阿斯摩太
585762,,585762,虚环-愚者
585764,,585764,大荒共主-天帝昊天
585779,,585779,深渊的回音-奈亚
593413,,593413,[扶桑大神]伊邪那岐
593414,,593414,[黄泉大神]伊邪那美
593425,,593425,[上古月神]神武月
593428,,593428,[上古炎帝]战无炎
593438,,593438,[宇宙秩序]毗湿奴
593441,,593441,[狗界大佬]柴哥
593821,,593821,[深藏功与名]通灵无冕之王
593907,,593907,[绝望龙神]尼德霍格
593999,,593999,第一真祖·黑翼王
594000,,594000,覆天之影·黑翼王
594002,,594002,第二真祖·露易丝
594005,,594005,万冥之主·哈迪斯
594008,,594008,主天道御天下·乾坤
594020,,594020,大道独行·天命王
594036,,594036,未来计划·黯帝修罗
594037,,594037,未来计划·暴君凯撒
594043,,594043,未来计划·嗜血狼王
594048,,594048,未来计划·噬魂夜王
594050,,594050,破虚空衍群龙·龙母
594056,,594056,命运交响·亚当
594057,,594057,未来计划·神秘战无炎
594066,,594066,未来计划·大妖神武月
594093,,594093,武绝凌天·貘
594119,,594119,扉之光时之晖·王者羲和
594132,,594132,深渊の凝视·奈亚
594167,,594167,鹿鸣仙风·姜子牙
594175,,594175,第二真祖·SP露易丝
594215,,594215,神枪镇山河·韩信
594246,,594246,魔神·以撒
594290,,594290,枭影暗香来·孙尚香
594335,,594335,权御万界·天帝昊天
594342,,594342,梵音净心·乾达婆
594411,,594411,解构·王者世界
594418,,594418,旧约断罪书·撒迦利亚
594428,,594428,泰坦巨神王·普罗米修斯
594443,,594443,深潜者·克拉肯
594453,,594453,神诫·宙斯
594454,,594454,缠绕者·利维坦
594463,,594463,轮回の终焉·奈亚
594476,,594476,浅樱铃音·欧若拉
594495,,594495,命运福音·亚当
594592,,594592,深渊の凝视·SP奈亚
594679,,594679,太阳神的庇护·阿波罗
594690,,594690,缱绻花吻·莉莉丝
594709,,594709,纯白之羽·米迦勒
594710,,594710,漆黑之翼·路西法
594727,,594727,灼世辉光·烈焰凤凰
594734,,594734,泰坦神铠·骸
594741,,594741,太极化万象·东皇太一
594752,,594752,臣服于我·女帝
594760,,594760,晞光的祈唤·王者羲和
594761,,594761,天神启示之光·天使王
594867,,594867,木之精灵王-可兰
594868,,594868,净化之光-拉克丝
594869,,594869,梦幻之光-罗塔纱
594870,,594870,水之精灵王-梅卡
594872,,594872,火之精灵王-菲尔
594875,,594875,守护之光-米垭
594882,,594882,繁星余迹-路西法
595042,,595042,圣树临辉光暗双耀-奇灵王
595254,,595254,大道无名-天命王
595265,,595265,永恒炽阳-神阿波罗
595314,,595314,青山沐日天地无疆-盘古
595488,,595488,黑翎之妄朽界之暗-梵天
600003,,600003,大师兔
600006,,600006,爆焰吉拉
600009,,600009,露西亚
600012,,600012,寒冰玉兔
600087,,600087,冰拳艾司
600090,,600090,沙麒麟
600093,,600093,木面侠
600096,,600096,金刚库巴
600099,,600099,火花龙
600102,,600102,合金猛将
600105,,600105,神武月
600320,,600320,雷帝神
600328,,600328,SR战士
600427,,600427,星光角斗士
600475,,600475,浮云尊者
600493,,600493,年兽
600639,,600639,满月巨灵
600715,,600715,远古灵龟
600840,,600840,神罗麦提
601259,,601259,友人契约书
601291,,601291,塞娅
601350,,601350,赤翼魔龙王
601541,,601541,魔戒邪灵
601756,,601756,阿尔萨斯
601861,,601861,龙刃
601905,,601905,君焰狼王
601911,,601911,炽燎天
601964,,601964,狂战暗影兽
601985,,601985,断空翼皇
601990,,601990,苍耀光圣
601994,,601994,天苍霜龙
601999,,601999,创世星灵
602020,,602020,无念
602027,,602027,裂空菲洛
602033,,602033,风暴龙
602036,,602036,暗焰天龙
602039,,602039,帝夜奇纳
602064,,602064,斗士豪达
602066,,602066,盼达博士
602099,,602099,君芒艾恩
602156,,602156,贪狼
602158,,602158,战天威
602213,,602213,文曲
602422,,602422,天焰菲尔
602449,,602449,雷怒青龙
602464,,602464,大白
602526,,602526,阿牧牧
602530,,602530,本遥遥
602698,,602698,飞流流
602709,,602709,妮凰凰
602710,,602710,神·梵天
602719,,602719,玛斯特
602721,,602721,格雷夫
602723,,602723,蔺辰辰
602735,,602735,蒙志志
602762,,602762,火花天龙
602764,,602764,森罗可兰
602776,,602776,凯旋
602788,,602788,雪莉
602796,,602796,八一
603049,,603049,轩辕·完全体
603145,,603145,圣修暗凯帝·完全体
603156,,603156,鬼墨无忧·完全体
603191,,603191,传奇冰雪女皇
603207,,603207,传奇月神
603210,,603210,御星璃
603214,,603214,洪荒王
603215,,603215,传奇烈焰凤凰
603216,,603216,传奇奇灵王
603217,,603217,传奇圣冕麒麟
603218,,603218,传奇龙太子
603222,,603222,传奇雷帝神
603223,,603223,传奇奥天
603224,,603224,传奇炎帝
603227,,603227,传奇黑炎龙
603233,,603233,传奇暗翼
603238,,603238,传奇星魔
603242,,603242,传奇星龙
603245,,603245,传奇宙斯
603246,,603246,传奇逍遥
603249,,603249,传奇东皇太一
603254,,603254,传奇归零者
603261,,603261,传奇孙悟空
603265,,603265,传奇妖王冽
603266,,603266,传奇源
603270,,603270,永生·毁灭之神
603285,,603285,传奇炽寒天凤
603311,,603311,暗黑传奇圣天伊
603313,,603313,传奇八岐龙吟
603352,,603352,传奇帝皇龙
603371,,603371,传奇圣修暗凯帝
603379,,603379,传奇冰雪大帝
603380,,603380,[王者羁绊]圣天伊
603381,,603381,[远古精灵王]伊撒尔
603383,,603383,[祸乱之源]黑桃K
603384,,603384,[斗转星移]智慧王
603385,,603385,[神之九尾]玉藻皇
603387,,603387,[太阴]幽荧
603388,,603388,[远古大妖]大天狗
603390,,603390,[太阳]烛照
603391,,603391,[战场萝莉]赫尔薇尔
603392,,603392,[火神]祝融
603394,,603394,[铃樱少女]欧若拉
603398,,603398,[始祖巨人]伊米尔
603399,,603399,[逢魔之约]阴阳
603401,,603401,[四海龙王]敖兴
603402,,603402,[雷霆主宰]风暴龙
603403,,603403,[天罪弑神者]兰斯洛
603404,,603404,[鬼族之王]酒吞龙泉
603405,,603405,[天启堕神王]梵天
603406,,603406,[未来精灵王]梵天
603408,,603408,[亘古鸿蒙]力量王
603409,,603409,[天道守护]东皇太一
603410,,603410,[驭龙英雄]神锋王骑
603411,,603411,[偷心女王]亚森罗宾
603412,,603412,[黄帝]轩辕
603414,,603414,[黄泉大神]伊邪那美
603417,,603417,[破坏神]须佐之男
603431,,603431,[青莲剑仙]李白
603436,,603436,[沙影谍王]阿里巴巴
603438,,603438,[宇宙秩序]毗湿奴
603441,,603441,[狗界大佬]柴哥
603446,,603446,[七十二柱]所罗门王
603454,,603454,[星界霸主]上古星龙
603462,,603462,[冥主]哈迪斯
603466,,603466,[希望之神]奥天
603470,,603470,[白垩传说]青翼龙王
603479,,603479,[圣堂刺客]半夏
603482,,603482,[圣堂之主]舜华
603483,,603483,[傲慢与偏见]归零者
603484,,603484,[黑夜娜迦]暗翼女神
603486,,603486,[战争与和平]自由之神
603495,,603495,[无尽神兵]银
603496,,603496,[无限魔枪]黑
603499,,603499,[凛冬将至]冰雪大帝
603504,,603504,[万物之始]源
603509,,603509,[地龙神]摩罗迦
603525,,603525,[不朽寒冰]冰雪女皇
603526,,603526,[纵横捭阖]无冕之王
603530,,603530,[千古女帝]武则天
603537,,603537,{天道阳极]阳
603538,,603538,[纵横捭阖]无冕之王
603547,,603547,[救赎之音]亚伯
603548,,603548,[天道阴极]阴
603549,,603549,[无双战神]吕布
603558,,603558,[寒冰王座]白虎
603561,,603561,[天选之王]亚当
603562,,603562,[天选之王]亚当
603563,,603563,[雷霆之怒]青龙
603565,,603565,[不动如山]玄武
603571,,603571,[烈焰红莲]朱雀
603587,,603587,[克敌机先]天枢影
603597,,603597,[气吞山河]圣体力量王
603598,,603598,[气吞山河]圣体力量王
603601,,603601,[荧惑魅灵]后卿
603608,,603608,[星现万物]王者智慧王
603609,,603609,[九重天主]东华帝君
603610,,603610,[剑化阴阳]钧天
603620,,603620,[时间法则]王者伊撒尔
603636,,603636,[天玑天璇]重楼
603644,,603644,[时间终焉]洛羲
603645,,603645,[时间终焉]洛羲
603646,,603646,[天启之光]通灵梵天
603647,,603647,[幻召虚空]白皇星焰（四皇）
603648,,603648,[无敌斗尊]龙皇辉斗（四皇）
603649,,603649,[不死传说]雀皇紫辰（四皇）
603650,,603650,[元素审判]玄皇耀凌（四皇）
603656,,603656,[天命七星]神兵圣王
603657,,603657,[伍心开阳]姬如意（神兵）
603658,,603658,[玉衡金仙]灵天释（神兵）
603659,,603659,[天玑天璇]重楼（神兵）
603660,,603660,[执掌天权]御渊（神兵）
603661,,603661,[万界天枢]紫璇（神兵）
603664,,603664,[神爱世人]王者天使王
603665,,603665,[冰雪奇缘]绝界欧若拉
603666,,603666,[湮灭诸天]九曜
603667,,603667,[湮灭诸天]九曜
603668,,603668,[王启诸灵]王者通灵王
603669,,603669,[广寒仙子]嫦娥
603670,,603670,[大道至臻]天命王
603671,,603671,[大道至臻]天命王
603672,,603672,[王之冕]英雄圣王麒麟
603673,,603673,[王之冕]英雄圣王麒麟
603674,,603674,[神谕之光]绝界阿波罗
603683,,603683,[天焰至尊]王者菲尔
603789,,603789,[冰雪王族]女皇大帝
603825,,603825,[武霸天下]灵魂貘
603849,,603849,[浩海之主]王者梅卡
603923,,603923,星辉时代·圣天伊
603924,,603924,星辉时代·黄金圣天伊
603925,,603925,星辉少女·小熊座
603926,,603926,辉煌城主·天龙座
603928,,603928,救世天幕·时空王
603930,,603930,绯红女王·大熊座
603932,,603932,天穹之君·仙王座
603933,,603933,星宇之姬·仙后座
603936,,603936,自由女王·拜伦
603937,,603937,末世樱剑舞·千夏
603941,,603941,宇之终始星之诞灭·银河
603942,,603942,光翼缔造者·创世星灵
603947,,603947,神之皇鳞·剑魂白泽
603950,,603950,无双剑意·剑帝修纳
603951,,603951,芳绯初樱·欧若拉
603952,,603952,天灾统领·巫妖王
603953,,603953,末世红镰闪·希尔瓦娜斯
603954,,603954,春晖神女·可兰
603958,,603958,神之审判·白天使王
603959,,603959,魔之禁锢·黑天使王
603960,,603960,花晨月夕·洛羲
603963,,603963,魔王·撒旦
603964,,603964,天使恶魔·米迦勒x路西法
603965,,603965,天使恶魔·米迦勒x路西法
603966,,603966,万王天谕·圣王麒麟
603967,,603967,万事如意·锦毛鼠
603968,,603968,星轨圣裁之回响·羲和
603974,,603974,日月轮回之龙息·帝俊
603979,,603979,真炎神君·菲尔
603981,,603981,东方灵兽·青龙
603983,,603983,开天地创净土·盘古
603984,,603984,西方灵兽·白虎
603985,,603985,北方灵兽·玄武
603986,,603986,斗战胜佛·孙悟空
603990,,603990,无烬噩梦·伊撒尔
603991,,603991,圣光守护·超时空王
603992,,603992,威震天下·太阿
603999,,603999,第一真祖·黑翼王
604000,,604000,覆天之影·黑翼王
604004,,604004,万神之王·宙斯
604005,,604005,万冥之主·哈迪斯
604008,,604008,主天道御天下·乾坤
604018,,604018,剑越九霄·逍遥
604024,,604024,龙诫诸天·阿修罗
604026,,604026,天启神君·梵天
604029,,604029,神国之主·奥丁大帝
604030,,604030,太极生两仪·东皇太一
604031,,604031,荒宇生无极·东皇太一
604036,,604036,未来计划·黯帝修罗
604037,,604037,未来计划·暴君凯撒
604041,,604041,源水风暴·梅卡
604043,,604043,未来计划·嗜血狼王
604047,,604047,须弥天帝·帝释天
604048,,604048,未来计划·噬魂夜王
604050,,604050,破虚空衍群龙·龙母
604053,,604053,惊鸿逐月·李白
604056,,604056,命运交响·亚当
604057,,604057,未来计划·神秘战无炎
604060,,604060,星辰造世·奇灵王
604061,,604061,混元合一·奇灵王
604064,,604064,空间魂梦·伊撒尔
604066,,604066,未来计划·大妖神武月
604070,,604070,造自然耀万物·盖亚
604075,,604075,光明之神·阿波罗
604078,,604078,绝对时空法则·王者时空王
604079,,604079,无限星空·智慧王
604084,,604084,无限神力·力量王
604088,,604088,时间故梦·王者伊撒尔
604089,,604089,超感猎手·枪神王
604090,,604090,血狱魔躯·赤色梦魇
604092,,604092,真理之门·无冕之王
604093,,604093,武绝凌天·貘
604102,,604102,傲凡尘启仙灵·女娲
604109,,604109,十年の热血·吉拉
604115,,604115,通天神威·王者孙悟空
604119,,604119,扉之光时之晖·王者羲和
604120,,604120,梦幻绮丽之夜·羲和
604127,,604127,GOD·无冕之王
604132,,604132,深渊の凝视·奈亚
604133,,604133,斗篷人·奈亚
604151,,604151,诸神至高王座·王者奥丁大帝
604166,,604166,伐天堕神·刑天
604229,,604229,生命礼赞·可兰
604246,,604246,魔神·以撒
604335,,604335,权御万界·天帝昊天
604337,,604337,恶业轮回·魔君夜渊
604374,,604374,绝对水域·王者梅卡
604412,,604412,尔等为臣·女帝
604428,,604428,泰坦巨神王·普罗米修斯
604442,,604442,赤焰星芒·王者菲尔
604503,,604503,绿野扉光·王者可兰
604866,,604866,光启精灵王-伊撒尔
604867,,604867,木之精灵王-可兰
604868,,604868,净化之光-拉克丝
604869,,604869,梦幻之光-罗塔纱
604870,,604870,水之精灵王-梅卡
604871,,604871,光启时代-圣天伊
604872,,604872,火之精灵王-菲尔
604874,,604874,暗月千面-艾琳
604875,,604875,守护之光-米垭
604879,,604879,神羽曙光-奥天
604880,,604880,重枪风暴-合金猛将
604881,,604881,圣窗余晖-米迦勒
604882,,604882,繁星余迹-路西法
604884,,604884,神峰圣护-山脉之魂
604890,,604890,幽冥主宰-哈迪斯
604891,,604891,怒海狂潮-金刚库巴
604892,,604892,猩红序曲-露易丝
604893,,604893,绿叶咆哮-棕叶战熊
604898,,604898,永恒源晶裁决之龙-阿卜苏
604904,,604904,天使圣音-姬露比
604909,,604909,寰宇鎏金星河入怀-银河
604911,,604911,无我之境-力量王
604917,,604917,福瑞降人间-圣王麒麟
604921,,604921,GOD-无冕之王
604922,,604922,GOD-无冕之王
604925,,604925,执掌因果万世轮回-帝俊
604926,,604926,瑞兔赐福-卯小兔
604927,,604927,浮生浮灭万意恒常-阿赖耶识
604939,,604939,旃檀功德-唐三藏
604942,,604942,天蓬元帅-猪八戒
604945,,604945,众里寻他千百度-梦
604947,,604947,海枯之心-白京京
604952,,604952,谪仙剑无双-李白
604953,,604953,暗能涌动星海创生-提亚玛特
604955,,604955,凛冬之意-瓦格纳
604957,,604957,剑影抚落忆-孙尚香
604959,,604959,三位一体-至尊精灵王
604960,,604960,卷帘大将-沙悟净
604965,,604965,天道暗御-阴
604967,,604967,踏阴阳定荒宇-东皇太一
604968,,604968,引尘造万物-星尘
604969,,604969,天道曜护-阳
604977,,604977,千山落樱之辉-夜樱
604980,,604980,月魄孤影-神武月
604987,,604987,神炎日冕-战无炎
604994,,604994,至圣神王裁决-奥丁大帝
604995,,604995,源星之归引-上古星龙
604997,,604997,沙漠之心-阿努比斯
605007,,605007,永劫破灭混沌至尊-卡奥斯
605009,,605009,枯骨之花-莉莉丝
605020,,605020,白灵之尊-狼王
605021,,605021,万世独霸龙族至尊-帝皇龙
605023,,605023,倾世之寒-始祖冰龙
605025,,605025,星轨圣裁之回响-羲和
605030,,605030,破虚空衍群龙-龙母
605033,,605033,龙族新歌-玲玲珑
605042,,605042,圣树临辉光暗双耀-奇灵王
605052,,605052,湍流激越-橙李
605254,,605254,大道无名-天命王
605265,,605265,永恒炽阳-神阿波罗
605314,,605314,青山沐日天地无疆-盘古
605488,,605488,黑翎之妄朽界之暗-梵天
610215,,610215,青龙灵兽
610320,,610320,雷帝神
610388,,610388,玄武灵兽
610624,,610624,白虎灵兽
610741,,610741,朱雀灵兽
610976,,610976,诸葛亮
611108,,611108,吕布
611225,,611225,刘备
611291,,611291,塞娅
611350,,611350,赤翼魔龙王
611501,,611501,太阳星诺
611503,,611503,月亮星诺
611514,,611514,战魂猛犸
611541,,611541,魔戒邪灵
611756,,611756,阿尔萨斯
611852,,611852,赫提
611964,,611964,狂战暗影兽
612020,,612020,无念
612036,,612036,暗焰天龙
612039,,612039,帝夜奇纳
612043,,612043,司马懿
612082,,612082,剑帝修纳
612099,,612099,君芒艾恩
612104,,612104,圣·二郎真君
612107,,612107,圣域·幻极
612113,,612113,影武王
612152,,612152,光羽奥奇
612156,,612156,贪狼
612180,,612180,魂王天使雷米
612187,,612187,极·灵狼
612190,,612190,神焰天使乌利
612197,,612197,梦之星
612206,,612206,炽魂帝吉拉
612211,,612211,极·金刚龙神
612213,,612213,文曲
613384,,613384,[斗转星移]智慧王
613396,,613396,[诸神之父]奥丁大帝
613402,,613402,[雷霆主宰]风暴龙
613403,,613403,[天罪弑神者]兰斯洛
613408,,613408,[亘古鸿蒙]力量王
613413,,613413,[扶桑大神]伊邪那岐
613414,,613414,[黄泉大神]伊邪那美
613876,,613876,[豆蔻年华]绝界弗丽嘉
613923,,613923,星辉时代·圣天伊
613924,,613924,星辉时代·黄金圣天伊
613925,,613925,星辉少女·小熊座
613926,,613926,辉煌城主·天龙座
613928,,613928,救世天幕·时空王
613930,,613930,绯红女王·大熊座
613932,,613932,天穹之君·仙王座
613933,,613933,星宇之姬·仙后座
613936,,613936,自由女王·拜伦
613937,,613937,末世樱剑舞·千夏
613943,,613943,撒旦之子·魔域星君
613951,,613951,芳绯初樱·欧若拉
613953,,613953,末世红镰闪·希尔瓦娜斯
613954,,613954,春晖神女·可兰
613960,,613960,花晨月夕·洛羲
613968,,613968,星轨圣裁之回响·羲和
614030,,614030,太极生两仪·东皇太一
614036,,614036,未来计划·黯帝修罗
614037,,614037,未来计划·暴君凯撒
614043,,614043,未来计划·嗜血狼王
614047,,614047,须弥天帝·帝释天
614048,,614048,未来计划·噬魂夜王
614057,,614057,未来计划·神秘战无炎
614060,,614060,星辰造世·奇灵王
614066,,614066,未来计划·大妖神武月
614119,,614119,扉之光时之晖·王者羲和
614166,,614166,伐天堕神·刑天
614174,,614174,十殿阎罗·地藏王
614175,,614175,第二真祖·SP露易丝
614199,,614199,乱世英豪·吕布
614200,,614200,一曲相思意·貂蝉
614229,,614229,生命礼赞·可兰
614248,,614248,星轨圣裁之回响·传说羲和
614256,,614256,崩坏·天使王
614260,,614260,主天道御天下·传说乾坤
614294,,614294,三皇圣祖·伏羲
614295,,614295,逆天·孙悟空
614342,,614342,梵音净心·乾达婆
614406,,614406,地龙天威·摩罗迦
614411,,614411,解构·王者世界
614412,,614412,尔等为臣·女帝
614418,,614418,旧约断罪书·撒迦利亚
614428,,614428,泰坦巨神王·普罗米修斯
614584,,614584,天道秩序之尊·乾坤
614867,,614867,木之精灵王-可兰的幻影
614868,,614868,净化之光-拉克丝
614869,,614869,梦幻之光-罗塔纱
614870,,614870,水之精灵王-梅卡的幻影
614872,,614872,火之精灵王-菲尔
614874,,614874,暗月千面-艾琳
614875,,614875,守护之光-米垭
614881,,614881,圣窗余晖-米迦勒
614882,,614882,繁星余迹-路西法
614923,,614923,解构万物之眼-赫耳墨斯
614924,,614924,解构万物之眼-赫耳墨斯
614946,,614946,众生乐土万灵随行-末那
614964,,614964,深渊安魂曲-奈亚
614968,,614968,引尘造万物-星尘
614971,,614971,阴阳割昏晓-天道无极
614997,,614997,沙漠之心-阿努比斯
615042,,615042,圣树临辉光暗双耀-奇灵王
615254,,615254,大道无名-天命王
615265,,615265,永恒炽阳-神阿波罗
615314,,615314,青山沐日天地无疆-盘古
615488,,615488,黑翎之妄朽界之暗-梵天
620278,,620278,烈焰鸟
620317,,620317,天使莱特
620320,,620320,雷帝神
620418,,620418,山脉之魂
620819,,620819,天女若希
620865,,620865,超T兔
620995,,620995,翡冷翠
621291,,621291,塞娅
621322,,621322,迦娜
621350,,621350,赤翼魔龙王
621450,,621450,千年瑞兽
621541,,621541,魔戒邪灵
621616,,621616,剑圣太白
621697,,621697,猎空
621756,,621756,阿尔萨斯
621786,,621786,奥弗
621964,,621964,狂战暗影兽
622020,,622020,无念
622036,,622036,暗焰天龙
622039,,622039,帝夜奇纳
622047,,622047,影武·智
622050,,622050,煌炎战神
622080,,622080,龙·冰罗皇
622098,,622098,傲月武神
622114,,622114,龙·斗罗明王
622131,,622131,圣帝奥天
622140,,622140,魂刃夜王
622149,,622149,圣辉狼王
622150,,622150,万王圣麒麟
622156,,622156,贪狼
622161,,622161,神照修罗王
622166,,622166,创圣天奇灵
622194,,622194,圣龙·天伊
622201,,622201,黯天凯撒皇
622213,,622213,文曲
623928,,623928,救世天幕·时空王
623942,,623942,光翼缔造者·创世星灵
623950,,623950,无双剑意·剑帝修纳
623952,,623952,天灾统领·巫妖王
623958,,623958,神之审判·白天使王
623959,,623959,魔之禁锢·黑天使王
623963,,623963,魔王·撒旦
623964,,623964,天使恶魔·米迦勒x路西法
623965,,623965,天使恶魔·米迦勒x路西法
623966,,623966,万王天谕·圣王麒麟
623968,,623968,星轨圣裁之回响·羲和
624036,,624036,未来计划·黯帝修罗
624037,,624037,未来计划·暴君凯撒
624043,,624043,未来计划·嗜血狼王
624048,,624048,未来计划·噬魂夜王
624057,,624057,未来计划·神秘战无炎
624066,,624066,未来计划·大妖神武月
624867,,624867,木之精灵王-可兰
624868,,624868,净化之光-拉克丝
624869,,624869,梦幻之光-罗塔纱
624870,,624870,水之精灵王-梅卡
624872,,624872,火之精灵王-菲尔的幻影
624875,,624875,守护之光-米垭
624881,,624881,圣窗余晖-米迦勒的幻影
624882,,624882,繁星余迹-路西法
625042,,625042,圣树临辉光暗双耀-奇灵王
625254,,625254,大道无名-天命王
625314,,625314,青山沐日天地无疆-盘古
625488,,625488,黑翎之妄朽界之暗-梵天
630087,,630087,冰拳艾司
630090,,630090,沙麒麟
630093,,630093,木面侠
630096,,630096,金刚库巴
630099,,630099,火花龙
630102,,630102,合金猛将
630215,,630215,青龙灵兽
630278,,630278,烈焰鸟
630317,,630317,天使莱特
630388,,630388,玄武灵兽
630418,,630418,山脉之魂
630427,,630427,星光角斗士
630475,,630475,浮云尊者
630624,,630624,白虎灵兽
630639,,630639,满月巨灵
630715,,630715,远古灵龟
630741,,630741,朱雀灵兽
630819,,630819,天女若希
630840,,630840,神罗麦提
630865,,630865,超T兔
630976,,630976,诸葛亮
630995,,630995,翡冷翠
631108,,631108,吕布
631225,,631225,刘备
631259,,631259,友人契约书
631322,,631322,迦娜
631450,,631450,千年瑞兽
631501,,631501,太阳星诺
631503,,631503,月亮星诺
631514,,631514,战魂猛犸
631616,,631616,剑圣太白
631697,,631697,猎空
631786,,631786,奥弗
631852,,631852,赫提
631861,,631861,龙刃
631905,,631905,君焰狼王
631911,,631911,炽燎天
631985,,631985,断空翼皇
631990,,631990,苍耀光圣
631994,,631994,天苍霜龙
631999,,631999,创世星灵
632027,,632027,裂空菲洛
632033,,632033,风暴龙
632043,,632043,司马懿
632047,,632047,影武·智
632050,,632050,煌炎战神
632064,,632064,斗士豪达
632066,,632066,盼达博士
632080,,632080,龙·冰罗皇
632082,,632082,剑帝修纳
632098,,632098,傲月武神
632099,,632099,君芒艾恩
632104,,632104,圣·二郎真君
632107,,632107,圣域·幻极
632113,,632113,影武王
632114,,632114,龙·斗罗明王
632131,,632131,圣帝奥天
632140,,632140,魂刃夜王
632149,,632149,圣辉狼王
632150,,632150,万王圣麒麟
632152,,632152,光羽奥奇
632156,,632156,贪狼
632158,,632158,战天威
632160,,632160,神照修罗王
632165,,632165,创圣天奇灵
632179,,632179,魂王天使雷米
632186,,632186,极·灵狼
632189,,632189,神焰天使乌利
632193,,632193,圣龙·天伊
632196,,632196,梦之星
632200,,632200,黯天凯撒皇
632205,,632205,炽魂帝吉拉
632210,,632210,极·金刚龙神
632213,,632213,文曲
633925,,633925,星辉少女·小熊座
633926,,633926,辉煌城主·天龙座
633928,,633928,救世天幕·时空王
633930,,633930,绯红女王·大熊座
633932,,633932,天穹之君·仙王座
633933,,633933,星宇之姬·仙后座
633941,,633941,宇之终始星之诞灭·银河
633953,,633953,末世红镰闪·希尔瓦娜斯
633954,,633954,春晖神女·可兰
633966,,633966,万王天谕·圣王麒麟
634036,,634036,未来计划·黯帝修罗
634037,,634037,未来计划·暴君凯撒
634043,,634043,未来计划·嗜血狼王
634048,,634048,未来计划·噬魂夜王
634057,,634057,未来计划·神秘战无炎
634066,,634066,未来计划·大妖神武月
634867,,634867,木之精灵王-可兰
634868,,634868,净化之光-拉克丝
634869,,634869,梦幻之光-罗塔纱
634870,,634870,水之精灵王-梅卡
634872,,634872,火之精灵王-菲尔
634875,,634875,守护之光-米垭
634882,,634882,繁星余迹-路西法
635042,,635042,圣树临辉光暗双耀-奇灵王
635254,,635254,大道无名-天命王
635314,,635314,青山沐日天地无疆-盘古
635488,,635488,黑翎之妄朽界之暗-梵天
642398,,642398,费曼
642400,,642400,沃特
642404,,642404,弗莱
642414,,642414,伍德
642569,,642569,冰玉翡翠龙
642593,,642593,疾地
642599,,642599,隐天
642607,,642607,玄苍
642622,,642622,遁海金刚库巴
642639,,642639,木面御剑侠
643423,,643423,[金翅神]迦楼罗
643509,,643509,[地龙神]摩罗迦
643577,,643577,[玄音神]乾达婆
643655,,643655,[八部天龙]龙太子
643790,,643790,[众神天罚]超维宙斯
643791,,643791,[万冥天罪]王者哈迪斯
643806,,643806,[六道欲界天]阿修罗
643917,,643917,[大道轮回]灵魂天命王
643950,,643950,无双剑意·剑帝修纳
644024,,644024,龙诫诸天·阿修罗
644036,,644036,未来计划·黯帝修罗
644037,,644037,未来计划·暴君凯撒
644043,,644043,未来计划·嗜血狼王
644047,,644047,须弥天帝·帝释天
644048,,644048,未来计划·噬魂夜王
644057,,644057,未来计划·神秘战无炎
644066,,644066,未来计划·大妖神武月
644165,,644165,九黎兵主·蚩尤
644166,,644166,伐天堕神·刑天
644193,,644193,彼岸永望·孟婆
644203,,644203,不语奈何·知世
644206,,644206,吾即太阳·阿波罗
644217,,644217,虚数重构·黛依
644264,,644264,灰烬熔芯·胜遇
644297,,644297,罔相仪形·蜃龙
644310,,644310,云墨苍生·玄霄
644335,,644335,权御万界·天帝昊天
644337,,644337,恶业轮回·魔君夜渊
644342,,644342,梵音净心·乾达婆
644867,,644867,木之精灵王-可兰
644868,,644868,净化之光-拉克丝
644870,,644870,水之精灵王-梅卡
644872,,644872,火之精灵王-菲尔
644875,,644875,守护之光-米垭
644882,,644882,繁星余迹-路西法
645042,,645042,圣树临辉光暗双耀-奇灵王
645254,,645254,大道无名-天命王
645314,,645314,青山沐日天地无疆-盘古
645488,,645488,黑翎之妄朽界之暗-梵天
652398,,652398,费曼
652400,,652400,沃特
652404,,652404,弗莱
652414,,652414,伍德
652569,,652569,冰玉翡翠龙
652593,,652593,疾地
652599,,652599,隐天
652607,,652607,玄苍
652622,,652622,遁海金刚库巴
652639,,652639,木面御剑侠
653381,,653381,[远古精灵王]伊撒尔
653384,,653384,[斗转星移]智慧王
653396,,653396,[诸神之父]奥丁大帝
653408,,653408,[亘古鸿蒙]力量王
653416,,653416,[阴阳总帅]晴明
653420,,653420,[鬼族之王]酒吞龙泉（式神）
653453,,653453,[众灵始初]通灵王
653458,,653458,[逢魔之约]阴阳（圣灵）
653495,,653495,[无尽神兵]银
653518,,653518,[上古神话]日月战武神
653519,,653519,[上古月神]神武月
653520,,653520,[上古炎帝]战无炎
653526,,653526,[纵横捭阖]无冕之王
653538,,653538,[纵横捭阖]无冕之王
653550,,653550,[造化阴阳]天道无极
653551,,653551,[天道阳极]阳
653552,,653552,[天道阴极]阴
653557,,653557,[木之精灵王]可兰
653561,,653561,[天选之王]亚当
653562,,653562,[天选之王]亚当
653576,,653576,[天下第一龙]龍
653577,,653577,[玄音神]乾达婆
653583,,653583,[天道主宰]乾坤
653584,,653584,[天道主宰]乾坤
653588,,653588,[天地玄黄]洪荒无极
653589,,653589,[洪荒王]御星煌
653590,,653590,[洪荒之主]御星璃
653597,,653597,[气吞山河]圣体力量王
653598,,653598,[气吞山河]圣体力量王
653623,,653623,[无畏兵神]韩信
653624,,653624,[无畏兵神]韩信
653644,,653644,[时间终焉]洛羲
653645,,653645,[时间终焉]洛羲
653646,,653646,[天启之光]通灵梵天
653648,,653648,[无敌斗尊]龙皇辉斗（四皇）
653653,,653653,[幻灵灭杀]幻无极
653655,,653655,[八部天龙]龙太子
653664,,653664,[神爱世人]王者天使王
653665,,653665,[冰雪奇缘]绝界欧若拉
653670,,653670,[大道至臻]天命王
653671,,653671,[大道至臻]天命王
653672,,653672,[王之冕]英雄圣王麒麟
653673,,653673,[王之冕]英雄圣王麒麟
653674,,653674,[神谕之光]绝界阿波罗
653684,,653684,[天蓬元帅]猪八戒
653690,,653690,[神帝]圣体日月战武神
653691,,653691,[神帝]圣体日月战武神
653692,,653692,[梦回太古]姜子牙
653697,,653697,[月亮女神]阿尔忒弥斯
653704,,653704,[皆为序曲]过去之神
653705,,653705,[皆为序曲]过去之神
653706,,653706,[贪婪之罪]神秘战无炎
653708,,653708,[圣域曙光]圣体奥天
653709,,653709,[圣域曙光]圣体奥天
653712,,653712,[逆星神]绝界星魔
653714,,653714,[天之羽衣]辉夜姬
653715,,653715,[天之羽衣]辉夜姬
653716,,653716,[星神主]绝界上古星龙
653717,,653717,[大小姐]孙尚香
653718,,653718,[大小姐]孙尚香
653719,,653719,[蜀汉天尊]刘备
653720,,653720,[五虎鹏偃月]关羽（五虎）
653729,,653729,[扶桑至高神]伊邪那氏
653730,,653730,[扶桑大神]伊邪那岐
653731,,653731,[黄泉大神]伊邪那美
653732,,653732,[皆有可能]未来之神
653733,,653733,[皆有可能]未来之神
653740,,653740,[空间法则]超维伊撒尔
653746,,653746,[龙族起源]龙母
653754,,653754,[万物生辉]王者可兰
653758,,653758,[东风不破]超维诸葛亮
653763,,653763,[御龙诀]超维孙悟空
653764,,653764,[舞凤绝]双生炽寒天凤
653765,,653765,[破冰重生]冰晶凤凰
653766,,653766,[浴火重生]烈焰凤凰
653767,,653767,[堕怠之罪]大妖神武月
653776,,653776,[天地起源]超维盘古
653777,,653777,[人族起源]女娲
653781,,653781,[亚特兰蒂斯]通灵亚当
653784,,653784,[无尽神兵]银（救世主）
653787,,653787,[傲慢之罪]嗜血狼王
653788,,653788,[傲慢之罪]嗜血狼王
653790,,653790,[众神天罚]超维宙斯
653791,,653791,[万冥天罪]王者哈迪斯
653792,,653792,[暴食之罪]噬魂夜王
653793,,653793,[暴食之罪]噬魂夜王
653794,,653794,[天地道无极]双生乾坤
653795,,653795,[天道主宰]乾坤
653796,,653796,[天地复初]乾坤
653797,,653797,[乱世妖狐]苏妲己
653798,,653798,[乱世妖狐]苏妲己
653800,,653800,[无界无序无限]时空王
653801,,653801,[皆为序曲]过去之神（诸神）
653804,,653804,[轮回法则]灵魂伊撒尔
653806,,653806,[六道欲界天]阿修罗
653807,,653807,[轮回羁绊]灵魂圣天伊
653810,,653810,[黑白相生]灵魂奇灵王
653818,,653818,[一发入魂]灵魂枪神王
653825,,653825,[武霸天下]灵魂貘
653832,,653832,[黑暗星光]灵魂洛羲
653941,,653941,宇之终始星之诞灭·银河
653942,,653942,光翼缔造者·创世星灵
653968,,653968,星轨圣裁之回响·羲和
653974,,653974,日月轮回之龙息·帝俊
653975,,653975,万世龙尊·帝皇龙
653983,,653983,开天地创净土·盘古
654008,,654008,主天道御天下·乾坤
654024,,654024,龙诫诸天·阿修罗
654025,,654025,轮回溯梦·伊撒尔
654026,,654026,天启神君·梵天
654029,,654029,神国之主·奥丁大帝
654036,,654036,未来计划·黯帝修罗
654037,,654037,未来计划·暴君凯撒
654042,,654042,星尊裁决·上古星龙
654043,,654043,未来计划·嗜血狼王
654050,,654050,破虚空衍群龙·龙母
654051,,654051,万龙之上·至高龙尊
654055,,654055,万龙之上·至高龙尊
654056,,654056,命运交响·亚当
654057,,654057,未来计划·神秘战无炎
654064,,654064,空间魂梦·伊撒尔
654066,,654066,未来计划·大妖神武月
654070,,654070,造自然耀万物·盖亚
654075,,654075,光明之神·阿波罗
654078,,654078,绝对时空法则·王者时空王
654079,,654079,无限星空·智慧王
654083,,654083,天堂创世之光·王者天使王
654084,,654084,无限神力·力量王
654088,,654088,时间故梦·王者伊撒尔
654089,,654089,超感猎手·枪神王
654090,,654090,血狱魔躯·赤色梦魇
654092,,654092,真理之门·无冕之王
654093,,654093,武绝凌天·貘
654102,,654102,傲凡尘启仙灵·女娲
654115,,654115,通天神威·王者孙悟空
654119,,654119,扉之光时之晖·王者羲和
654122,,654122,榴满枝·处暑
654127,,654127,GOD·无冕之王
654132,,654132,深渊の凝视·奈亚
654186,,654186,游龙回雪·金步摇
654199,,654199,乱世英豪·吕布
654204,,654204,帝刹穹天·至高龙尊
654207,,654207,月冕之曜·阿尔忒弥斯
654228,,654228,天启新篇·梵天
654293,,654293,圣剑之佑·白羽公主
654329,,654329,全知·律
654342,,654342,梵音净心·乾达婆
654353,,654353,应天·源
654867,,654867,木之精灵王-可兰
654868,,654868,净化之光-拉克丝
654870,,654870,水之精灵王-梅卡
654872,,654872,火之精灵王-菲尔
654875,,654875,守护之光-米垭
654882,,654882,繁星余迹-路西法
655042,,655042,圣树临辉光暗双耀-奇灵王
655254,,655254,大道无名-天命王
655314,,655314,青山沐日天地无疆-盘古
662387,,662387,上古星龙
662398,,662398,费曼
662400,,662400,沃特
662404,,662404,弗莱
662414,,662414,伍德
662569,,662569,冰玉翡翠龙
662593,,662593,疾地
662599,,662599,隐天
662607,,662607,玄苍
662611,,662611,天帝龙皇
662622,,662622,遁海金刚库巴
662639,,662639,木面御剑侠
662669,,662669,圣耀阿波罗
662751,,662751,盘古
662794,,662794,圣冕麒麟
662801,,662801,龙太子
662814,,662814,炽寒天凤
662865,,662865,日月战武神
663384,,663384,[斗转星移]智慧王
663402,,663402,[雷霆主宰]风暴龙
663403,,663403,[天罪弑神者]兰斯洛
663408,,663408,[亘古鸿蒙]力量王
663416,,663416,[阴阳总帅]晴明
663420,,663420,[鬼族之王]酒吞龙泉（式神）
663423,,663423,[金翅神]迦楼罗
663431,,663431,[青莲剑仙]李白
663453,,663453,[众灵始初]通灵王
663458,,663458,[逢魔之约]阴阳（圣灵）
663466,,663466,[希望之神]奥天
663468,,663468,[冰火涅槃]炽寒天凤
663476,,663476,[齐天大圣]孙悟空
663483,,663483,[傲慢与偏见]归零者
663486,,663486,[战争与和平]自由之神
663487,,663487,[永灵至尊]冥夜君狼王
663493,,663493,[光暗传说]圣修暗凯帝
663504,,663504,[万物之始]源
663518,,663518,[上古神话]日月战武神
663519,,663519,[上古月神]神武月
663520,,663520,[上古炎帝]战无炎
663526,,663526,[纵横捭阖]无冕之王
663538,,663538,[纵横捭阖]无冕之王
663549,,663549,[无双战神]吕布
663550,,663550,[造化阴阳]天道无极
663551,,663551,[天道阳极]阳
663552,,663552,[天道阴极]阴
663557,,663557,[木之精灵王]可兰
663561,,663561,[天选之王]亚当
663562,,663562,[天选之王]亚当
663577,,663577,[玄音神]乾达婆
663583,,663583,[天道主宰]乾坤
663584,,663584,[天道主宰]乾坤
663588,,663588,[天地玄黄]洪荒无极
663589,,663589,[洪荒王]御星煌
663590,,663590,[洪荒之主]御星璃
663597,,663597,[气吞山河]圣体力量王
663598,,663598,[气吞山河]圣体力量王
663608,,663608,[星现万物]王者智慧王
663623,,663623,[无畏兵神]韩信
663624,,663624,[无畏兵神]韩信
663644,,663644,[时间终焉]洛羲
663645,,663645,[时间终焉]洛羲
663646,,663646,[天启之光]通灵梵天
663648,,663648,[无敌斗尊]龙皇辉斗（四皇）
663655,,663655,[八部天龙]龙太子
663664,,663664,[神爱世人]王者天使王
663670,,663670,[大道至臻]天命王
663671,,663671,[大道至臻]天命王
663690,,663690,[神帝]圣体日月战武神
663691,,663691,[神帝]圣体日月战武神
663697,,663697,[月亮女神]阿尔忒弥斯
663704,,663704,[皆为序曲]过去之神
663705,,663705,[皆为序曲]过去之神
663708,,663708,[圣域曙光]圣体奥天
663709,,663709,[圣域曙光]圣体奥天
663714,,663714,[天之羽衣]辉夜姬
663715,,663715,[天之羽衣]辉夜姬
663716,,663716,[星神主]绝界上古星龙
663717,,663717,[大小姐]孙尚香
663718,,663718,[大小姐]孙尚香
663719,,663719,[蜀汉天尊]刘备
663720,,663720,[五虎鹏偃月]关羽（五虎）
663729,,663729,[扶桑至高神]伊邪那氏
663730,,663730,[扶桑大神]伊邪那岐
663731,,663731,[黄泉大神]伊邪那美
663740,,663740,[空间法则]超维伊撒尔
663754,,663754,[万物生辉]王者可兰
663758,,663758,[东风不破]超维诸葛亮
663763,,663763,[御龙诀]超维孙悟空
663764,,663764,[舞凤绝]双生炽寒天凤
663765,,663765,[破冰重生]冰晶凤凰
663766,,663766,[浴火重生]烈焰凤凰
663767,,663767,[堕怠之罪]大妖神武月
663776,,663776,[天地起源]超维盘古
663777,,663777,[人族起源]女娲
663781,,663781,[亚特兰蒂斯]通灵亚当
663784,,663784,[无尽神兵]银（救世主）
663787,,663787,[傲慢之罪]嗜血狼王
663788,,663788,[傲慢之罪]嗜血狼王
663790,,663790,[众神天罚]超维宙斯
663792,,663792,[暴食之罪]噬魂夜王
663793,,663793,[暴食之罪]噬魂夜王
663794,,663794,[天地道无极]双生乾坤
663795,,663795,[天道主宰]乾坤
663796,,663796,[天地复初]乾坤
663797,,663797,[乱世妖狐]苏妲己
663798,,663798,[乱世妖狐]苏妲己
663800,,663800,[无界无序无限]时空王
663801,,663801,[皆为序曲]过去之神（诸神）
663804,,663804,[轮回法则]灵魂伊撒尔
663806,,663806,[六道欲界天]阿修罗
663810,,663810,[黑白相生]灵魂奇灵王
663825,,663825,[武霸天下]灵魂貘
663923,,663923,星辉时代·圣天伊
663924,,663924,星辉时代·黄金圣天伊
663925,,663925,星辉少女·小熊座
663926,,663926,辉煌城主·天龙座
663928,,663928,救世天幕·时空王
663930,,663930,绯红女王·大熊座
663932,,663932,天穹之君·仙王座
663933,,663933,星宇之姬·仙后座
663936,,663936,自由女王·拜伦
663937,,663937,末世樱剑舞·千夏
663951,,663951,芳绯初樱·欧若拉
663960,,663960,花晨月夕·洛羲
663963,,663963,魔王·撒旦
663967,,663967,万事如意·锦毛鼠
663990,,663990,无烬噩梦·伊撒尔
664020,,664020,大道独行·天命王
664026,,664026,天启神君·梵天
664036,,664036,未来计划·黯帝修罗
664037,,664037,未来计划·暴君凯撒
664043,,664043,未来计划·嗜血狼王
664057,,664057,未来计划·神秘战无炎
664070,,664070,造自然耀万物·盖亚
664095,,664095,相伴十载·初心未来
664132,,664132,深渊の凝视·奈亚
664139,,664139,忘川临世·鬼墨无忧
664866,,664866,光启精灵王-伊撒尔
664867,,664867,木之精灵王-可兰
664868,,664868,净化之光-拉克丝
664870,,664870,水之精灵王-梅卡
664872,,664872,火之精灵王-菲尔
664875,,664875,守护之光-米垭
664879,,664879,神羽曙光-奥天
664882,,664882,繁星余迹-路西法
664883,,664883,绝代兵神-韩信
664884,,664884,神峰圣护-山脉之魂
664898,,664898,永恒源晶裁决之龙-阿卜苏
664900,,664900,灵魂使徒-卡莉
664901,,664901,力量使徒-烁厉
664902,,664902,时间使徒-诺栗
664904,,664904,天使圣音-姬露比
664909,,664909,寰宇鎏金星河入怀-银河
664917,,664917,福瑞降人间-圣王麒麟
664921,,664921,GOD-无冕之王
664922,,664922,GOD-无冕之王
664923,,664923,解构万物之眼-赫耳墨斯
664924,,664924,解构万物之眼-赫耳墨斯
664939,,664939,旃檀功德-唐三藏
664952,,664952,谪仙剑无双-李白
664953,,664953,暗能涌动星海创生-提亚玛特
664957,,664957,剑影抚落忆-孙尚香
664959,,664959,三位一体-至尊精灵王
664960,,664960,卷帘大将-沙悟净
664971,,664971,阴阳割昏晓-天道无极
664973,,664973,霜佑北境-帕里斯
665020,,665020,白灵之尊-狼王
665022,,665022,荒宇独霸-帝皇龙
665023,,665023,倾世之寒-始祖冰龙
665026,,665026,雅克守护者-神罗麦提
665030,,665030,破虚空衍群龙-龙母
665033,,665033,龙族新歌-玲玲珑
665038,,665038,斐灵之心-皮塔
665042,,665042,圣树临辉光暗双耀-奇灵王
665044,,665044,大妖血脉-妖王冽
665054,,665054,希望永存世间-潘多拉
665055,,665055,天国守护者-白天使王
665082,,665082,深渊之契-绮美拉
665087,,665087,武绝凌天-貘
665093,,665093,棋临无间-无冕之王
665095,,665095,逐愿淬光之明-阿格蕾亚
665096,,665096,冥骸蚀暗-阿修罗
665118,,665118,邃古凌苍-日月战武神
665122,,665122,万象始源之刻-赫耳墨斯
665124,,665124,鸣劫制裁-雷霆青龙
665136,,665136,万王天谕-圣王麒麟
665137,,665137,天地惊弦-六龙圣王
665142,,665142,圣魂觉醒-伊撒尔
665144,,665144,逐罪之剑-辉刃艾恩
665153,,665153,神威重壁-惊涛玄武
665162,,665162,真炎神君-菲尔
665165,,665165,午夜大冒险-黑夜童心
665171,,665171,伊甸园的余晖-亚当
665187,,665187,星宇之隙穹宙之辉-银河
665188,,665188,万神之王-宙斯
665189,,665189,极冰之拳-冰拳艾司
665206,,665206,始祖大天使-尼斯洛克
665211,,665211,乐园守护者-星光角斗士
665214,,665214,绝望噬影-尼德霍格
665227,,665227,征战之旅-神都王
665231,,665231,葬魂曲-死神弥尔
665236,,665236,余烬初王-洛兰
665241,,665241,炽天炎境-上古龙女
665243,,665243,缘分一线牵-小狐仙
665248,,665248,花醉风清-洛洛离
665254,,665254,大道无名-天命王
665257,,665257,天穹苍翼-圣修暗凯帝
665263,,665263,逆律之触-伊西斯
665264,,665264,龙年纪念-贝贝龙
665265,,665265,永恒炽阳-神阿波罗
665275,,665275,如星永伴长夜-梦
665283,,665283,炎刃燎原-赤霄
665289,,665289,破晓圣光-白羽公主
665290,,665290,惊雷烁光-幻雷
665291,,665291,原初骑士-洛兰
665294,,665294,恶魔的私语-路西法
665295,,665295,永夜之主-夜王
665300,,665300,翼龙之子-凌风
665301,,665301,长夜墟渊-烛龙
665304,,665304,超界奇迹-龙星诺
665314,,665314,青山沐日天地无疆-盘古
665315,,665315,后土玄黄-岁岁祈
665324,,665324,星启万象-智慧王
665327,,665327,次元守护-伊撒尔
665330,,665330,诺言之神-星诺玛
665331,,665331,炎龙之子-炎王
665332,,665332,金翅神羽-迦楼罗
672422,,672422,天焰菲尔
672594,,672594,超·赤色梦魇
672603,,672603,超念
672651,,672651,幻刃米奥
672694,,672694,武魂兔皇
672701,,672701,神·龙皇辉斗
672707,,672707,尤里
672714,,672714,超源
672730,,672730,魔君夜王
672731,,672731,幻影超T兔
672741,,672741,神羽奥天
672753,,672753,神农
672760,,672760,拜伦
672764,,672764,森罗可兰
672771,,672771,神迹圣天伊
672772,,672772,机械麦斗王
672774,,672774,归零者
672781,,672781,神迹冰罗皇
672786,,672786,神迹帝卡
672789,,672789,焰年翼兽
672791,,672791,自由之神
672794,,672794,圣冕麒麟
672801,,672801,龙太子
672806,,672806,神迹凌风
672814,,672814,炽寒天凤
672820,,672820,神迹明王
672823,,672823,天煞穷奇
672826,,672826,岩波斗神
672828,,672828,祥瑞圣兽
672841,,672841,神迹辛格
672852,,672852,巅峰塔王
672859,,672859,白无冴
672865,,672865,日月战武神
672867,,672867,女娲
672868,,672868,神峰山脉之魂
672873,,672873,炎天
673381,,673381,[远古精灵王]伊撒尔
673392,,673392,[火神]祝融
673405,,673405,[天启堕神王]梵天
673406,,673406,[未来精灵王]梵天
673416,,673416,[阴阳总帅]晴明
673420,,673420,[鬼族之王]酒吞龙泉（式神）
673446,,673446,[七十二柱]所罗门王
673474,,673474,[圣堂祭祀]夕颜
673536,,673536,[七星神帝]龙刃
673563,,673563,[雷霆之怒]青龙
673597,,673597,[气吞山河]圣体力量王
673598,,673598,[气吞山河]圣体力量王
673646,,673646,[天启之光]通灵梵天
673648,,673648,[无敌斗尊]龙皇辉斗（四皇）
673690,,673690,[神帝]圣体日月战武神
673691,,673691,[神帝]圣体日月战武神
673758,,673758,[东风不破]超维诸葛亮
673763,,673763,[御龙诀]超维孙悟空
673797,,673797,[乱世妖狐]苏妲己
673798,,673798,[乱世妖狐]苏妲己
673827,,673827,[萌妹小编]车厘子
673924,,673924,星辉时代·黄金圣天伊
673937,,673937,末世樱剑舞·千夏
673943,,673943,撒旦之子·魔域星君
673946,,673946,神之战鳞·枪魂应龙
673950,,673950,无双剑意·剑帝修纳
673952,,673952,天灾统领·巫妖王
673960,,673960,花晨月夕·洛羲
673963,,673963,魔王·撒旦
673979,,673979,真炎神君·菲尔
673986,,673986,斗战胜佛·孙悟空
673988,,673988,皆归四象·万灵王
673990,,673990,无烬噩梦·伊撒尔
673991,,673991,圣光守护·超时空王
673995,,673995,伊邪那氏·那美x那岐
673996,,673996,伊邪那氏·那美x那岐
673999,,673999,第一真祖·黑翼王
674002,,674002,第二真祖·露易丝
674025,,674025,轮回溯梦·伊撒尔
674026,,674026,天启神君·梵天
674029,,674029,神国之主·奥丁大帝
674036,,674036,未来计划·黯帝修罗
674037,,674037,未来计划·暴君凯撒
674041,,674041,源水风暴·梅卡
674042,,674042,星尊裁决·上古星龙
674043,,674043,未来计划·嗜血狼王
674056,,674056,命运交响·亚当
674057,,674057,未来计划·神秘战无炎
674066,,674066,未来计划·大妖神武月
674079,,674079,无限星空·智慧王
674084,,674084,无限神力·力量王
674089,,674089,超感猎手·枪神王
674127,,674127,GOD·无冕之王
674128,,674128,深渊之主·拉莱耶
674132,,674132,深渊の凝视·奈亚
674139,,674139,忘川临世·鬼墨无忧
674151,,674151,诸神至高王座·王者奥丁大帝
674154,,674154,创世·神·撒迦利亚
674155,,674155,灭世·龙·撒迦利亚
674165,,674165,九黎兵主·蚩尤
674166,,674166,伐天堕神·刑天
674174,,674174,十殿阎罗·地藏王
674866,,674866,光启精灵王-伊撒尔
674867,,674867,木之精灵王-可兰
674868,,674868,净化之光-拉克丝
674870,,674870,水之精灵王-梅卡
674872,,674872,火之精灵王-菲尔
674875,,674875,守护之光-米垭
674882,,674882,繁星余迹-路西法
675042,,675042,圣树临辉光暗双耀-奇灵王
675188,,675188,万神之王-宙斯
675254,,675254,大道无名-天命王
675314,,675314,青山沐日天地无疆-盘古
682617,,682617,荣耀之光
682638,,682638,战拳袋鼠
682659,,682659,风暴神灵
682693,,682693,炽狱吉拉
682694,,682694,武魂兔皇
682695,,682695,灵渊露龙
682781,,682781,神迹冰罗皇
682786,,682786,神迹帝卡
682806,,682806,神迹凌风
682811,,682811,神迹炎王
682820,,682820,神迹明王
682841,,682841,神迹辛格
683381,,683381,[远古精灵王]伊撒尔
683446,,683446,[七十二柱]所罗门王
683517,,683517,[黑客帝国]诺亚
683576,,683576,[天下第一龙]龍
683748,,683748,[始祖传承]六龙圣王
683781,,683781,[亚特兰蒂斯]通灵亚当
683782,,683782,[睡美人]夏娃（救世主）
683885,,683885,[全知全能]命运奥丁大帝
683907,,683907,[绝望龙神]尼德霍格
683936,,683936,自由女王·拜伦
683942,,683942,光翼缔造者·创世星灵
683943,,683943,撒旦之子·魔域星君
683950,,683950,无双剑意·剑帝修纳
683951,,683951,芳绯初樱·欧若拉
683953,,683953,末世红镰闪·希尔瓦娜斯
683968,,683968,星轨圣裁之回响·羲和
683987,,683987,浮光般若·炽寒天凤
683999,,683999,第一真祖·黑翼王
684029,,684029,神国之主·奥丁大帝
684036,,684036,未来计划·黯帝修罗
684037,,684037,未来计划·暴君凯撒
684043,,684043,未来计划·嗜血狼王
684048,,684048,未来计划·噬魂夜王
684050,,684050,破虚空衍群龙·龙母
684057,,684057,未来计划·神秘战无炎
684066,,684066,未来计划·大妖神武月
684075,,684075,光明之神·阿波罗
684138,,684138,星河御月之流辉·望舒
684151,,684151,诸神至高王座·王者奥丁大帝
684152,,684152,审判之枪·奥丁大帝
684153,,684153,神国天后·弗丽嘉
684867,,684867,木之精灵王-可兰
684868,,684868,净化之光-拉克丝
684870,,684870,水之精灵王-梅卡
684872,,684872,火之精灵王-菲尔
684875,,684875,守护之光-米垭
684882,,684882,繁星余迹-路西法
685042,,685042,圣树临辉光暗双耀-奇灵王
685314,,685314,青山沐日天地无疆-盘古
692617,,692617,荣耀之光
692638,,692638,战拳袋鼠
692659,,692659,风暴神灵
692693,,692693,炽狱吉拉
692694,,692694,武魂兔皇
692695,,692695,灵渊露龙
692781,,692781,神迹冰罗皇
692786,,692786,神迹帝卡
692806,,692806,神迹凌风
692811,,692811,神迹炎王
692820,,692820,神迹明王
692841,,692841,神迹辛格
693392,,693392,[火神]祝融
693396,,693396,[诸神之父]奥丁大帝
693405,,693405,[天启堕神王]梵天
693407,,693407,[万神之后]弗丽嘉
693446,,693446,[七十二柱]所罗门王
693665,,693665,[冰雪奇缘]绝界欧若拉
693777,,693777,[人族起源]女娲
693917,,693917,[大道轮回]灵魂天命王
693928,,693928,救世天幕·时空王
693946,,693946,神之战鳞·枪魂应龙
693947,,693947,神之皇鳞·剑魂白泽
693948,,693948,神之帝鳞·扇魂毕方
693986,,693986,斗战胜佛·孙悟空
694004,,694004,万神之王·宙斯
694008,,694008,主天道御天下·乾坤
694036,,694036,未来计划·黯帝修罗
694037,,694037,未来计划·暴君凯撒
694042,,694042,星尊裁决·上古星龙
694043,,694043,未来计划·嗜血狼王
694046,,694046,龙魂永曜·龍
694048,,694048,未来计划·噬魂夜王
694053,,694053,惊鸿逐月·李白
694057,,694057,未来计划·神秘战无炎
694060,,694060,星辰造世·奇灵王
694061,,694061,混元合一·奇灵王
694066,,694066,未来计划·大妖神武月
694076,,694076,统御四海·敖兴
694090,,694090,血狱魔躯·赤色梦魇
694119,,694119,扉之光时之晖·王者羲和
694152,,694152,审判之枪·奥丁大帝
694154,,694154,创世·神·撒迦利亚
694155,,694155,灭世·龙·撒迦利亚
694867,,694867,木之精灵王-可兰
694868,,694868,净化之光-拉克丝
694870,,694870,水之精灵王-梅卡
694872,,694872,火之精灵王-菲尔
694875,,694875,守护之光-米垭
694882,,694882,繁星余迹-路西法
695042,,695042,圣树临辉光暗双耀-奇灵王
702387,,702387,上古星龙
702391,,702391,超龙星诺
702398,,702398,费曼
702400,,702400,沃特
702401,,702401,超巨岩
702402,,702402,超圣光
702404,,702404,弗莱
702412,,702412,噬心黑龙
702414,,702414,伍德
702418,,702418,钢铁先锋
702422,,702422,天焰菲尔
702424,,702424,超电星诺
702427,,702427,月神
702428,,702428,炎帝
702440,,702440,星魔
702443,,702443,轩辕奇灵
702444,,702444,圣·帝伊
702453,,702453,幻光奥奇
702486,,702486,Zeta
702489,,702489,圣决风影
702493,,702493,东皇天
702501,,702501,东皇道
702511,,702511,东皇无
702514,,702514,龙胆赵云
702517,,702517,东皇极
702522,,702522,天宇圣龙
702524,,702524,灼格
702531,,702531,烈阳火凤
702532,,702532,超猎空
702539,,702539,霜月冰凰
702541,,702541,厄运英豪
702545,,702545,逍遥
702548,,702548,亚历超大
702557,,702557,幽隐夜刃
702561,,702561,孙悟空
702572,,702572,幻·无极
702590,,702590,乾坤修罗神
702591,,702591,东皇太一
702594,,702594,超·赤色梦魇
702595,,702595,阴
702833,,702833,苍天
702850,,702850,鬼冥冴
702961,,702961,天神白
702963,,702963,天神劫
702965,,702965,帝天麟
702975,,702975,玄天
702994,,702994,冥夜君狼王
702998,,702998,白翼御天使银
703000,,703000,圣羽女皇
703001,,703001,六翼堕天使戮
703016,,703016,金翼炽天使K
703028,,703028,天使王·完全体
703029,,703029,巫妖王·完全体
703030,,703030,乾坤修罗神·完全体
703035,,703035,神迹圣天伊·完全体
703036,,703036,轩辕奇灵·完全体
703039,,703039,浩天·完全体
703040,,703040,东皇太一·完全体
703046,,703046,战火之王
703047,,703047,神农·完全体
703048,,703048,女娲·完全体
703049,,703049,轩辕·完全体
703050,,703050,盘古·完全体
703064,,703064,白夜叉·完全体
703065,,703065,堕天凯撒帝·完全体
703068,,703068,归零者·完全体
703075,,703075,黑翼王·完全体
703077,,703077,灵仙碧瑶·完全体
703078,,703078,超凡鬼厉·完全体
703380,,703380,[王者羁绊]圣天伊
703381,,703381,[远古精灵王]伊撒尔
703384,,703384,[斗转星移]智慧王
703388,,703388,[远古大妖]大天狗
703392,,703392,[火神]祝融
703394,,703394,[铃樱少女]欧若拉
703396,,703396,[诸神之父]奥丁大帝
703399,,703399,[逢魔之约]阴阳
703402,,703402,[雷霆主宰]风暴龙
703403,,703403,[天罪弑神者]兰斯洛
703405,,703405,[天启堕神王]梵天
703406,,703406,[未来精灵王]梵天
703408,,703408,[亘古鸿蒙]力量王
703409,,703409,[天道守护]东皇太一
703412,,703412,[黄帝]轩辕
703414,,703414,[黄泉大神]伊邪那美
703423,,703423,[金翅神]迦楼罗
703424,,703424,[万王加冕]圣王麒麟
703427,,703427,[太阳神]阿波罗
703429,,703429,[一代宗师]奇灵王
703431,,703431,[青莲剑仙]李白
703454,,703454,[星界霸主]上古星龙
703463,,703463,[神王]宙斯
703466,,703466,[希望之神]奥天
703467,,703467,[龙胆神威]赵子龙
703468,,703468,[冰火涅槃]炽寒天凤
703469,,703469,[龙族至尊]帝皇龙
703476,,703476,[齐天大圣]孙悟空
703488,,703488,[通天神探]狄仁杰
703495,,703495,[无尽神兵]银
703503,,703503,[智慧女神]雅典娜
703509,,703509,[地龙神]摩罗迦
703510,,703510,[应汝之愿]天使王
703511,,703511,[应汝之愿]天使王
703523,,703523,[绝地求生]枪神王
703526,,703526,[纵横捭阖]无冕之王
703527,,703527,[武绝苍穹]貘
703538,,703538,[纵横捭阖]无冕之王
703541,,703541,[开天辟地]盘古
703542,,703542,[开天辟地]盘古
703561,,703561,[天选之王]亚当
703562,,703562,[天选之王]亚当
703597,,703597,[气吞山河]圣体力量王
703598,,703598,[气吞山河]圣体力量王
703608,,703608,[星现万物]王者智慧王
703620,,703620,[时间法则]王者伊撒尔
703644,,703644,[时间终焉]洛羲
703645,,703645,[时间终焉]洛羲
703646,,703646,[天启之光]通灵梵天
703647,,703647,[幻召虚空]白皇星焰（四皇）
703648,,703648,[无敌斗尊]龙皇辉斗（四皇）
703649,,703649,[不死传说]雀皇紫辰（四皇）
703650,,703650,[元素审判]玄皇耀凌（四皇）
703656,,703656,[天命七星]神兵圣王
703657,,703657,[伍心开阳]姬如意（神兵）
703658,,703658,[玉衡金仙]灵天释（神兵）
703659,,703659,[天玑天璇]重楼（神兵）
703660,,703660,[执掌天权]御渊（神兵）
703661,,703661,[万界天枢]紫璇（神兵）
703664,,703664,[神爱世人]王者天使王
703665,,703665,[冰雪奇缘]绝界欧若拉
703666,,703666,[湮灭诸天]九曜
703667,,703667,[湮灭诸天]九曜
703668,,703668,[王启诸灵]王者通灵王
703670,,703670,[大道至臻]天命王
703671,,703671,[大道至臻]天命王
703672,,703672,[王之冕]英雄圣王麒麟
703673,,703673,[王之冕]英雄圣王麒麟
703674,,703674,[神谕之光]绝界阿波罗
703923,,703923,星辉时代·圣天伊
703924,,703924,星辉时代·黄金圣天伊
703925,,703925,星辉少女·小熊座
703926,,703926,辉煌城主·天龙座
703928,,703928,救世天幕·时空王
703930,,703930,绯红女王·大熊座
703932,,703932,天穹之君·仙王座
703933,,703933,星宇之姬·仙后座
703936,,703936,自由女王·拜伦
703937,,703937,末世樱剑舞·千夏
703942,,703942,光翼缔造者·创世星灵
703943,,703943,撒旦之子·魔域星君
703947,,703947,神之皇鳞·剑魂白泽
703950,,703950,无双剑意·剑帝修纳
703951,,703951,芳绯初樱·欧若拉
703953,,703953,末世红镰闪·希尔瓦娜斯
703954,,703954,春晖神女·可兰
703958,,703958,神之审判·白天使王
703959,,703959,魔之禁锢·黑天使王
703960,,703960,花晨月夕·洛羲
703963,,703963,魔王·撒旦
703966,,703966,万王天谕·圣王麒麟
703967,,703967,万事如意·锦毛鼠
703968,,703968,星轨圣裁之回响·羲和
703974,,703974,日月轮回之龙息·帝俊
703975,,703975,万世龙尊·帝皇龙
703976,,703976,仁者无敌·湛卢
703979,,703979,真炎神君·菲尔
703981,,703981,东方灵兽·青龙
703982,,703982,南方灵兽·朱雀
703984,,703984,西方灵兽·白虎
703985,,703985,北方灵兽·玄武
703991,,703991,圣光守护·超时空王
703997,,703997,森林之息·花冠公主
703999,,703999,第一真祖·黑翼王
704000,,704000,覆天之影·黑翼王
704002,,704002,第二真祖·露易丝
704005,,704005,万冥之主·哈迪斯
704011,,704011,醉红颜·洛洛离
704026,,704026,天启神君·梵天
704029,,704029,神国之主·奥丁大帝
704030,,704030,太极生两仪·东皇太一
704031,,704031,荒宇生无极·东皇太一
704036,,704036,未来计划·黯帝修罗
704037,,704037,未来计划·暴君凯撒
704041,,704041,源水风暴·梅卡
704042,,704042,星尊裁决·上古星龙
704043,,704043,未来计划·嗜血狼王
704048,,704048,未来计划·噬魂夜王
704056,,704056,命运交响·亚当
704057,,704057,未来计划·神秘战无炎
704066,,704066,未来计划·大妖神武月
704073,,704073,花间序·薇薇安
704079,,704079,无限星空·智慧王
704083,,704083,天堂创世之光·王者天使王
704084,,704084,无限神力·力量王
704088,,704088,时间故梦·王者伊撒尔
704089,,704089,超感猎手·枪神王
704092,,704092,真理之门·无冕之王
704093,,704093,武绝凌天·貘
704109,,704109,十年の热血·魔焰吉拉
704117,,704117,十年の梦想·古渊露龙
704121,,704121,十年の希望·终结兔
704127,,704127,GOD·无冕之王
704132,,704132,深渊の凝视·奈亚
704145,,704145,鸿蒙初启·洪荒王
704146,,704146,翩鸿引梦·御星璃
704154,,704154,创世·神·撒迦利亚
704155,,704155,灭世·龙·撒迦利亚
704156,,704156,妖相百斩·洪荒无极
704166,,704166,伐天堕神·刑天
704175,,704175,第二真祖·SP露易丝
704193,,704193,彼岸永望·孟婆
704196,,704196,菩提本无树·SP瑠璃
704203,,704203,不语奈何·知世
704217,,704217,虚数重构·黛依
704867,,704867,木之精灵王-可兰
704868,,704868,净化之光-拉克丝
704870,,704870,水之精灵王-梅卡
704872,,704872,火之精灵王-菲尔
704875,,704875,守护之光-米垭
704882,,704882,繁星余迹-路西法
705042,,705042,圣树临辉光暗双耀-奇灵王
712387,,712387,上古星龙
712391,,712391,超龙星诺
712398,,712398,费曼
712400,,712400,沃特
712401,,712401,超巨岩
712402,,712402,超圣光
712404,,712404,弗莱
712412,,712412,噬心黑龙
712414,,712414,伍德
712418,,712418,钢铁先锋
712422,,712422,天焰菲尔
712424,,712424,超电星诺
712427,,712427,月神
712428,,712428,炎帝
712440,,712440,星魔
712443,,712443,轩辕奇灵
712444,,712444,圣·帝伊
712453,,712453,幻光奥奇
712486,,712486,Zeta
712489,,712489,圣决风影
712493,,712493,东皇天
712501,,712501,东皇道
712511,,712511,东皇无
712514,,712514,龙胆赵云
712517,,712517,东皇极
712522,,712522,天宇圣龙
712524,,712524,灼格
712531,,712531,烈阳火凤
712532,,712532,超猎空
712539,,712539,霜月冰凰
712541,,712541,厄运英豪
712545,,712545,逍遥
712548,,712548,亚历超大
712557,,712557,幽隐夜刃
712561,,712561,孙悟空
712572,,712572,幻·无极
712590,,712590,乾坤修罗神
712591,,712591,东皇太一
712594,,712594,超·赤色梦魇
712595,,712595,阴
712617,,712617,荣耀之光
713381,,713381,[远古精灵王]伊撒尔
713408,,713408,[亘古鸿蒙]力量王
713526,,713526,[纵横捭阖]无冕之王
713538,,713538,[纵横捭阖]无冕之王
713923,,713923,星辉时代·圣天伊
713925,,713925,星辉少女·小熊座
713926,,713926,辉煌城主·天龙座
713928,,713928,救世天幕·时空王
713930,,713930,绯红女王·大熊座
713932,,713932,天穹之君·仙王座
713933,,713933,星宇之姬·仙后座
713936,,713936,自由女王·拜伦
713937,,713937,末世樱剑舞·千夏
713951,,713951,芳绯初樱·欧若拉
713953,,713953,末世红镰闪·希尔瓦娜斯
713954,,713954,春晖神女·可兰
713960,,713960,花晨月夕·洛羲
713963,,713963,魔王·撒旦
713968,,713968,星轨圣裁之回响·羲和
713991,,713991,圣光守护·超时空王
714036,,714036,未来计划·黯帝修罗
714037,,714037,未来计划·暴君凯撒
714042,,714042,星尊裁决·上古星龙
714043,,714043,未来计划·嗜血狼王
714048,,714048,未来计划·噬魂夜王
714057,,714057,未来计划·神秘战无炎
714066,,714066,未来计划·大妖神武月
714867,,714867,木之精灵王-可兰
714870,,714870,水之精灵王-梅卡
714872,,714872,火之精灵王-菲尔
714875,,714875,守护之光-米垭
714882,,714882,繁星余迹-路西法
715042,,715042,圣树临辉光暗双耀-奇灵王
722387,,722387,上古星龙
722391,,722391,超龙星诺
722398,,722398,费曼
722400,,722400,沃特
722401,,722401,超巨岩
722402,,722402,超圣光
722404,,722404,弗莱
722412,,722412,噬心黑龙
722414,,722414,伍德
722418,,722418,钢铁先锋
722422,,722422,天焰菲尔
722424,,722424,超电星诺
722427,,722427,月神
722428,,722428,炎帝
722440,,722440,星魔
722443,,722443,轩辕奇灵
722444,,722444,圣·帝伊
722453,,722453,幻光奥奇
722486,,722486,Zeta
722489,,722489,圣决风影
722493,,722493,东皇天
722501,,722501,东皇道
722511,,722511,东皇无
722514,,722514,龙胆赵云
722517,,722517,东皇极
722522,,722522,天宇圣龙
722524,,722524,灼格
722531,,722531,烈阳火凤
722532,,722532,超猎空
722539,,722539,霜月冰凰
722541,,722541,厄运英豪
722545,,722545,逍遥
722548,,722548,亚历超大
722557,,722557,幽隐夜刃
722572,,722572,幻·无极
723398,,723398,[始祖巨人]伊米尔
723423,,723423,[金翅神]迦楼罗
723434,,723434,[永夜公主]夜兰
723437,,723437,[神之使者]阿努比斯
723438,,723438,[宇宙秩序]毗湿奴
723456,,723456,[星神十三宫]星魔
723462,,723462,[冥主]哈迪斯
723465,,723465,[浴火重生]烈焰凤凰
723466,,723466,[希望之神]奥天
723468,,723468,[冰火涅槃]炽寒天凤
723469,,723469,[龙族至尊]帝皇龙
723472,,723472,[圣光之子]修罗
723480,,723480,[恶魔之子]凯撒
723487,,723487,[永灵至尊]冥夜君狼王
723488,,723488,[通天神探]狄仁杰
723493,,723493,[光暗传说]圣修暗凯帝
723495,,723495,[无尽神兵]银
723503,,723503,[智慧女神]雅典娜
723518,,723518,[上古神话]日月战武神
723519,,723519,[上古月神]神武月
723520,,723520,[上古炎帝]战无炎
723523,,723523,[绝地求生]枪神王
723526,,723526,[纵横捭阖]无冕之王
723527,,723527,[武绝苍穹]貘
723538,,723538,[纵横捭阖]无冕之王
723541,,723541,[开天辟地]盘古
723542,,723542,[开天辟地]盘古
723550,,723550,[造化阴阳]天道无极
723551,,723551,{天道阳极]阳
723552,,723552,{天道阴极]阴
723566,,723566,[四象归一]万灵王
723567,,723567,[雷霆之怒]青龙（灵兽）
723576,,723576,[天下第一龙]龍
723580,,723580,[水之精灵王]梅卡
723581,,723581,[天地复初]乾坤
723582,,723582,[天地复初]乾坤
723583,,723583,[天道主宰]乾坤
723584,,723584,[天道主宰]乾坤
723588,,723588,[天地玄黄]洪荒无极
723589,,723589,[洪荒王]御星煌
723590,,723590,[洪荒之主]御星璃
723597,,723597,[气吞山河]圣体力量王
723598,,723598,[气吞山河]圣体力量王
723608,,723608,[星现万物]王者智慧王
723960,,723960,花晨月夕·洛羲
724036,,724036,未来计划·黯帝修罗
724037,,724037,未来计划·暴君凯撒
724043,,724043,未来计划·嗜血狼王
724048,,724048,未来计划·噬魂夜王
724057,,724057,未来计划·神秘战无炎
724867,,724867,木之精灵王-可兰
724870,,724870,水之精灵王-梅卡
724875,,724875,守护之光-米垭
724882,,724882,繁星余迹-路西法
725042,,725042,圣树临辉光暗双耀-奇灵王
730778,,730778,红莲
730807,,730807,苍蓝
730852,,730852,碎风
730967,,730967,巨岩
731230,,731230,雷泽
731272,,731272,地裂
731423,,731423,噬月武神
731461,,731461,苍炎战神
731467,,731467,火星诺
731469,,731469,水星诺
731473,,731473,圣灵星诺
731481,,731481,木星诺
731501,,731501,太阳星诺
731503,,731503,月亮星诺
731639,,731639,圣光修罗
731706,,731706,暗影凯撒
731754,,731754,炎王
731777,,731777,帝卡
731806,,731806,冥焰夜王
731825,,731825,斗罗明王
731837,,731837,使者加比
731858,,731858,训练师加比
731873,,731873,冰罗皇
731876,,731876,炼金师加比
731896,,731896,圣·天伊
731905,,731905,君焰狼王
731908,,731908,勇气加比
731937,,731937,梦想加比
731962,,731962,圣羽凌风
731993,,731993,术士加比
732387,,732387,上古星龙
732418,,732418,钢铁先锋
732422,,732422,天焰菲尔
732443,,732443,轩辕奇灵
732453,,732453,幻光奥奇
732489,,732489,圣决风影
732514,,732514,龙胆赵云
732548,,732548,亚历超大
733454,,733454,[星界霸主]上古星龙
733456,,733456,[星神十三宫]星魔
733476,,733476,[齐天大圣]孙悟空
733684,,733684,[天蓬元帅]猪八戒
733716,,733716,[星神主]绝界上古星龙
733743,,733743,[唯我独尊]超维帝皇龙
733746,,733746,[龙族起源]龙母
733758,,733758,[东风不破]超维诸葛亮
733946,,733946,神之战鳞·枪魂应龙
733947,,733947,神之皇鳞·剑魂白泽
733948,,733948,神之帝鳞·扇魂毕方
733949,,733949,神之圣鳞·镜魂青鸾
733950,,733950,无双剑意·剑帝修纳
733952,,733952,天灾统领·巫妖王
733954,,733954,春晖神女·可兰
733966,,733966,万王天谕·圣王麒麟
733979,,733979,真炎神君·菲尔
734008,,734008,主天道御天下·乾坤
734024,,734024,龙诫诸天·阿修罗
734036,,734036,未来计划·黯帝修罗
734037,,734037,未来计划·暴君凯撒
734042,,734042,星尊裁决·上古星龙
734043,,734043,未来计划·嗜血狼王
734048,,734048,未来计划·噬魂夜王
734050,,734050,破虚空衍群龙·龙母
734057,,734057,未来计划·神秘战无炎
734060,,734060,星辰造世·奇灵王
734066,,734066,未来计划·大妖神武月
734084,,734084,无限神力·力量王
734089,,734089,超感猎手·枪神王
734095,,734095,相伴十载·初心未来
734102,,734102,傲凡尘启仙灵·女娲
734182,,734182,神谕天佑·圣王麒麟
734204,,734204,帝刹穹天·至高龙尊
734206,,734206,吾即太阳·阿波罗
734356,,734356,群星之怒·上古星龙
734867,,734867,木之精灵王-可兰
734870,,734870,水之精灵王-梅卡
734875,,734875,守护之光-米垭
734882,,734882,繁星余迹-路西法
735042,,735042,圣树临辉光暗双耀-奇灵王
740778,,740778,红莲
740807,,740807,苍蓝
740852,,740852,碎风
740967,,740967,巨岩
741230,,741230,雷泽
741272,,741272,地裂
741423,,741423,噬月武神
741426,,741426,黑炎龙
741461,,741461,苍炎战神
741467,,741467,火星诺
741469,,741469,水星诺
741473,,741473,圣灵星诺
741481,,741481,木星诺
741501,,741501,太阳星诺
741503,,741503,月亮星诺
741639,,741639,圣光修罗
741706,,741706,暗影凯撒
741754,,741754,炎王
741777,,741777,帝卡
741806,,741806,冥焰夜王
741825,,741825,斗罗明王
741837,,741837,使者加比
741858,,741858,训练师加比
741873,,741873,冰罗皇
741876,,741876,炼金师加比
741896,,741896,圣·天伊
741905,,741905,君焰狼王
741908,,741908,勇气加比
741926,,741926,帝王奇灵
741937,,741937,梦想加比
741962,,741962,圣羽凌风
741993,,741993,术士加比
742387,,742387,上古星龙
742422,,742422,天焰菲尔
742443,,742443,轩辕奇灵
742514,,742514,龙胆赵云
743946,,743946,神之战鳞·枪魂应龙
743947,,743947,神之皇鳞·剑魂白泽
743948,,743948,神之帝鳞·扇魂毕方
743950,,743950,无双剑意·剑帝修纳
744036,,744036,未来计划·黯帝修罗
744037,,744037,未来计划·暴君凯撒
744042,,744042,星尊裁决·上古星龙
744046,,744046,龙魂永曜·龍
744060,,744060,星辰造世·奇灵王
744870,,744870,水之精灵王-梅卡
744875,,744875,守护之光-米垭
744882,,744882,繁星余迹-路西法
745042,,745042,圣树临辉光暗双耀-奇灵王
750794,,750794,奇灵王
751362,,751362,阿波罗
751423,,751423,噬月武神
751426,,751426,黑炎龙
751461,,751461,苍炎战神
751767,,751767,霜炎法神
751806,,751806,冥焰夜王
751861,,751861,龙刃
751869,,751869,圣王麒麟
751896,,751896,圣·天伊之影
751905,,751905,君焰狼王
751917,,751917,真·烈焰凤凰
751925,,751925,龙·炎王
751926,,751926,帝王奇灵
751953,,751953,帝皇圣龙
751977,,751977,源
751985,,751985,断空翼皇
751990,,751990,苍耀光圣
751999,,751999,创世星灵
752006,,752006,斗焰吉拉
752010,,752010,皇极兔
752011,,752011,圣渊露龙
752029,,752029,影武·聪
752036,,752036,暗焰天龙
752387,,752387,上古星龙
752422,,752422,天焰菲尔
752443,,752443,轩辕奇灵
752514,,752514,龙胆赵云
753381,,753381,[远古精灵王]伊撒尔
753384,,753384,[斗转星移]智慧王
753408,,753408,[亘古鸿蒙]力量王
753416,,753416,[阴阳总帅]晴明
753420,,753420,[鬼族之王]酒吞龙泉（式神）
753453,,753453,[众灵始初]通灵王
753458,,753458,[逢魔之约]阴阳（圣灵）
753495,,753495,[无尽神兵]银
753510,,753510,[应汝之愿]天使王
753511,,753511,[应汝之愿]天使王
753518,,753518,[上古神话]日月战武神
753519,,753519,[上古月神]神武月
753520,,753520,[上古炎帝]战无炎
753550,,753550,[造化阴阳]天道无极
753551,,753551,[天道阳极]阳
753552,,753552,[天道阴极]阴
753557,,753557,[木之精灵王]可兰
753577,,753577,[玄音神]乾达婆
753588,,753588,[天地玄黄]洪荒无极
753589,,753589,[洪荒王]御星煌
753590,,753590,[洪荒之主]御星璃
753597,,753597,[气吞山河]圣体力量王
753598,,753598,[气吞山河]圣体力量王
753609,,753609,[九重天主]东华帝君
753646,,753646,[天启之光]通灵梵天
753648,,753648,[无敌斗尊]龙皇辉斗（四皇）
753653,,753653,[幻灵灭杀]幻无极
753655,,753655,[八部天龙]龙太子
753664,,753664,[神爱世人]王者天使王
753670,,753670,[大道至臻]天命王
753671,,753671,[大道至臻]天命王
753672,,753672,[王之冕]英雄圣王麒麟
753673,,753673,[王之冕]英雄圣王麒麟
753674,,753674,[神谕之光]绝界阿波罗
753684,,753684,[天蓬元帅]猪八戒
753690,,753690,[神帝]圣体日月战武神
753691,,753691,[神帝]圣体日月战武神
753692,,753692,[梦回太古]姜子牙
753697,,753697,[月亮女神]阿尔忒弥斯
753704,,753704,[皆为序曲]过去之神
753705,,753705,[皆为序曲]过去之神
753706,,753706,[贪婪之罪]神秘战无炎
753708,,753708,[圣域曙光]圣体奥天
753709,,753709,[圣域曙光]圣体奥天
753712,,753712,[逆星神]绝界星魔
753714,,753714,[天之羽衣]辉夜姬
753715,,753715,[天之羽衣]辉夜姬
753716,,753716,[星神主]绝界上古星龙
753719,,753719,[蜀汉天尊]刘备
753720,,753720,[五虎鹏偃月]关羽（五虎）
753729,,753729,[扶桑至高神]伊邪那氏
753730,,753730,[扶桑大神]伊邪那岐
753731,,753731,[黄泉大神]伊邪那美
753732,,753732,[皆有可能]未来之神
753733,,753733,[皆有可能]未来之神
753740,,753740,[空间法则]超维伊撒尔
753746,,753746,[龙族起源]龙母
753754,,753754,[万物生辉]王者可兰
753758,,753758,[东风不破]超维诸葛亮
753764,,753764,[舞凤绝]双生炽寒天凤
753765,,753765,[破冰重生]冰晶凤凰
753766,,753766,[浴火重生]烈焰凤凰
753767,,753767,[堕怠之罪]大妖神武月
753776,,753776,[天地起源]超维盘古
753777,,753777,[人族起源]女娲
753781,,753781,[亚特兰蒂斯]通灵亚当
753784,,753784,[无尽神兵]银（救世主）
753787,,753787,[傲慢之罪]嗜血狼王
753788,,753788,[傲慢之罪]嗜血狼王
753790,,753790,[众神天罚]超维宙斯
753791,,753791,[万冥天罪]王者哈迪斯
753792,,753792,[暴食之罪]噬魂夜王
753793,,753793,[暴食之罪]噬魂夜王
753794,,753794,[天地道无极]双生乾坤
753795,,753795,[天道主宰]乾坤
753796,,753796,[天地复初]乾坤
753797,,753797,[乱世妖狐]苏妲己
753798,,753798,[乱世妖狐]苏妲己
753800,,753800,[无界无序无限]时空王
753801,,753801,[皆为序曲]过去之神（诸神）
753804,,753804,[轮回法则]灵魂伊撒尔
753806,,753806,[六道欲界天]阿修罗
753810,,753810,[黑白相生]灵魂奇灵王
753920,,753920,[始祖龙尊]命运龍
753928,,753928,救世天幕·时空王
753946,,753946,神之战鳞·枪魂应龙
753947,,753947,神之皇鳞·剑魂白泽
753948,,753948,神之帝鳞·扇魂毕方
753950,,753950,无双剑意·剑帝修纳
754008,,754008,主天道御天下·乾坤
754031,,754031,荒宇生无极·东皇太一
754036,,754036,未来计划·黯帝修罗
754037,,754037,未来计划·暴君凯撒
754042,,754042,星尊裁决·上古星龙
754043,,754043,未来计划·嗜血狼王
754046,,754046,龙魂永曜·龍
754048,,754048,未来计划·噬魂夜王
754050,,754050,破虚空衍群龙·龙母
754053,,754053,惊鸿逐月·李白
754057,,754057,未来计划·神秘战无炎
754060,,754060,星辰造世·奇灵王
754061,,754061,混元合一·奇灵王
754066,,754066,未来计划·大妖神武月
754076,,754076,统御四海·敖兴
754092,,754092,真理之门·无冕之王
754128,,754128,深渊之主·拉莱耶
754359,,754359,遨游星辰间·龙母
754367,,754367,神域初晓之刻·王者龙母
754875,,754875,守护之光-米垭
760099,,760099,火花龙
760270,,760270,木人桩
760427,,760427,星光角斗士
760840,,760840,神罗麦提
760860,,760860,关羽
761350,,761350,赤翼魔龙王
761423,,761423,噬月武神
761461,,761461,苍炎战神
761616,,761616,剑圣太白
761639,,761639,圣光修罗
761697,,761697,猎空
761706,,761706,暗影凯撒
761806,,761806,冥焰夜王
761896,,761896,圣·天伊
761905,,761905,君焰狼王
761977,,761977,源
761999,,761999,创世星灵
762043,,762043,司马懿
762098,,762098,傲月武神
762107,,762107,圣域·幻极
762114,,762114,龙·斗罗明王
762140,,762140,魂刃夜王
762142,,762142,斗魂夏洛克
762144,,762144,时空巨龙
762149,,762149,圣辉狼王
762150,,762150,万王圣麒麟
762177,,762177,灵狼
762178,,762178,安琪雷米
762187,,762187,极·灵狼
762188,,762188,安琪乌利
762189,,762189,神焰天使乌利
762194,,762194,圣龙·天伊
762201,,762201,黯天凯撒皇
762229,,762229,神谕阿波罗
762232,,762232,普尼西亚
762237,,762237,小贝克
762244,,762244,雷焰凤凰
762254,,762254,魄月武皇
762265,,762265,源源
763443,,763443,[神机妙算]诸葛亮
763446,,763446,[七十二柱]所罗门王
763454,,763454,[星界霸主]上古星龙
763469,,763469,[龙族至尊]帝皇龙
763523,,763523,[绝地求生]枪神王
763549,,763549,[无双战神]吕布
763576,,763576,[天下第一龙]龍
763684,,763684,[天蓬元帅]猪八戒
763777,,763777,[人族起源]女娲
763909,,763909,{不朽星神]超维智慧王
763923,,763923,星辉时代·圣天伊
763928,,763928,救世天幕·时空王
763946,,763946,神之战鳞·枪魂应龙
763950,,763950,无双剑意·剑帝修纳
763991,,763991,圣光守护·超时空王
763992,,763992,威震天下·太阿
763999,,763999,第一真祖·黑翼王
764000,,764000,覆天之影·黑翼王
764008,,764008,主天道御天下·乾坤
764031,,764031,荒宇生无极·东皇太一
764036,,764036,未来计划·黯帝修罗
764037,,764037,未来计划·暴君凯撒
764042,,764042,星尊裁决·上古星龙
764043,,764043,未来计划·嗜血狼王
764046,,764046,龙魂永曜·龍
764047,,764047,须弥天帝·帝释天
764048,,764048,未来计划·噬魂夜王
764053,,764053,惊鸿逐月·李白
764057,,764057,未来计划·神秘战无炎
764060,,764060,星辰造世·奇灵王
764061,,764061,混元合一·奇灵王
764066,,764066,未来计划·大妖神武月
764153,,764153,神国天后·弗丽嘉
764165,,764165,九黎兵主·蚩尤
764166,,764166,伐天堕神·刑天
764193,,764193,彼岸永望·孟婆
764228,,764228,天启新篇·梵天
764229,,764229,生命礼赞·可兰
764260,,764260,主天道御天下·传说乾坤
764268,,764268,日月轮回之龙息·传说帝俊
764317,,764317,圣降·元初之天
764356,,764356,群星之怒·上古星龙
764385,,764385,苍龙御天·帝皇龙
770604,,770604,念
770728,,770728,凯撒
771124,,771124,夜王狄米特
771639,,771639,圣光修罗
771706,,771706,暗影凯撒
771806,,771806,冥焰夜王
771905,,771905,君焰狼王
772020,,772020,无念
772036,,772036,暗焰天龙
772232,,772232,普尼西亚
772237,,772237,小贝克
773381,,773381,[远古精灵王]伊撒尔
773384,,773384,[斗转星移]智慧王
773388,,773388,[远古大妖]大天狗
773394,,773394,[铃樱少女]欧若拉
773405,,773405,[天启堕神王]梵天
773406,,773406,[未来精灵王]梵天
773407,,773407,[万神之后]弗丽嘉
773408,,773408,[亘古鸿蒙]力量王
773409,,773409,[天道守护]东皇太一
773412,,773412,[黄帝]轩辕
773423,,773423,[金翅神]迦楼罗
773427,,773427,[太阳神]阿波罗
773429,,773429,[一代宗师]奇灵王
773430,,773430,[火之精灵王]菲尔
773431,,773431,[青莲剑仙]李白
773443,,773443,[神机妙算]诸葛亮
773446,,773446,[七十二柱]所罗门王
773462,,773462,[冥主]哈迪斯
773463,,773463,[神王]宙斯
773464,,773464,[破冰重生]冰晶凤凰
773465,,773465,[浴火重生]烈焰凤凰
773466,,773466,[希望之神]奥天
773476,,773476,[齐天大圣]孙悟空
773481,,773481,[绝界剑主]苏铁
773483,,773483,[傲慢与偏见]归零者
773486,,773486,[战争与和平]自由之神
773487,,773487,[永灵至尊]冥夜君狼王
773488,,773488,[通天神探]狄仁杰
773491,,773491,[神行谍影]黑翼王
773495,,773495,[无尽神兵]银
773504,,773504,[万物之始]源
773509,,773509,[地龙神]摩罗迦
773510,,773510,[应汝之愿]天使王
773511,,773511,[应汝之愿]天使王
773517,,773517,[黑客帝国]诺亚
773523,,773523,[绝地求生]枪神王
773527,,773527,[武绝苍穹]貘
773530,,773530,[千古女帝]武则天
773531,,773531,[森林斗神]棕叶战熊
773536,,773536,[七星神帝]龙刃
773539,,773539,[森林斗神]棕叶战熊
773543,,773543,[洪荒王]御星煌
773549,,773549,[无双战神]吕布
773609,,773609,[九重天主]东华帝君
773653,,773653,[幻灵灭杀]幻无极
773655,,773655,[八部天龙]龙太子
773684,,773684,[天蓬元帅]猪八戒
773692,,773692,[梦回太古]姜子牙
773777,,773777,[人族起源]女娲
773920,,773920,[始祖龙尊]命运龍
773923,,773923,星辉时代·圣天伊
773924,,773924,星辉时代·黄金圣天伊
773928,,773928,救世天幕·时空王
773942,,773942,光翼缔造者·创世星灵
773946,,773946,神之战鳞·枪魂应龙
773947,,773947,神之皇鳞·剑魂白泽
773948,,773948,神之帝鳞·扇魂毕方
773950,,773950,无双剑意·剑帝修纳
773952,,773952,天灾统领·巫妖王
773953,,773953,末世红镰闪·希尔瓦娜斯
773954,,773954,春晖神女·可兰
773958,,773958,神之审判·白天使王
773960,,773960,花晨月夕·洛羲
773963,,773963,魔王·撒旦
773975,,773975,万世龙尊·帝皇龙
773979,,773979,真炎神君·菲尔
773981,,773981,东方灵兽·青龙
773985,,773985,北方灵兽·玄武
773986,,773986,斗战胜佛·孙悟空
773987,,773987,浮光般若·炽寒天凤
773990,,773990,无烬噩梦·伊撒尔
773991,,773991,圣光守护·超时空王
773992,,773992,威震天下·太阿
773999,,773999,第一真祖·黑翼王
774000,,774000,覆天之影·黑翼王
774002,,774002,第二真祖·露易丝
774008,,774008,主天道御天下·乾坤
774025,,774025,轮回溯梦·伊撒尔
774026,,774026,天启神君·梵天
774030,,774030,太极生两仪·东皇太一
774031,,774031,荒宇生无极·东皇太一
774034,,774034,圣道御天·轩辕夏禹
774036,,774036,未来计划·黯帝修罗
774037,,774037,未来计划·暴君凯撒
774042,,774042,星尊裁决·上古星龙
774043,,774043,未来计划·嗜血狼王
774046,,774046,龙魂永曜·龍
774048,,774048,未来计划·噬魂夜王
774053,,774053,惊鸿逐月·李白
774057,,774057,未来计划·神秘战无炎
774060,,774060,星辰造世·奇灵王
774061,,774061,混元合一·奇灵王
774066,,774066,未来计划·大妖神武月
774070,,774070,造自然耀万物·盖亚
774076,,774076,统御四海·敖兴
774092,,774092,真理之门·无冕之王
774109,,774109,十年の热血·魔焰吉拉
774121,,774121,十年の希望·终结兔
774128,,774128,深渊之主·拉莱耶
774199,,774199,乱世英豪·吕布
780003,,780003,大师兔
780006,,780006,爆焰吉拉
780009,,780009,露西亚
782398,,782398,费曼
782400,,782400,沃特
782414,,782414,伍德
782427,,782427,月神
782428,,782428,炎帝
782452,,782452,凌翼周瑜
782524,,782524,灼格
782526,,782526,阿牧牧
782528,,782528,艾玛
782538,,782538,杰士
782557,,782557,幽隐夜刃
782561,,782561,孙悟空
782580,,782580,烈焰波鲁
782583,,782583,神影米奥
782586,,782586,莎莎公主
782590,,782590,乾坤修罗神
782600,,782600,卧龙诸葛
782618,,782618,堕天凯撒帝
782627,,782627,战神瑞斯
782630,,782630,鬼才司马
782631,,782631,昭烈帝·刘备
782632,,782632,战武雄·曹操
782635,,782635,神帝尊·孙权
782650,,782650,龙焰波鲁
782651,,782651,幻刃米奥
782652,,782652,莎莎女王
782675,,782675,炽尊狼王
782693,,782693,炽狱吉拉
782694,,782694,武魂兔皇
782695,,782695,灵渊露龙
782719,,782719,玛斯特
782721,,782721,格雷夫
782730,,782730,魔君夜王
782739,,782739,侯塞雷
782744,,782744,德力斯
783249,,783249,传奇东皇太一
783380,,783380,[王者羁绊]圣天伊
783381,,783381,[远古精灵王]伊撒尔
783392,,783392,[火神]祝融
783405,,783405,[天启堕神王]梵天
783406,,783406,[未来精灵王]梵天
783424,,783424,[万王加冕]圣王麒麟
783446,,783446,[七十二柱]所罗门王
783474,,783474,[圣堂祭祀]夕颜
783536,,783536,[七星神帝]龙刃
783563,,783563,[雷霆之怒]青龙
783609,,783609,[九重天主]东华帝君
783653,,783653,[幻灵灭杀]幻无极
783655,,783655,[八部天龙]龙太子
783684,,783684,[天蓬元帅]猪八戒
783692,,783692,[梦回太古]姜子牙
783777,,783777,[人族起源]女娲
783827,,783827,[萌妹小编]车厘子
783920,,783920,[始祖龙尊]命运龍
783923,,783923,星辉时代·圣天伊
783925,,783925,星辉少女·小熊座
783926,,783926,辉煌城主·天龙座
783928,,783928,救世天幕·时空王
783930,,783930,绯红女王·大熊座
783932,,783932,天穹之君·仙王座
783933,,783933,星宇之姬·仙后座
783942,,783942,光翼缔造者·创世星灵
783946,,783946,神之战鳞·枪魂应龙
783947,,783947,神之皇鳞·剑魂白泽
783948,,783948,神之帝鳞·扇魂毕方
783949,,783949,神之圣鳞·镜魂青鸾
783950,,783950,无双剑意·剑帝修纳
783958,,783958,神之审判·白天使王
783975,,783975,万世龙尊·帝皇龙
783976,,783976,仁者无敌·湛卢
783981,,783981,东方灵兽·青龙
783982,,783982,南方灵兽·朱雀
783984,,783984,西方灵兽·白虎
783985,,783985,北方灵兽·玄武
783991,,783991,圣光守护·超时空王
783992,,783992,威震天下·太阿
783999,,783999,第一真祖·黑翼王
784000,,784000,覆天之影·黑翼王
784006,,784006,雨纷纷·清明
784008,,784008,主天道御天下·乾坤
784021,,784021,春光晓·谷雨
784029,,784029,神国之主·奥丁大帝
784030,,784030,太极生两仪·东皇太一
784031,,784031,荒宇生无极·东皇太一
784034,,784034,圣道御天·轩辕夏禹
784036,,784036,未来计划·黯帝修罗
784037,,784037,未来计划·暴君凯撒
784042,,784042,星尊裁决·上古星龙
784043,,784043,未来计划·嗜血狼王
784046,,784046,龙魂永曜·龍
784048,,784048,未来计划·噬魂夜王
784052,,784052,尊贵无双·纯钧
784053,,784053,惊鸿逐月·李白
784057,,784057,未来计划·神秘战无炎
784058,,784058,谷满尖·芒种
784060,,784060,星辰造世·奇灵王
784061,,784061,混元合一·奇灵王
784066,,784066,未来计划·大妖神武月
784070,,784070,造自然耀万物·盖亚
784076,,784076,统御四海·敖兴
784092,,784092,真理之门·无冕之王
784109,,784109,十年の热血·魔焰吉拉
784110,,784110,凉风至·立秋
784121,,784121,十年の希望·终结兔
784122,,784122,榴满枝·处暑
784128,,784128,深渊之主·拉莱耶
784147,,784147,桂盈梢·秋分
784168,,784168,晓霜重·寒露
784172,,784172,骖龙孤影行·赵云
784173,,784173,金蕊繁·霜降
784176,,784176,飘渺绝尘·七星龙渊
784182,,784182,神谕天佑·圣王麒麟
784194,,784194,今宵寒·立冬
784197,,784197,踏阙飞影·鱼肠
784198,,784198,琴语轻·小雪
793392,,793392,[火神]祝融
793467,,793467,[龙胆神威]赵子龙
793506,,793506,[星际女警]安娜
793563,,793563,[雷霆之怒]青龙
793609,,793609,[九重天主]东华帝君
793776,,793776,[天地起源]超维盘古
793777,,793777,[人族起源]女娲
793917,,793917,[大道轮回]灵魂天命王
793925,,793925,星辉少女·小熊座
793926,,793926,辉煌城主·天龙座
793928,,793928,救世天幕·时空王
793930,,793930,绯红女王·大熊座
793932,,793932,天穹之君·仙王座
793933,,793933,星宇之姬·仙后座
793946,,793946,神之战鳞·枪魂应龙
793947,,793947,神之皇鳞·剑魂白泽
793948,,793948,神之帝鳞·扇魂毕方
793950,,793950,无双剑意·剑帝修纳
793976,,793976,仁者无敌·湛卢
793981,,793981,东方灵兽·青龙
793982,,793982,南方灵兽·朱雀
793984,,793984,西方灵兽·白虎
793985,,793985,北方灵兽·玄武
793992,,793992,威震天下·太阿
793999,,793999,第一真祖·黑翼王
794000,,794000,覆天之影·黑翼王
794002,,794002,第二真祖·露易丝
794004,,794004,万神之王·宙斯
794005,,794005,万冥之主·哈迪斯
794006,,794006,雨纷纷·清明
794008,,794008,主天道御天下·乾坤
794011,,794011,醉红颜·洛洛离
794018,,794018,剑越九霄·逍遥
794020,,794020,大道独行·天命王
794021,,794021,春光晓·谷雨
794024,,794024,龙诫诸天·阿修罗
794025,,794025,轮回溯梦·伊撒尔
794026,,794026,天启神君·梵天
794029,,794029,神国之主·奥丁大帝
794030,,794030,太极生两仪·东皇太一
794031,,794031,荒宇生无极·东皇太一
794033,,794033,菩提本无树·瑠璃
794036,,794036,未来计划·黯帝修罗
794037,,794037,未来计划·暴君凯撒
794041,,794041,源水风暴·梅卡
794042,,794042,星尊裁决·上古星龙
794043,,794043,未来计划·嗜血狼王
794046,,794046,龙魂永曜·龍
794047,,794047,须弥天帝·帝释天
794048,,794048,未来计划·噬魂夜王
794050,,794050,破虚空衍群龙·龙母
794052,,794052,尊贵无双·纯钧
794053,,794053,惊鸿逐月·李白
794056,,794056,命运交响·亚当
794057,,794057,未来计划·神秘战无炎
794058,,794058,谷满尖·芒种
794060,,794060,星辰造世·奇灵王
794061,,794061,混元合一·奇灵王
794064,,794064,空间魂梦·伊撒尔
794066,,794066,未来计划·大妖神武月
794070,,794070,造自然耀万物·盖亚
794071,,794071,万灵永恒·盖亚
794074,,794074,末法斩业·迦楼罗
794075,,794075,光明之神·阿波罗
794076,,794076,统御四海·敖兴
794079,,794079,无限星空·智慧王
794084,,794084,无限神力·力量王
794089,,794089,超感猎手·枪神王
794090,,794090,血狱魔躯·赤色梦魇
794095,,794095,相伴十载·初心未来
794102,,794102,傲凡尘启仙灵·女娲
794109,,794109,十年の热血·魔焰吉拉
794110,,794110,凉风至·立秋
794117,,794117,十年の梦想·古渊露龙
794119,,794119,扉之光时之晖·王者羲和
794120,,794120,梦幻绮丽之夜·羲和
794121,,794121,十年の希望·终结兔
794122,,794122,榴满枝·处暑
794128,,794128,深渊之主·拉莱耶
794129,,794129,英霸之气·诸葛亮
794138,,794138,星河御月之流辉·望舒
794139,,794139,忘川临世·鬼墨无忧
794141,,794141,驭灵度众生·通灵王
794145,,794145,鸿蒙初启·洪荒王
794146,,794146,翩鸿引梦·御星璃
794147,,794147,桂盈梢·秋分
794152,,794152,审判之枪·奥丁大帝
794153,,794153,神国天后·弗丽嘉
794156,,794156,妖相百斩·洪荒无极
794165,,794165,九黎兵主·蚩尤
794166,,794166,伐天堕神·刑天
794167,,794167,鹿鸣仙风·姜子牙
794168,,794168,晓霜重·寒露
794172,,794172,骖龙孤影行·赵云
794173,,794173,金蕊繁·霜降
794176,,794176,飘渺绝尘·七星龙渊
794182,,794182,神谕天佑·圣王麒麟
794186,,794186,游龙回雪·金步摇
794193,,794193,彼岸永望·孟婆
794194,,794194,今宵寒·立冬
794197,,794197,踏阙飞影·鱼肠
794198,,794198,琴语轻·小雪
794199,,794199,乱世英豪·吕布
794200,,794200,一曲相思意·貂蝉
794201,,794201,烈焰天辉·菲尔
794203,,794203,不语奈何·知世
794206,,794206,吾即太阳·阿波罗
794207,,794207,月冕之曜·阿尔忒弥斯
794212,,794212,幽径拾光·达芙妮
794215,,794215,神枪镇山河·韩信
794216,,794216,照世之澜·梅卡
794217,,794217,虚数重构·黛依
794228,,794228,天启新篇·梵天
794229,,794229,生命礼赞·可兰
794245,,794245,裂穹之斩·龙刃
794249,,794249,花晨月夕·传说洛羲
794264,,794264,灰烬熔芯·胜遇
794266,,794266,地隐微澜·小锦鲤
794278,,794278,阴阳主百鬼王·晴明
794282,,794282,凰诏天赦·烈焰凤凰
794290,,794290,枭影暗香来·孙尚香
794293,,794293,圣剑之佑·白羽公主
794297,,794297,罔相仪形·蜃龙
794305,,794305,华夏始祖·轩辕
794307,,794307,百药先祖·神农
794310,,794310,云墨苍生·玄霄
794316,,794316,开天启明之圣·盘古
794317,,794317,圣降·元初之天
794323,,794323,神裁·奥天
794342,,794342,梵音净心·乾达婆
794344,,794344,黑蔷薇·莉莉丝
794353,,794353,应天·源
794356,,794356,群星之怒·上古星龙
794359,,794359,遨游星辰间·龙母
794364,,794364,苍雷怒涛·风暴龙
794366,,794366,末世幽火悯·赫菲斯托斯
794369,,794369,断罪恕业·白夜叉
794384,,794384,神龙佑世·帝皇龙
794385,,794385,苍龙御天·帝皇龙
794392,,794392,永夜玫瑰·夜兰
794406,,794406,地龙天威·摩罗迦
794425,,794425,梦回长安·王昭君
794432,,794432,携手同行·一心一意
794443,,794443,深潜者·克拉肯
794447,,794447,特别邀约·梦
794454,,794454,缠绕者·利维坦
800033,,800033,鲨鱼王
800048,,800048,火巨人
800066,,800066,摩格
800069,,800069,乌歌拉
800207,,800207,赤火野猪
800209,,800209,花冠公主
800382,,800382,十字匹诺
800601,,800601,拉格纳罗斯
801163,,801163,船长波波
801195,,801195,水枪蟹
801213,,801213,岩波斗魂者
801220,,801220,利爪格非
801516,,801516,龙甲小兵
801603,,801603,剑齿虎
801722,,801722,新德拉
802070,,802070,极影艾恩
802079,,802079,圣纹艾恩
802086,,802086,辉刃艾恩
802090,,802090,圣域·幻雷
802091,,802091,圣域·幻炎
802092,,802092,圣域·幻流
802096,,802096,圣域·幻冥
802097,,802097,圣域·幻光
802099,,802099,君芒艾恩
803380,,803380,[王者羁绊]圣天伊
803381,,803381,[远古精灵王]伊撒尔
803384,,803384,[斗转星移]智慧王
803388,,803388,[远古大妖]大天狗
803392,,803392,[火神]祝融
803394,,803394,[铃樱少女]欧若拉
803399,,803399,[逢魔之约]阴阳
803402,,803402,[雷霆主宰]风暴龙
803403,,803403,[天罪弑神者]兰斯洛
803405,,803405,[天启堕神王]梵天
803406,,803406,[未来精灵王]梵天
803408,,803408,[亘古鸿蒙]力量王
803409,,803409,[天道守护]东皇太一
803412,,803412,[黄帝]轩辕
803414,,803414,[黄泉大神]伊邪那美
804037,,804037,未来计划·暴君凯撒
804057,,804057,未来计划·神秘战无炎
804866,,804866,光启精灵王-伊撒尔
804867,,804867,木之精灵王-可兰
804868,,804868,净化之光-拉克丝
804869,,804869,梦幻之光-罗塔纱
804870,,804870,水之精灵王-梅卡
804871,,804871,光启时代-圣天伊
804872,,804872,火之精灵王-菲尔
804874,,804874,暗月千面-艾琳
804875,,804875,守护之光-米垭
804879,,804879,神羽曙光-奥天
804880,,804880,重枪风暴-合金猛将
804881,,804881,圣窗余晖-米迦勒
804882,,804882,繁星余迹-路西法
804883,,804883,绝代兵神-韩信
804884,,804884,神峰圣护-山脉之魂
804890,,804890,幽冥主宰-哈迪斯
804891,,804891,信念之心
804892,,804892,猩红序曲-露易丝
804893,,804893,绿叶咆哮-棕叶战熊
804898,,804898,永恒源晶裁决之龙-阿卜苏
804899,,804899,生命使徒-瓦利
804900,,804900,灵魂使徒-卡莉
804904,,804904,天使圣音-姬露比
804909,,804909,寰宇鎏金星河入怀-银河
804916,,804916,陨星-愚者
804917,,804917,福瑞降人间-圣王麒麟
804920,,804920,圣宇星轨时扉之光-羲和
804927,,804927,浮生浮灭万意恒常-阿赖耶识
804939,,804939,旃檀功德-唐三藏
804940,,804940,齐天大圣-孙悟空
804945,,804945,众里寻他千百度-梦
804946,,804946,众生乐土万灵随行-末那
804947,,804947,海枯之心-白京京
804955,,804955,凛冬之意-瓦格纳
804957,,804957,剑影抚落忆-孙尚香
804958,,804958,清辉映星河-望舒
804959,,804959,三位一体-至尊精灵王
804960,,804960,卷帘大将-沙悟净
804964,,804964,深渊安魂曲-奈亚
804965,,804965,天道暗御-阴
804967,,804967,踏阴阳定荒宇-东皇太一
804968,,804968,引尘造万物-星尘
804969,,804969,天道曜护-阳
804971,,804971,阴阳割昏晓-天道无极
804973,,804973,霜佑北境-帕里斯
804977,,804977,千山落樱之辉-夜樱
804978,,804978,荷风引水色-瑠璃
804979,,804979,大汉天子-汉武帝刘彻
804980,,804980,月魄孤影-神武月
804994,,804994,至圣神王裁决-奥丁大帝
804995,,804995,源星之归引-上古星龙
804996,,804996,深渊穿梭者-律
805001,,805001,守护众生之愿-瓦尔基里
805007,,805007,永劫破灭混沌至尊-卡奥斯
805019,,805019,创灵众生-通灵王
805020,,805020,白灵之尊-狼王
805021,,805021,万世独霸龙族至尊-帝皇龙
805022,,805022,荒宇独霸-帝皇龙
805025,,805025,星轨圣裁之回响-羲和
805030,,805030,破虚空衍群龙-龙母
805038,,805038,斐灵之心-皮塔
805042,,805042,圣树临辉光暗双耀-奇灵王
805050,,805050,春晖神女-可兰
805053,,805053,戮器仁心-帝刃
805055,,805055,天国守护者-白天使王
805064,,805064,沧海遗珠-沫夏
805074,,805074,睥睨众臣-女帝
805082,,805082,深渊之契-绮美拉
805084,,805084,幽冥千炼-鬼墨无忧
805087,,805087,武绝凌天-貘
805093,,805093,棋临无间-无冕之王
805097,,805097,逐梦追光-布灵灵
805105,,805105,王者加冕-黄金圣天伊
805111,,805111,无垠-愚者
805114,,805114,博物馆奇妙夜-梁龙
805118,,805118,邃古凌苍-日月战武神
805121,,805121,混沌恩赐-厄瑞玻斯
805122,,805122,万象始源之刻-赫耳墨斯
805124,,805124,鸣劫制裁-雷霆青龙
805130,,805130,漆夜破空之刃-使者
805136,,805136,万王天谕-圣王麒麟
805142,,805142,圣魂觉醒-伊撒尔
805143,,805143,时序之光-洛羲
805154,,805154,圣铃妙音众识浮沉-阿赖耶识
805162,,805162,真炎神君-菲尔
805163,,805163,傲凡尘启仙灵-女娲
805164,,805164,妙笔创生绘世-女娲
805165,,805165,午夜大冒险-黑夜童心
805171,,805171,伊甸园的余晖-亚当
805174,,805174,超越纪元的新生-海蒂拉玛
805182,,805182,源水风暴-梅卡
805187,,805187,星宇之隙穹宙之辉-银河
805188,,805188,万神之王-宙斯
805196,,805196,造自然耀万物-盖亚
805203,,805203,恶魔之主-撒旦
805206,,805206,始祖大天使-尼斯洛克
805207,,805207,地狱天使-纳菲利姆
805214,,805214,绝望噬影-尼德霍格
805217,,805217,神兽尊主-苍穹圣龙
805235,,805235,瞰世之棘-亘古树灵
805240,,805240,霜寒冰域-上古龙女
805241,,805241,炽天炎境-上古龙女
805247,,805247,天道秩序诸界主宰-乾坤
805253,,805253,爱与美的赞歌-维纳斯
805254,,805254,大道无名-天命王
805257,,805257,天穹苍翼-圣修暗凯帝
805258,,805258,魔神再临-以撒
805262,,805262,冰与火之舞-炽寒天凤
805265,,805265,永恒炽阳-神阿波罗
805272,,805272,创世织梦之眷-赫耳墨斯
805275,,805275,如星永伴长夜-梦
805281,,805281,九霄帝姬-巫山神女
805282,,805282,霸世枭雄-魏武帝曹操
805289,,805289,破晓圣光-白羽公主
805291,,805291,原初骑士-洛兰
805293,,805293,横扫三界-孙悟空
805295,,805295,永夜之主-夜王
805299,,805299,幻世镜梦-谴
805301,,805301,长夜墟渊-烛龙
805303,,805303,赤帝-祝融
805307,,805307,浮士德-归零者
805309,,805309,水神-共工
805314,,805314,青山沐日天地无疆-盘古
805316,,805316,梵星音律-乾达婆
805324,,805324,星启万象-智慧王
805327,,805327,次元守护-伊撒尔
805330,,805330,诺言之神-星诺玛
805332,,805332,金翅神羽-迦楼罗
805336,,805336,群星守护寰宇光辉-神银河
805337,,805337,暗宇之质万物之初-提亚玛特
805339,,805339,魂之缚-奇诺
805344,,805344,创世罪裁龙神-撒迦利亚
805345,,805345,晨光樱语-欧若拉
805346,,805346,凰权天下-帝女夙
805347,,805347,审判命运之战-奥丁大帝
805349,,805349,末裔之歌-海伦娜
805351,,805351,神国圣赐之羽-弗丽嘉
805353,,805353,诸天神通-帝释天
805358,,805358,王权断罪之章-吉尔伽美什
805360,,805360,混沌寂烬-厄瑞玻斯
805364,,805364,混沌始源万物终湮-卡奥斯
805365,,805365,生于哀骨之花-莉莉丝
805371,,805371,深渊缠绕者-利维坦
805376,,805376,晖光轮回女神-梅比乌斯
805377,,805377,冰霜亡域-巫妖王
805391,,805391,寰宇皆臣-女帝
805397,,805397,终末的残响-奈亚
805400,,805400,审神律理-无冕之王
805402,,805402,断海沧澜-龙太子
805413,,805413,逐光深坠-克希拉
805422,,805422,无始无明之境-阿赖耶识
805427,,805427,寒夜破晓之刃-使者
805431,,805431,九柱神临缔世碑火-阿蒙王
805433,,805433,神威地龙-摩罗迦
805438,,805438,墟尽神临之噬-赫耳墨斯
805439,,805439,噬界傀人-赫耳墨斯
805443,,805443,星芒圣佑-创世星灵
805444,,805444,孤影剑界-苏铁
805446,,805446,圣火炽天使-塞勒芙
805450,,805450,圣裁座天使-奥菲妮
805452,,805452,永恒圣穹焚罪终裁-阿卜苏
805453,,805453,孤胆英雄-赵云
805457,,805457,吾即永恒-阿卜苏
805464,,805464,万序之启-源
805467,,805467,灵骸烬染之潮-夜樱
805468,,805468,月影映夜斓-夜樱
805471,,805471,乘清气御阴阳-东皇太一
805474,,805474,浮游天地乘风去-逍遥
805475,,805475,瑶琴迷阵-诸葛亮
805482,,805482,坐忘无我化生万象-天道无极
805483,,805483,日月映海晨曦微露-羲和
805488,,805488,黑翎之妄朽界之暗-梵天
805491,,805491,幻相至尊-白皇星焰
805493,,805493,天启纪元缔世圣冕-梵天
805494,,805494,横戟破军-吕布
805504,,805504,原初灵械-SR原型机
805509,,805509,诡影噬夜-黑翼王
805512,,805512,全维衍化之钥-阿比斯
805527,,805527,一剑封魂-白夜叉
805540,,805540,统界神权王者-帝皇龙
805545,,805545,蛇影魔瞳-美杜莎
810066,,810066,摩格
810209,,810209,花冠公主
810601,,810601,拉格纳罗斯
811163,,811163,船长波波
811213,,811213,岩波斗魂者
811220,,811220,利爪格非
812079,,812079,圣纹艾恩
812096,,812096,圣域·幻冥
812097,,812097,圣域·幻光
812398,,812398,费曼
812400,,812400,沃特
812414,,812414,伍德
813392,,813392,[火神]祝融
813476,,813476,[齐天大圣]孙悟空
813506,,813506,[星际女警]安娜
813563,,813563,[雷霆之怒]青龙
813609,,813609,[九重天主]东华帝君
813776,,813776,[天地起源]超维盘古
813777,,813777,[人族起源]女娲
813917,,813917,[大道轮回]灵魂天命王
813928,,813928,救世天幕·时空王
813946,,813946,神之战鳞·枪魂应龙
813947,,813947,神之皇鳞·剑魂白泽
813948,,813948,神之帝鳞·扇魂毕方
813950,,813950,无双剑意·剑帝修纳
813983,,813983,开天地创净土·盘古
813986,,813986,斗战胜佛·孙悟空
814008,,814008,主天道御天下·乾坤
814031,,814031,荒宇生无极·东皇太一
814036,,814036,未来计划·黯帝修罗
814037,,814037,未来计划·暴君凯撒
814042,,814042,星尊裁决·上古星龙
814043,,814043,未来计划·嗜血狼王
814046,,814046,龙魂永曜·龍
814048,,814048,未来计划·噬魂夜王
814053,,814053,惊鸿逐月·李白
814057,,814057,未来计划·神秘战无炎
814060,,814060,星辰造世·奇灵王
814061,,814061,混元合一·奇灵王
814066,,814066,未来计划·大妖神武月
814076,,814076,统御四海·敖兴
814090,,814090,血狱魔躯·赤色梦魇
814891,,814891,信念之心
820939,,820939,暮光冲锋兵
821573,,821573,暮光炮兵
821993,,821993,暮光高阶法师
822018,,822018,暮光重装机甲
822040,,822040,暮光魔法兵
822158,,822158,暮光高级战士
822398,,822398,暮光火灵守护
822400,,822400,暮光水灵守护
822404,,822404,暮光电灵守护
822526,,822526,阿牧牧
822528,,822528,艾玛
822538,,822538,杰士
822561,,822561,孙悟空
823463,,823463,[神王]宙斯
823517,,823517,[黑客帝国]诺亚
823553,,823553,[睡美人]夏娃
823561,,823561,[天选之王]亚当
823562,,823562,[天选之王]亚当
823576,,823576,[天下第一龙]龍
823609,,823609,[九重天主]东华帝君
823623,,823623,[无畏兵神]韩信
823653,,823653,[幻灵灭杀]幻无极
823655,,823655,[八部天龙]龙太子
823684,,823684,[天蓬元帅]猪八戒
823692,,823692,[梦回太古]姜子牙
823748,,823748,[始祖传承]六龙圣王
823777,,823777,[人族起源]女娲
823781,,823781,[亚特兰蒂斯]通灵亚当
823782,,823782,[睡美人]夏娃（救世主）
823907,,823907,[绝望龙神]尼德霍格
823920,,823920,[始祖龙尊]命运龍
823928,,823928,救世天幕·时空王
823936,,823936,自由女王·拜伦
823942,,823942,光翼缔造者·创世星灵
823943,,823943,撒旦之子·魔域星君
823947,,823947,神之皇鳞·剑魂白泽
823948,,823948,神之帝鳞·扇魂毕方
823950,,823950,无双剑意·剑帝修纳
823952,,823952,天灾统领·巫妖王
823953,,823953,末世红镰闪·希尔瓦娜斯
823963,,823963,魔王·撒旦
823968,,823968,星轨圣裁之回响·羲和
823987,,823987,浮光般若·炽寒天凤
823988,,823988,皆归四象·万灵王
823999,,823999,第一真祖·黑翼王
824000,,824000,覆天之影·黑翼王
824004,,824004,万神之王·宙斯
824008,,824008,主天道御天下·乾坤
824029,,824029,神国之主·奥丁大帝
824031,,824031,荒宇生无极·东皇太一
824036,,824036,未来计划·黯帝修罗
824037,,824037,未来计划·暴君凯撒
824042,,824042,星尊裁决·上古星龙
824043,,824043,未来计划·嗜血狼王
824046,,824046,龙魂永曜·龍
824048,,824048,未来计划·噬魂夜王
824050,,824050,破虚空衍群龙·龙母
824053,,824053,惊鸿逐月·李白
824057,,824057,未来计划·神秘战无炎
824060,,824060,星辰造世·奇灵王
824061,,824061,混元合一·奇灵王
824066,,824066,未来计划·大妖神武月
824075,,824075,光明之神·阿波罗
824076,,824076,统御四海·敖兴
824092,,824092,真理之门·无冕之王
824128,,824128,深渊之主·拉莱耶
824215,,824215,神枪镇山河·韩信
824891,,824891,信念之心
830939,,830939,破晓冲锋兵
831573,,831573,破晓炮兵
831993,,831993,破晓高阶法师
832018,,832018,破晓重装机甲
832040,,832040,破晓魔法兵
832158,,832158,破晓高级战士
832391,,832391,破晓龙灵守护
832408,,832408,破晓木灵守护
832424,,832424,破晓电灵守护
832524,,832524,灼格
832557,,832557,幽隐夜刃
832627,,832627,战神瑞斯
833946,,833946,神之战鳞·枪魂应龙
833950,,833950,无双剑意·剑帝修纳
834036,,834036,未来计划·黯帝修罗
834037,,834037,未来计划·暴君凯撒
834043,,834043,未来计划·嗜血狼王
834048,,834048,未来计划·噬魂夜王
834057,,834057,未来计划·神秘战无炎
834066,,834066,未来计划·大妖神武月
834891,,834891,信念之心
842398,,842398,费曼
842400,,842400,沃特
842414,,842414,伍德
843402,,843402,[雷霆主宰]风暴龙
843454,,843454,[星界霸主]上古星龙
843469,,843469,[龙族至尊]帝皇龙
843470,,843470,[白垩传说]青翼龙王
843498,,843498,[灭世魔焰]黑炎龙
843509,,843509,[地龙神]摩罗迦
843655,,843655,[八部天龙]龙太子
843928,,843928,救世天幕·时空王
843950,,843950,无双剑意·剑帝修纳
843974,,843974,日月轮回之龙息·帝俊
843975,,843975,万世龙尊·帝皇龙
843980,,843980,四灵之主·苍穹圣龙
844024,,844024,龙诫诸天·阿修罗
844036,,844036,未来计划·黯帝修罗
844037,,844037,未来计划·暴君凯撒
844043,,844043,未来计划·嗜血狼王
844046,,844046,龙魂永曜·龍
844048,,844048,未来计划·噬魂夜王
844050,,844050,破虚空衍群龙·龙母
844051,,844051,万龙之上·至高龙尊
844057,,844057,未来计划·神秘战无炎
844066,,844066,未来计划·大妖神武月
844151,,844151,诸神至高王座·王者奥丁大帝
844153,,844153,神国天后·弗丽嘉
844165,,844165,九黎兵主·蚩尤
844166,,844166,伐天堕神·刑天
844172,,844172,骖龙孤影行·赵云
844175,,844175,第二真祖·SP露易丝
844196,,844196,菩提本无树·SP瑠璃
844239,,844239,龙海云荒·龙太子
844240,,844240,龙海云荒·龙太子
853396,,853396,[诸神之父]奥丁大帝
853416,,853416,[阴阳总帅]晴明
853418,,853418,[神之九尾]玉藻皇（式神）
853419,,853419,[远古大妖]大天狗（式神）
853420,,853420,[鬼族之王]酒吞龙泉（式神）
853421,,853421,[破坏神]须佐之男（式神）
853423,,853423,[金翅神]迦楼罗
853453,,853453,[众灵始初]通灵王
853458,,853458,[逢魔之约]阴阳（圣灵）
853459,,853459,[黄泉大神]伊邪那美（圣灵）
853460,,853460,[金翅神]迦楼罗（圣灵）
853461,,853461,[宇宙秩序]毗湿奴（圣灵）
853476,,853476,[齐天大圣]孙悟空
853481,,853481,[绝界剑主]苏铁
853493,,853493,[光暗传说]圣修暗凯帝
853495,,853495,[无尽神兵]银
853510,,853510,[应汝之愿]天使王
853511,,853511,[应汝之愿]天使王
853518,,853518,[上古神话]日月战武神
853519,,853519,[上古月神]神武月
853520,,853520,[上古炎帝]战无炎
853523,,853523,[绝地求生]枪神王
853526,,853526,[纵横捭阖]无冕之王
853538,,853538,[纵横捭阖]无冕之王
853541,,853541,[开天辟地]盘古
853542,,853542,[开天辟地]盘古
853550,,853550,[造化阴阳]天道无极
853551,,853551,[天道阳极]阳
853552,,853552,[天道阴极]阴
853556,,853556,[二郎真君]杨戬
853557,,853557,[木之精灵王]可兰
853561,,853561,[天选之王]亚当
853562,,853562,[天选之王]亚当
853566,,853566,[四象归一]万灵王
853567,,853567,[雷霆之怒]青龙（灵兽）
853568,,853568,[寒冰王座]白虎（灵兽）
853569,,853569,[烈焰红莲]朱雀（灵兽）
853570,,853570,[不动如山]玄武（灵兽）
853576,,853576,[天下第一龙]龍
853577,,853577,[玄音神]乾达婆
853581,,853581,[天地复初]乾坤
853582,,853582,[天地复初]乾坤
853583,,853583,[天道主宰]乾坤
853584,,853584,[天道主宰]乾坤
853588,,853588,[天地玄黄]洪荒无极
853589,,853589,[洪荒王]御星煌
853590,,853590,[洪荒之主]御星璃
853597,,853597,[气吞山河]圣体力量王
853598,,853598,[气吞山河]圣体力量王
853608,,853608,[星现万物]王者智慧王
853609,,853609,[九重天主]东华帝君
853614,,853614,[御魂破咒]八岐龙吟
853615,,853615,[破灭洪荒]八岐大蛇
853616,,853616,[御天龙魂]龙吟守
853620,,853620,[时间法则]王者伊撒尔
853623,,853623,[无畏兵神]韩信
853624,,853624,[无畏兵神]韩信
853632,,853632,[王者圣剑]龙天伊
853633,,853633,[王者羁绊]圣天伊
853634,,853634,[圣剑传说]龙神
853636,,853636,[天玑天璇]重楼
853641,,853641,[御日月缔时光]羲和
853644,,853644,[时间终焉]洛羲
853645,,853645,[时间终焉]洛羲
853646,,853646,[天启之光]通灵梵天
853647,,853647,[幻召虚空]白皇星焰（四皇）
853648,,853648,[无敌斗尊]龙皇辉斗（四皇）
853649,,853649,[不死传说]雀皇紫辰（四皇）
853650,,853650,[元素审判]玄皇耀凌（四皇）
853651,,853651,[魔法少女]爱丽丝
853652,,853652,[魔法少女]爱丽丝
853653,,853653,[幻灵灭杀]幻无极
853656,,853656,[天命七星]神兵圣王
853657,,853657,[伍心开阳]姬如意（神兵）
853658,,853658,[玉衡金仙]灵天释（神兵）
853659,,853659,[天玑天璇]重楼（神兵）
853660,,853660,[执掌天权]御渊（神兵）
853661,,853661,[万界天枢]紫璇（神兵）
853664,,853664,[神爱世人]王者天使王
853665,,853665,[冰雪奇缘]绝界欧若拉
853666,,853666,[湮灭诸天]九曜
853667,,853667,[湮灭诸天]九曜
853668,,853668,[王启诸灵]王者通灵王
853670,,853670,[大道至臻]天命王
853671,,853671,[大道至臻]天命王
853672,,853672,[王之冕]英雄圣王麒麟
853673,,853673,[王之冕]英雄圣王麒麟
853674,,853674,[神谕之光]绝界阿波罗
853675,,853675,[破轮回斩因果]帝俊
853683,,853683,[天焰至尊]王者菲尔
853684,,853684,[天蓬元帅]猪八戒
853690,,853690,[神帝]圣体日月战武神
853691,,853691,[神帝]圣体日月战武神
853692,,853692,[梦回太古]姜子牙
853693,,853693,[五虎龙震天]王者赵云
853697,,853697,[月亮女神]阿尔忒弥斯
853698,,853698,[月桂女神]达芙妮
853699,,853699,[月桂女神]达芙妮
853704,,853704,[皆为序曲]过去之神
853705,,853705,[皆为序曲]过去之神
853706,,853706,[贪婪之罪]神秘战无炎
853708,,853708,[圣域曙光]圣体奥天
853709,,853709,[圣域曙光]圣体奥天
853712,,853712,[逆星神]绝界星魔
853714,,853714,[天之羽衣]辉夜姬
853715,,853715,[天之羽衣]辉夜姬
853716,,853716,[星神主]绝界上古星龙
853717,,853717,[大小姐]孙尚香
853718,,853718,[大小姐]孙尚香
853719,,853719,[蜀汉天尊]刘备
853720,,853720,[五虎鹏偃月]关羽（五虎）
853721,,853721,[五虎蛇吞海]张飞（五虎）
853722,,853722,[五虎龙震天]王者赵云（五虎）
853723,,853723,[五虎凤燎原]马超（五虎）
853724,,853724,[五虎鹰击空]黄忠（五虎）
853729,,853729,[扶桑至高神]伊邪那氏
853730,,853730,[扶桑大神]伊邪那岐
853731,,853731,[黄泉大神]伊邪那美
853732,,853732,[皆有可能]未来之神
853733,,853733,[皆有可能]未来之神
853739,,853739,[空间羁绊]超维圣天伊
853740,,853740,[空间法则]超维伊撒尔
853954,,853954,春晖神女·可兰
853979,,853979,真炎神君·菲尔
854041,,854041,源水风暴·梅卡
854127,,854127,GOD·无冕之王
854151,,854151,诸神至高王座·王者奥丁大帝
854172,,854172,骖龙孤影行·赵云
854179,,854179,众神の意志·王者宙斯
854199,,854199,乱世英豪·吕布
854200,,854200,一曲相思意·貂蝉
854201,,854201,烈焰天辉·菲尔
854215,,854215,神枪镇山河·韩信
854216,,854216,照世之澜·梅卡
854674,,854674,剑挽沧溟·梅卡
863446,,863446,[七十二柱]所罗门王
863453,,863453,[众灵始初]通灵王
863641,,863641,[御日月缔时光]羲和
863675,,863675,[破轮回斩因果]帝俊
863790,,863790,[众神天罚]超维宙斯
863791,,863791,[万冥天罪]王者哈迪斯
863832,,863832,[黑暗星光]灵魂洛羲
863885,,863885,[全知全能]命运奥丁大帝
863914,,863914,[终极合体]王牌战队
863928,,863928,救世天幕·时空王
863937,,863937,末世樱剑舞·千夏
863950,,863950,无双剑意·剑帝修纳
863953,,863953,末世红镰闪·希尔瓦娜斯
864036,,864036,未来计划·黯帝修罗
864037,,864037,未来计划·暴君凯撒
864043,,864043,未来计划·嗜血狼王
864048,,864048,未来计划·噬魂夜王
864050,,864050,破虚空衍群龙·龙母
864057,,864057,未来计划·神秘战无炎
864060,,864060,星辰造世·奇灵王
864061,,864061,混元合一·奇灵王
864066,,864066,未来计划·大妖神武月
864089,,864089,超感猎手·枪神王
864090,,864090,血狱魔躯·赤色梦魇
864201,,864201,烈焰天辉·菲尔
864204,,864204,帝刹穹天·至高龙尊
864229,,864229,生命礼赞·可兰
864248,,864248,星轨圣裁之回响·传说羲和
864249,,864249,花晨月夕·传说洛羲
864268,,864268,日月轮回之龙息·传说帝俊
873409,,873409,[天道守护]东皇太一
873636,,873636,[天玑天璇]重楼
873641,,873641,[御日月缔时光]羲和
873674,,873674,[神谕之光]绝界阿波罗
873675,,873675,[破轮回斩因果]帝俊
873810,,873810,[黑白相生]灵魂奇灵王
873832,,873832,[黑暗星光]灵魂洛羲
873885,,873885,[全知全能]命运奥丁大帝
873950,,873950,无双剑意·剑帝修纳
873960,,873960,花晨月夕·洛羲
873963,,873963,魔王·撒旦
873968,,873968,星轨圣裁之回响·羲和
873974,,873974,日月轮回之龙息·帝俊
874000,,874000,覆天之影·黑翼王
874002,,874002,第二真祖·露易丝
874008,,874008,主天道御天下·乾坤
874029,,874029,神国之主·奥丁大帝
874030,,874030,太极生两仪·东皇太一
874031,,874031,荒宇生无极·东皇太一
874036,,874036,未来计划·黯帝修罗
874037,,874037,未来计划·暴君凯撒
874043,,874043,未来计划·嗜血狼王
874048,,874048,未来计划·噬魂夜王
874050,,874050,破虚空衍群龙·龙母
874053,,874053,惊鸿逐月·李白
874057,,874057,未来计划·神秘战无炎
874060,,874060,星辰造世·奇灵王
874066,,874066,未来计划·大妖神武月
874075,,874075,光明之神·阿波罗
874078,,874078,绝对时空法则·王者时空王
880087,,880087,冰拳艾司
880096,,880096,金刚库巴
880296,,880296,棕叶战熊
880478,,880478,赤色梦魇
881022,,881022,双刃电子鼠
881062,,881062,坚甲河豚
881082,,881082,奥奇
881093,,881093,斗神
881108,,881108,吕布
881122,,881122,狼王迪洛斯
881124,,881124,夜王狄米特
881134,,881134,白羽公主
881181,,881181,焚浪
881225,,881225,刘备
881230,,881230,雷泽
881272,,881272,地裂
881274,,881274,岩战
881282,,881282,施瓦辛格
881309,,881309,幻冥
881318,,881318,圣光
881328,,881328,幻极
881336,,881336,波塞冬
881347,,881347,魔洛
881350,,881350,赤翼魔龙王
881362,,881362,阿波罗
881414,,881414,九尾冰狐
881423,,881423,噬月武神
881426,,881426,黑炎龙
881432,,881432,超级悟天
881434,,881434,超级悟焰
881436,,881436,武斗兽
881440,,881440,佐罗门
881442,,881442,卡卡修
881450,,881450,千年瑞兽
881461,,881461,苍炎战神
881473,,881473,圣灵星诺
883381,,883381,[远古精灵王]伊撒尔
883384,,883384,[斗转星移]智慧王
883388,,883388,[远古大妖]大天狗
883394,,883394,[铃樱少女]欧若拉
883405,,883405,[天启堕神王]梵天
883406,,883406,[未来精灵王]梵天
883407,,883407,[万神之后]弗丽嘉
883408,,883408,[亘古鸿蒙]力量王
883409,,883409,[天道守护]东皇太一
883412,,883412,[黄帝]轩辕
883423,,883423,[金翅神]迦楼罗
883427,,883427,[太阳神]阿波罗
883429,,883429,[一代宗师]奇灵王
883430,,883430,[火之精灵王]菲尔
883431,,883431,[青莲剑仙]李白
883443,,883443,[神机妙算]诸葛亮
883446,,883446,[七十二柱]所罗门王
883462,,883462,[冥主]哈迪斯
883463,,883463,[神王]宙斯
883464,,883464,[破冰重生]冰晶凤凰
883465,,883465,[浴火重生]烈焰凤凰
883466,,883466,[希望之神]奥天
883476,,883476,[齐天大圣]孙悟空
883481,,883481,[绝界剑主]苏铁
883483,,883483,[傲慢与偏见]归零者
883486,,883486,[战争与和平]自由之神
883487,,883487,[永灵至尊]冥夜君狼王
883488,,883488,[通天神探]狄仁杰
883491,,883491,[神行谍影]黑翼王
883495,,883495,[无尽神兵]银
883504,,883504,[万物之始]源
883509,,883509,[地龙神]摩罗迦
883510,,883510,[应汝之愿]天使王
883511,,883511,[应汝之愿]天使王
883517,,883517,[黑客帝国]诺亚
883523,,883523,[绝地求生]枪神王
883527,,883527,[武绝苍穹]貘
883530,,883530,[千古女帝]武则天
883531,,883531,[森林斗神]棕叶战熊
883536,,883536,[七星神帝]龙刃
883539,,883539,[森林斗神]棕叶战熊
883543,,883543,[洪荒王]御星煌
883925,,883925,星辉少女·小熊座
883926,,883926,辉煌城主·天龙座
883928,,883928,救世天幕·时空王
883930,,883930,绯红女王·大熊座
883932,,883932,天穹之君·仙王座
883933,,883933,星宇之姬·仙后座
883941,,883941,宇之终始星之诞灭·银河
883947,,883947,神之皇鳞·剑魂白泽
883953,,883953,末世红镰闪·希尔瓦娜斯
883954,,883954,春晖神女·可兰
883966,,883966,万王天谕·圣王麒麟
883968,,883968,星轨圣裁之回响·羲和
883974,,883974,日月轮回之龙息·帝俊
883979,,883979,真炎神君·菲尔
883981,,883981,东方灵兽·青龙
883983,,883983,开天地创净土·盘古
883984,,883984,西方灵兽·白虎
883985,,883985,北方灵兽·玄武
883986,,883986,斗战胜佛·孙悟空
883990,,883990,无烬噩梦·伊撒尔
883991,,883991,圣光守护·超时空王
883992,,883992,威震天下·太阿
883999,,883999,第一真祖·黑翼王
884000,,884000,覆天之影·黑翼王
884004,,884004,万神之王·宙斯
884005,,884005,万冥之主·哈迪斯
884008,,884008,主天道御天下·乾坤
884018,,884018,剑越九霄·逍遥
884024,,884024,龙诫诸天·阿修罗
884026,,884026,天启神君·梵天
884029,,884029,神国之主·奥丁大帝
884030,,884030,太极生两仪·东皇太一
884041,,884041,源水风暴·梅卡
884047,,884047,须弥天帝·帝释天
884050,,884050,破虚空衍群龙·龙母
884056,,884056,命运交响·亚当
884057,,884057,未来计划·神秘战无炎
884060,,884060,星辰造世·奇灵王
884064,,884064,空间魂梦·伊撒尔
884070,,884070,造自然耀万物·盖亚
884071,,884071,万灵永恒·盖亚
884075,,884075,光明之神·阿波罗
884078,,884078,绝对时空法则·王者时空王
884079,,884079,无限星空·智慧王
884084,,884084,无限神力·力量王
884088,,884088,时间故梦·王者伊撒尔
884089,,884089,超感猎手·枪神王
884090,,884090,血狱魔躯·赤色梦魇
884092,,884092,真理之门·无冕之王
884093,,884093,武绝凌天·貘
884109,,884109,十年の热血·吉拉
884110,,884110,凉风至·立秋
884115,,884115,通天神威·王者孙悟空
884122,,884122,榴满枝·处暑
884957,,884957,剑影抚落忆-孙尚香
885042,,885042,圣树临辉光暗双耀-奇灵王
890048,,890048,火巨人
890066,,890066,摩格
890099,,890099,火花龙
890215,,890215,青龙灵兽
890388,,890388,玄武灵兽
890583,,890583,雷欧火狮
890624,,890624,白虎灵兽
890741,,890741,朱雀灵兽
890778,,890778,红莲
890789,,890789,苍蓝
890828,,890828,炎之魔将
890852,,890852,碎风
890887,,890887,凌云
890922,,890922,寒霜
890967,,890967,巨岩
891093,,891093,斗神
891142,,891142,幻灵
891148,,891148,火羽斗士
891193,,891193,零宇
891230,,891230,雷泽
891272,,891272,地裂
891318,,891318,圣光
891365,,891365,托尔
891429,,891429,洛基
891434,,891434,超级悟焰
891464,,891464,欧比
891499,,891499,维达尔
891544,,891544,玛尔斯
891597,,891597,伊格斯
891630,,891630,霍尔德
891660,,891660,巴尔德
891719,,891719,瑞里格
891749,,891749,雷霆青龙
891752,,891752,惊涛玄武
891759,,891759,费尔顿
891797,,891797,艾思诺
891815,,891815,苏恩克
891852,,891852,赫提
891963,,891963,噬星白虎
891965,,891965,圣马天冲
891966,,891966,影豹银魂
891974,,891974,战豪雄霸
891975,,891975,飓焰朱雀
892015,,892015,夜辰
892054,,892054,虎跃
892101,,892101,狂狮
892108,,892108,圣域·炎魔将
892109,,892109,圣域·赫提
892110,,892110,圣域·火花龙
892139,,892139,灵王白泽
892209,,892209,金刚龙王
892248,,892248,雪暴
892282,,892282,斗刃战龙
892315,,892315,九尾天狐
892339,,892339,混沌巨龙
892387,,892387,上古星龙
892389,,892389,炎辉
892426,,892426,卡谬
892446,,892446,罗狄
892449,,892449,雷怒青龙
892455,,892455,滔天白虎
892474,,892474,史昂
892506,,892506,焚炙朱雀
892515,,892515,泰岳玄武
892521,,892521,阿鲁迪
892522,,892522,天宇圣龙
892551,,892551,撒加
892574,,892574,轰雷迪斯
892611,,892611,天帝龙皇
892615,,892615,艾欧尼亚
892643,,892643,杰瑞米
892669,,892669,圣耀阿波罗
892673,,892673,童虎
892691,,892691,米罗
892716,,892716,圣星矢
892794,,892794,圣冕麒麟
893390,,893390,[太阳]烛照
893392,,893392,[火神]祝融
893438,,893438,[宇宙秩序]毗湿奴
893464,,893464,[破冰重生]冰晶凤凰
893465,,893465,[浴火重生]烈焰凤凰
893468,,893468,[冰火涅槃]炽寒天凤
893529,,893529,[水无止境]小8主
893855,,893855,[魔神王]以撒
893870,,893870,[三位一体]至尊精灵王
893928,,893928,救世天幕·时空王
893950,,893950,无双剑意·剑帝修纳
893954,,893954,春晖神女·可兰
893975,,893975,万世龙尊·帝皇龙
893980,,893980,四灵之主·苍穹圣龙
893981,,893981,东方灵兽·青龙
893987,,893987,浮光般若·炽寒天凤
893990,,893990,无烬噩梦·伊撒尔
894004,,894004,万神之王·宙斯
894008,,894008,主天道御天下·乾坤
894036,,894036,未来计划·黯帝修罗
894037,,894037,未来计划·暴君凯撒
894043,,894043,未来计划·嗜血狼王
894048,,894048,未来计划·噬魂夜王
894057,,894057,未来计划·神秘战无炎
894066,,894066,未来计划·大妖神武月
894070,,894070,造自然耀万物·盖亚
894073,,894073,花间序·薇薇安
894174,,894174,十殿阎罗·地藏王
894215,,894215,神枪镇山河·韩信
894279,,894279,鸾歌凤鸣·烈焰凤凰
894280,,894280,玄鹤游方·翎（神启者）
894282,,894282,凰诏天赦·烈焰凤凰
900328,,900328,初级训练官
903099,,903099,猩猩队长
903380,,903380,[王者羁绊]圣天伊
903381,,903381,[远古精灵王]伊撒尔
903384,,903384,[斗转星移]智慧王
903385,,903385,[神之九尾]玉藻皇
903387,,903387,[太阴]幽荧
903388,,903388,[远古大妖]大天狗
903390,,903390,[太阳]烛照
903391,,903391,[战场萝莉]赫尔薇尔
903392,,903392,[火神]祝融
903394,,903394,[铃樱少女]欧若拉
903399,,903399,[逢魔之约]阴阳
903402,,903402,[雷霆主宰]风暴龙
903403,,903403,[天罪弑神者]兰斯洛
903405,,903405,[天启堕神王]梵天
903406,,903406,[未来精灵王]梵天
903408,,903408,[亘古鸿蒙]力量王
903409,,903409,[天道守护]东皇太一
903412,,903412,[黄帝]轩辕
903414,,903414,[黄泉大神]伊邪那美
903424,,903424,[万王加冕]圣王麒麟
903425,,903425,[上古月神]神武月
903427,,903427,[太阳神]阿波罗
903428,,903428,[上古炎帝]战无炎
903430,,903430,[火之精灵王]菲尔
903433,,903433,[永夜君主]夜王
903434,,903434,[永夜公主]夜兰
903435,,903435,[白灵圣君]狼王
903436,,903436,[沙影谍王]阿里巴巴
903438,,903438,[宇宙秩序]毗湿奴
903441,,903441,[狗界大佬]柴哥
903453,,903453,[众灵初始]通灵王
903454,,903454,[星界霸主]上古星龙
903456,,903456,[星神十三宫]星魔
903458,,903458,[逢魔之约]阴阳（圣灵）
903468,,903468,[冰火涅槃]炽寒天凤
903469,,903469,[龙族至尊]帝皇龙
903487,,903487,[永灵至尊]冥夜君狼王
903491,,903491,[神行谍影]黑翼王
903493,,903493,[光暗传说]圣修暗凯帝
903510,,903510,[应汝之愿]天使王
903511,,903511,[应汝之愿]天使王
903518,,903518,[上古神话]日月战武神
903519,,903519,[上古月神]神武月
903520,,903520,[上古炎帝]战无炎
903523,,903523,[绝地求生]枪神王
903526,,903526,[纵横捭阖]无冕之王
903527,,903527,[武绝苍穹]貘
903538,,903538,[纵横捭阖]无冕之王
903541,,903541,[开天辟地]盘古
903542,,903542,[开天辟地]盘古
903550,,903550,[造化阴阳]天道无极
903551,,903551,{天道阳极]阳
903552,,903552,{天道阴极]阴
903566,,903566,[四象归一]万灵王
903567,,903567,[雷霆之怒]青龙（灵兽）
903576,,903576,[天下第一龙]龍
903580,,903580,[水之精灵王]梅卡
903581,,903581,[天地复初]乾坤
903582,,903582,[天地复初]乾坤
903583,,903583,[天道主宰]乾坤
903584,,903584,[天道主宰]乾坤
903588,,903588,[天地玄黄]洪荒无极
903589,,903589,[洪荒王]御星煌
903590,,903590,[洪荒之主]御星璃
903597,,903597,[气吞山河]圣体力量王
903598,,903598,[气吞山河]圣体力量王
903608,,903608,[星现万物]王者智慧王
903614,,903614,[御魂破咒]八岐龙吟
903615,,903615,[破灭洪荒]八岐大蛇
903616,,903616,[御天龙魂]龙吟守
903620,,903620,[时间法则]王者伊撒尔
903623,,903623,[无畏兵神]韩信
903624,,903624,[无畏兵神]韩信
903632,,903632,[王者圣剑]龙天伊
903633,,903633,[王者羁绊]圣天伊
903634,,903634,[圣剑传说]龙神
903644,,903644,[时间终焉]洛羲
903645,,903645,[时间终焉]洛羲
903646,,903646,[天启之光]通灵梵天
903647,,903647,[幻召虚空]白皇星焰（四皇）
903648,,903648,[无敌斗尊]龙皇辉斗（四皇）
903649,,903649,[不死传说]雀皇紫辰（四皇）
903650,,903650,[元素审判]玄皇耀凌（四皇）
903653,,903653,[幻灵灭杀]幻无极
903655,,903655,[八部天龙]龙太子
903656,,903656,[天命七星]神兵圣王
903657,,903657,[伍心开阳]姬如意（神兵）
903658,,903658,[玉衡金仙]灵天释（神兵）
903659,,903659,[天玑天璇]重楼（神兵）
903660,,903660,[执掌天权]御渊（神兵）
903661,,903661,[万界天枢]紫璇（神兵）
903664,,903664,[神爱世人]王者天使王
903665,,903665,[冰雪奇缘]绝界欧若拉
903666,,903666,[湮灭诸天]九曜
903667,,903667,[湮灭诸天]九曜
903668,,903668,[王启诸灵]王者通灵王
903670,,903670,[大道至臻]天命王
903671,,903671,[大道至臻]天命王
903672,,903672,[王之冕]英雄圣王麒麟
903673,,903673,[王之冕]英雄圣王麒麟
903674,,903674,[神谕之光]绝界阿波罗
903683,,903683,[天焰至尊]王者菲尔
903690,,903690,[神帝]圣体日月战武神
903691,,903691,[神帝]圣体日月战武神
903693,,903693,[五虎龙震天]王者赵云
903746,,903746,[龙族起源]龙母
903754,,903754,[万物生辉]王者可兰
903763,,903763,[御龙诀]超维孙悟空
903776,,903776,[天地起源]超维盘古
903923,,903923,星辉时代·圣天伊
903924,,903924,星辉时代·黄金圣天伊
903928,,903928,救世天幕·时空王
903950,,903950,无双剑意·剑帝修纳
903953,,903953,末世红镰闪·希尔瓦娜斯
903963,,903963,魔王·撒旦
903966,,903966,万王天谕·圣王麒麟
903968,,903968,星轨圣裁之回响·羲和
903974,,903974,日月轮回之龙息·帝俊
903975,,903975,万世龙尊·帝皇龙
903983,,903983,开天地创净土·盘古
903986,,903986,斗战胜佛·孙悟空
903990,,903990,无烬噩梦·伊撒尔
903991,,903991,圣光守护·超时空王
903999,,903999,第一真祖·黑翼王
904000,,904000,覆天之影·黑翼王
904004,,904004,万神之王·宙斯
904005,,904005,万冥之主·哈迪斯
904008,,904008,主天道御天下·乾坤
904024,,904024,龙诫诸天·阿修罗
904029,,904029,神国之主·奥丁大帝
904030,,904030,太极生两仪·东皇太一
904047,,904047,须弥天帝·帝释天
904050,,904050,破虚空衍群龙·龙母
904056,,904056,命运交响·亚当
904064,,904064,空间魂梦·伊撒尔
904070,,904070,造自然耀万物·盖亚
904075,,904075,光明之神·阿波罗
904078,,904078,绝对时空法则·王者时空王
904079,,904079,无限星空·智慧王
904084,,904084,无限神力·力量王
904088,,904088,时间故梦·王者伊撒尔
904089,,904089,超感猎手·枪神王
904090,,904090,血狱魔躯·赤色梦魇
904092,,904092,真理之门·无冕之王
904093,,904093,武绝凌天·貘
904102,,904102,傲凡尘启仙灵·女娲
904119,,904119,扉之光时之晖·王者羲和
904127,,904127,GOD·无冕之王
904132,,904132,深渊の凝视·奈亚
904246,,904246,魔神·以撒
904248,,904248,星轨圣裁之回响·传说羲和
904259,,904259,群星璀璨穹宇之巅·银河
904268,,904268,日月轮回之龙息·传说帝俊
904276,,904276,天与海的誓言·梦
904308,,904308,育灵天地间·王者女娲
904335,,904335,权御万界·天帝昊天
904343,,904343,掌混沌终因果·卡奥斯
904351,,904351,黑蔷薇·莉莉丝（神启者）
904367,,904367,神域初晓之刻·王者龙母
904374,,904374,绝对水域·王者梅卡
904427,,904427,破晓棋局·无冕之王
904457,,904457,深渊意志·拉莱耶
904474,,904474,至圣不朽之勋·奥丁大帝
904482,,904482,繁星流转宇宙生灭·银河
904503,,904503,绿野扉光·王者可兰
904517,,904517,众生自然之灵·盖亚
904527,,904527,终极神威·王牌战队
904541,,904541,咏春意千秋魂·奇灵王
904582,,904582,横扫沧海·龙太子
904584,,904584,天道秩序之尊·乾坤
904596,,904596,流云碧落日月之辉·羲和
904597,,904597,诸天万世我主浮沉·帝俊
904611,,904611,熵寂·愚者
904616,,904616,星穹溯光苍生为棋·银河
904624,,904624,天与海的誓言·SP梦
904648,,904648,灾厄救世主·海蒂拉玛
904664,,904664,山海立万物生·女娲
904679,,904679,太阳神的庇护·阿波罗
904686,,904686,永远的精灵王·伊撒尔
904702,,904702,裂斩沧澜·帝皇龙
904866,,904866,光启精灵王-伊撒尔
904867,,904867,木之精灵王-可兰
904868,,904868,净化之光-拉克丝
904869,,904869,梦幻之光-罗塔纱
904870,,904870,水之精灵王-梅卡
904871,,904871,光启时代-圣天伊
904872,,904872,火之精灵王-菲尔
904874,,904874,暗月千面-艾琳
904875,,904875,守护之光-米垭
904879,,904879,神羽曙光-奥天
904880,,904880,重枪风暴-合金猛将
904881,,904881,圣窗余晖-米迦勒
904882,,904882,繁星余迹-路西法
904883,,904883,绝代兵神-韩信
904884,,904884,神峰圣护-山脉之魂
904890,,904890,幽冥主宰-哈迪斯
904892,,904892,猩红序曲-露易丝
904893,,904893,绿叶咆哮-棕叶战熊
904898,,904898,永恒源晶裁决之龙-阿卜苏
904899,,904899,生命使徒-瓦利
904900,,904900,灵魂使徒-卡莉
904904,,904904,天使圣音-姬露比
904909,,904909,寰宇鎏金星河入怀-银河
904916,,904916,陨星-愚者
904917,,904917,福瑞降人间-圣王麒麟
904920,,904920,圣宇星轨时扉之光-羲和
904927,,904927,浮生浮灭万意恒常-阿赖耶识
904939,,904939,旃檀功德-唐三藏
904940,,904940,齐天大圣-孙悟空
904945,,904945,众里寻他千百度-梦
904946,,904946,众生乐土万灵随行-末那
904947,,904947,海枯之心-白京京
904955,,904955,凛冬之意-瓦格纳
904957,,904957,剑影抚落忆-孙尚香
904958,,904958,清辉映星河-望舒
904959,,904959,三位一体-至尊精灵王
904960,,904960,卷帘大将-沙悟净
904965,,904965,天道暗御-阴
904967,,904967,踏阴阳定荒宇-东皇太一
904968,,904968,引尘造万物-星尘
904969,,904969,天道曜护-阳
904971,,904971,阴阳割昏晓-天道无极
904973,,904973,霜佑北境-帕里斯
904977,,904977,千山落樱之辉-夜樱
904978,,904978,荷风引水色-瑠璃
904979,,904979,大汉天子-汉武帝刘彻
904980,,904980,月魄孤影-神武月
904996,,904996,深渊穿梭者-律
905001,,905001,守护众生之愿-瓦尔基里
905007,,905007,永劫破灭混沌至尊-卡奥斯
905019,,905019,创灵众生-通灵王
905020,,905020,白灵之尊-狼王
905021,,905021,万世独霸龙族至尊-帝皇龙
905022,,905022,荒宇独霸-帝皇龙
905030,,905030,破虚空衍群龙-龙母
905038,,905038,斐灵之心-皮塔
905042,,905042,圣树临辉光暗双耀-奇灵王
905050,,905050,春晖神女-可兰
905053,,905053,戮器仁心-帝刃
905055,,905055,天国守护者-白天使王
905064,,905064,沧海遗珠-沫夏
905074,,905074,睥睨众臣-女帝
905082,,905082,深渊之契-绮美拉
905084,,905084,幽冥千炼-鬼墨无忧
905093,,905093,棋临无间-无冕之王
905097,,905097,逐梦追光-布灵灵
905105,,905105,王者加冕-黄金圣天伊
905111,,905111,无垠-愚者
905114,,905114,博物馆奇妙夜-梁龙
905118,,905118,邃古凌苍-日月战武神
905121,,905121,混沌恩赐-厄瑞玻斯
905122,,905122,万象始源之刻-赫耳墨斯
905124,,905124,鸣劫制裁-雷霆青龙
905130,,905130,漆夜破空之刃-使者
905136,,905136,万王天谕-圣王麒麟
905142,,905142,圣魂觉醒-伊撒尔
905143,,905143,时序之光-洛羲
905154,,905154,圣铃妙音众识浮沉-阿赖耶识
905162,,905162,真炎神君-菲尔
905163,,905163,傲凡尘启仙灵-女娲
905164,,905164,妙笔创生绘世-女娲
905165,,905165,午夜大冒险-黑夜童心
905171,,905171,伊甸园的余晖-亚当
905174,,905174,超越纪元的新生-海蒂拉玛
905182,,905182,源水风暴-梅卡
910328,,910328,高级训练官
913923,,913923,星辉时代·圣天伊
920328,,920328,精英训练官
922499,,922499,超级樱花大怪
923923,,923923,星辉时代·圣天伊
930012,,930012,寒冰玉兔
930078,,930078,铁甲卫士
930105,,930105,神武月
930111,,930111,战无炎
930147,,930147,芭比鹿
930505,,930505,寒冰公主
930728,,930728,凯撒
930731,,930731,修罗
931122,,931122,狼王迪洛斯
931124,,931124,夜王狄米特
931438,,931438,蓝地斯
931873,,931873,冰罗皇
931956,,931956,神马
932039,,932039,帝夜奇纳
932064,,932064,斗士豪达
932066,,932066,盼达博士
932203,,932203,白皇星焰
932204,,932204,白皇星焰
932259,,932259,雀皇紫辰
932260,,932260,雀皇紫辰
932264,,932264,极地之拳
932273,,932273,玄皇耀凌
932274,,932274,玄皇耀凌
932333,,932333,骑士杰洛
932346,,932346,蓝小逗
932378,,932378,超水精灵
932379,,932379,超火精灵
932387,,932387,上古星龙
932391,,932391,超龙星诺
932394,,932394,超木角龙
932398,,932398,费曼
932400,,932400,沃特
932401,,932401,超巨岩
932402,,932402,超圣光
932404,,932404,弗莱
932411,,932411,熊大大
932414,,932414,伍德
932427,,932427,月神
932442,,932442,羊咩咩
932444,,932444,圣·帝伊
932464,,932464,大白
932466,,932466,捣蛋羊
932489,,932489,圣决风影
932497,,932497,阴阳圣护
932498,,932498,超级樱花小怪
932499,,932499,超级樱花大怪
932505,,932505,阿泰尔
932519,,932519,将军羊
932534,,932534,妖刀斩日
932535,,932535,超级星小子
932536,,932536,超级星大将
932543,,932543,冥剑断月
933923,,933923,星辉时代·圣天伊
940003,,940003,大师兔
940105,,940105,神武月
940111,,940111,战无炎
940174,,940174,赤炎战斗龙
940180,,940180,夜一
940183,,940183,海马剑士
940192,,940192,修普森曼
940198,,940198,卡布罗格
940207,,940207,赤火野猪
940278,,940278,烈焰鸟
940408,,940408,青翼绿龙
940577,,940577,飞云骑
940728,,940728,凯撒
940731,,940731,修罗
940819,,940819,天女若希
940903,,940903,震地巨兽
940905,,940905,冰爆巨兽
940948,,940948,刑风
941082,,941082,奥奇
941086,,941086,绿焰
941122,,941122,狼王迪洛斯
941124,,941124,夜王狄米特
941170,,941170,夜兰
941291,,941291,塞娅
941347,,941347,魔洛
941381,,941381,炫光龙法师
941392,,941392,炫光铁拳鼠
941403,,941403,暗影兽
941432,,941432,超级悟天
941434,,941434,超级悟焰
941440,,941440,佐罗门
941442,,941442,卡卡修
941541,,941541,魔戒邪灵
941594,,941594,奥萝
941605,,941605,曹操
941645,,941645,圣盾
941678,,941678,凌霸
941736,,941736,幻象格杀者
942378,,942378,超水精灵
942379,,942379,超火精灵
942380,,942380,超木精灵
942387,,942387,上古星龙
942391,,942391,超龙星诺
942394,,942394,超木角龙
942398,,942398,费曼
942400,,942400,沃特
942401,,942401,超巨岩
942402,,942402,超圣光
942404,,942404,弗莱
942407,,942407,超土精灵
942412,,942412,噬心黑龙
942414,,942414,伍德
942422,,942422,天焰菲尔
942424,,942424,超电星诺
942429,,942429,超上古精灵
942434,,942434,天羽奥金
942436,,942436,暮光伯爵
942437,,942437,北斗龙神
942440,,942440,星魔
942443,,942443,轩辕奇灵
942444,,942444,圣·帝伊
942449,,942449,雷怒青龙
942454,,942454,超火焰龙
942455,,942455,滔天白虎
942462,,942462,超米纳特
942464,,942464,大白
942468,,942468,鬼杀布莱克
942486,,942486,Zeta
942489,,942489,圣决风影
942495,,942495,巅峰疾天喵
942498,,942498,樱花小怪
942499,,942499,樱花大怪
942503,,942503,巅峰影道喵
942505,,942505,阿泰尔
942506,,942506,焚炙朱雀
942507,,942507,小阴
942508,,942508,小阳
942509,,942509,太二
942513,,942513,巅峰怪盗喵
942514,,942514,龙胆赵云
942515,,942515,泰岳玄武
942517,,942517,东皇极
942522,,942522,天宇圣龙
942523,,942523,小灼格
942524,,942524,灼格
942525,,942525,小小牧
942526,,942526,阿牧牧
942527,,942527,小小艾
942528,,942528,艾玛
942531,,942531,烈阳火凤
942532,,942532,超猎空
942534,,942534,妖刀斩日
942535,,942535,星小子
942536,,942536,星大将
942539,,942539,霜月冰凰
942541,,942541,厄运英豪
942543,,942543,冥剑断月
942547,,942547,陆一
942548,,942548,亚历超大
942553,,942553,幻•龙霄
942557,,942557,幽隐夜刃
942570,,942570,龙小郎
942571,,942571,龙太郎
942575,,942575,呱酱
942576,,942576,数码呱呱
942580,,942580,烈焰波鲁
942583,,942583,神影米奥
942586,,942586,莎莎公主
942591,,942591,东皇太一
942596,,942596,小神将
942597,,942597,大力神将
942601,,942601,小梦
942602,,942602,梦想精灵
942605,,942605,毁灭者
942609,,942609,洛洛塔
942610,,942610,洛西塔
942620,,942620,基尔
942621,,942621,飓风领主
942624,,942624,波尔
942625,,942625,波兰
942640,,942640,刃·凌昼
942641,,942641,冰刃·苍凌昼
942650,,942650,龙焰波鲁
942651,,942651,幻刃米奥
942652,,942652,莎莎女王
942653,,942653,包公太二
942654,,942654,和平小兵
942655,,942655,和平使者
942656,,942656,森仔
942657,,942657,普利森
942658,,942658,风暴熊猫
942659,,942659,风暴神灵
942661,,942661,展昭小阳
942667,,942667,公孙小阴
942670,,942670,神·幻尊星瞬
942671,,942671,神·白皇星焰
942678,,942678,但小尔
942679,,942679,维托尔
942680,,942680,雨果
942681,,942681,天鹰雨果
942685,,942685,雨果怪人
942686,,942686,但丁伯爵
942687,,942687,南瓜阿呆
942688,,942688,巫师阿瓜
942693,,942693,炽狱吉拉
942694,,942694,武魂兔皇
942695,,942695,灵渊露龙
942697,,942697,飞小流
942698,,942698,飞流流
942699,,942699,但丁
942700,,942700,威虎但丁
942701,,942701,神·龙皇辉斗
942706,,942706,小尤里
942707,,942707,尤里
942708,,942708,妮小凰
942709,,942709,妮凰凰
942710,,942710,神·梵天
942712,,942712,靖小牛
942713,,942713,靖牛牛
942718,,942718,玛斯
942719,,942719,玛斯特
942720,,942720,格雷
942721,,942721,格雷夫
942722,,942722,蔺小辰
942723,,942723,蔺辰辰
942724,,942724,歌德
942725,,942725,狂鲨歌德
942727,,942727,宫小雨
942728,,942728,宫雨雨
942734,,942734,蒙小志
942735,,942735,蒙志志
942759,,942759,小拜陛下
942760,,942760,拜伦
942814,,942814,炽寒天凤
942823,,942823,天煞穷奇
942825,,942825,英雄迪加
942828,,942828,祥瑞圣兽
942841,,942841,神迹辛格
942852,,942852,巅峰塔王
950096,,950096,金刚库巴
950102,,950102,合金猛将
950105,,950105,神武月
950108,,950108,利刺大黄蜂
950111,,950111,战无炎
950278,,950278,烈焰鸟
950317,,950317,天使莱特
950418,,950418,山脉之魂
950475,,950475,浮云尊者
950509,,950509,星云大圣
950604,,950604,念
950682,,950682,黑夜童心
950715,,950715,远古灵龟
950728,,950728,凯撒
950731,,950731,修罗
950757,,950757,暴雪山神
950794,,950794,奇灵王
950819,,950819,天女若希
950840,,950840,神罗麦提
950865,,950865,超T兔
950884,,950884,猪猪超人
950973,,950973,红魔
951082,,951082,奥奇
951086,,951086,绿焰
951122,,951122,狼王迪洛斯
951124,,951124,夜王狄米特
951167,,951167,米夜
951170,,951170,夜兰
951234,,951234,拉诺斯
951259,,951259,友人契约书
951282,,951282,施瓦辛格
951320,,951320,伊泽
951322,,951322,迦娜
951336,,951336,波塞冬
951394,,951394,蓝羽灵者
951426,,951426,黑炎龙
952027,,952027,裂空菲洛
952035,,952035,暗影魔将
952039,,952039,帝夜奇纳
952064,,952064,斗士豪达
952066,,952066,盼达博士
952076,,952076,天极鲸
952082,,952082,剑帝修纳
952099,,952099,君芒艾恩
952204,,952204,白皇星焰
952225,,952225,龙皇辉斗
952260,,952260,雀皇紫辰
952274,,952274,玄皇耀凌
952387,,952387,上古星龙
952398,,952398,费曼
952400,,952400,沃特
952404,,952404,弗莱
952412,,952412,噬心黑龙
952414,,952414,伍德
952422,,952422,天焰菲尔
952434,,952434,天羽奥金
952440,,952440,星魔
952462,,952462,超米纳特
952468,,952468,鬼杀布莱克
962378,,962378,超水精灵
962379,,962379,超火精灵
962380,,962380,超木精灵
962381,,962381,超龙精灵
962390,,962390,超数码精灵
962391,,962391,超龙星诺
962394,,962394,超木角龙
962398,,962398,费曼
962400,,962400,沃特
962401,,962401,超巨岩
962402,,962402,超圣光
962404,,962404,弗莱
962405,,962405,超电精灵
962406,,962406,超光精灵
962407,,962407,超土精灵
962408,,962408,超木星诺
962414,,962414,伍德
962415,,962415,超暗精灵
962424,,962424,超电星诺
962429,,962429,超上古精灵
962454,,962454,超火焰龙
970226,,970226,蚁将军
970504,,970504,先锋SR
970523,,970523,终极麦斗王
970644,,970644,巨斧鬼王
970659,,970659,电击拳怪
970796,,970796,赤魔导士
970828,,970828,炎之魔将
970860,,970860,关羽
970891,,970891,刀锋
970944,,970944,风之灵将
970955,,970955,张飞
971225,,971225,刘备
971703,,971703,暴雪战将
971794,,971794,天煞
972035,,972035,暗影魔将
972036,,972036,暗焰天龙
972062,,972062,魔大将
972093,,972093,魔多
972205,,972205,炽魂帝吉拉
972227,,972227,暗行罗刹
972238,,972238,索贝克
972391,,972391,超龙星诺
972398,,972398,费曼
972400,,972400,沃特
972404,,972404,弗莱
972414,,972414,伍德
972429,,972429,超上古精灵
972464,,972464,大白
972468,,972468,鬼杀布莱克
972489,,972489,圣决风影
972505,,972505,阿泰尔
972693,,972693,炽狱吉拉
973554,,973554,[最初的热血]魔焰吉拉
973555,,973555,[最初的热血]魔焰吉拉
974109,,974109,十年の热血·吉拉
974866,,974866,光启精灵王-伊撒尔
974916,,974916,陨星-愚者
974927,,974927,浮生浮灭万意恒常-阿赖耶识
974955,,974955,凛冬之意-瓦格纳
974973,,974973,霜佑北境-帕里斯
975023,,975023,倾世之寒-始祖冰龙
975075,,975075,至高启示-真理之后
975111,,975111,无垠-愚者
975112,,975112,陨灭-世界
975176,,975176,拘演周易-周文王姬昌
975214,,975214,绝望噬影-尼德霍格
975301,,975301,长夜墟渊-烛龙
975344,,975344,创世罪裁龙神-撒迦利亚
975361,,975361,苍松剑意-干将
980087,,980087,冰拳艾司
980105,,980105,神武月
980111,,980111,战无炎
980215,,980215,青龙灵兽
980293,,980293,焚天大圣
980296,,980296,棕叶战熊
980317,,980317,天使莱特
980500,,980500,终结兔
980775,,980775,帝皇龙
981159,,981159,极冰海牙
981380,,981380,金刚虎王
981426,,981426,黑炎龙
981450,,981450,千年瑞兽
981496,,981496,震天金刚
981541,,981541,魔戒邪灵
981697,,981697,猎空
981845,,981845,光暗弑神
981878,,981878,光兽诺奇
981908,,981908,勇气加比
981911,,981911,炽燎天
982020,,982020,无念
982149,,982149,圣辉狼王
982205,,982205,炽魂帝吉拉
982215,,982215,幻尊星瞬
982216,,982216,幻尊星瞬
982227,,982227,暗行罗刹
982391,,982391,超龙星诺
982398,,982398,费曼
982400,,982400,沃特
982404,,982404,弗莱
982414,,982414,伍德
982429,,982429,超上古精灵
982464,,982464,大白
982468,,982468,鬼杀布莱克
982489,,982489,圣决风影
982505,,982505,阿泰尔
983930,,983930,绯红女王·大熊座
983936,,983936,自由女王·拜伦
983937,,983937,末世樱剑舞·千夏
983951,,983951,芳绯初樱·欧若拉
983954,,983954,春晖神女·可兰
983960,,983960,花晨月夕·洛羲
983968,,983968,星轨圣裁之回响·羲和
983987,,983987,浮光般若·炽寒天凤
983997,,983997,森林之息·花冠公主
984002,,984002,第二真祖·露易丝
984011,,984011,醉红颜·洛洛离
984050,,984050,破虚空衍群龙·龙母
984073,,984073,花间序·薇薇安
984102,,984102,傲凡尘启仙灵·女娲
984119,,984119,扉之光时之晖·王者羲和
984133,,984133,斗篷人·奈亚
984138,,984138,星河御月之流辉·望舒
984146,,984146,翩鸿引梦·御星璃
984153,,984153,神国天后·弗丽嘉
984186,,984186,游龙回雪·金步摇
984193,,984193,彼岸永望·孟婆
984866,,984866,光启精灵王-伊撒尔
984867,,984867,木之精灵王-可兰
984892,,984892,猩红序曲-露易丝
984893,,984893,绿叶咆哮-棕叶战熊
984899,,984899,生命使徒-瓦利
984909,,984909,寰宇鎏金星河入怀-银河
984910,,984910,千古一帝-秦始皇嬴政
984916,,984916,陨星-愚者
984917,,984917,福瑞降人间-圣王麒麟
984920,,984920,圣宇星轨时扉之光-羲和
984927,,984927,浮生浮灭万意恒常-阿赖耶识
984941,,984941,德安万世-唐太宗李世民
984945,,984945,众里寻他千百度-梦
984953,,984953,暗能涌动星海创生-提亚玛特
984955,,984955,凛冬之意-瓦格纳
984960,,984960,卷帘大将-沙悟净
984968,,984968,引尘造万物-星尘
984973,,984973,霜佑北境-帕里斯
984977,,984977,千山落樱之辉-夜樱
984978,,984978,荷风引水色-瑠璃
984994,,984994,至圣神王裁决-奥丁大帝
985000,,985000,星穹庇世之翼-赫耳墨斯
985021,,985021,万世独霸龙族至尊-帝皇龙
985022,,985022,荒宇独霸-帝皇龙
985023,,985023,倾世之寒-始祖冰龙
985025,,985025,星轨圣裁之回响-羲和
985050,,985050,春晖神女-可兰
985055,,985055,天国守护者-白天使王
985074,,985074,睥睨众臣-女帝
985075,,985075,至高启示-真理之后
985076,,985076,冰封之心-伊莎女王
985082,,985082,深渊之契-绮美拉
985084,,985084,幽冥千炼-鬼墨无忧
985087,,985087,武绝凌天-貘
985096,,985096,冥骸蚀暗-阿修罗
985097,,985097,逐梦追光-布灵灵
985111,,985111,无垠-愚者
985112,,985112,陨灭-世界
985123,,985123,武周承世-千古女帝武则天
985131,,985131,漆漆-使者
985136,,985136,万王天谕-圣王麒麟
985137,,985137,天地惊弦-六龙圣王
985142,,985142,圣魂觉醒-伊撒尔
985147,,985147,绝天穿梭之界-时空王
985148,,985148,贵妃游园-杨玉环
985154,,985154,圣铃妙音众识浮沉-阿赖耶识
985163,,985163,傲凡尘启仙灵-女娲
985164,,985164,妙笔创生绘世-女娲
985176,,985176,拘演周易-周文王姬昌
985198,,985198,蜀汉霸业-汉昭烈帝刘备
985199,,985199,自然恩赐-薇薇安
985208,,985208,夜与月的蔷薇-夜兰
985214,,985214,绝望噬影-尼德霍格
985220,,985220,鼎立九州-夏帝大禹
985227,,985227,征战之旅-神都王
985235,,985235,瞰世之棘-亘古树灵
985236,,985236,余烬初王-洛兰
985253,,985253,爱与美的赞歌-维纳斯
985254,,985254,大道无名-天命王
985257,,985257,天穹苍翼-圣修暗凯帝
985258,,985258,魔神再临-以撒
985264,,985264,龙年纪念-贝贝龙
985272,,985272,创世织梦之眷-赫耳墨斯
985275,,985275,如星永伴长夜-梦
985291,,985291,原初骑士-洛兰
985301,,985301,长夜墟渊-烛龙
985302,,985302,剑逐山河-轩辕夏禹
985304,,985304,超界奇迹-龙星诺
985324,,985324,星启万象-智慧王
985327,,985327,次元守护-伊撒尔
985330,,985330,诺言之神-星诺玛
985336,,985336,群星守护寰宇光辉-神银河
985337,,985337,暗宇之质万物之初-提亚玛特
985344,,985344,创世罪裁龙神-撒迦利亚
985346,,985346,凰权天下-帝女夙
985361,,985361,苍松剑意-干将
985370,,985370,尼伯龙根之主-法芙娜
985376,,985376,晖光轮回女神-梅比乌斯
985391,,985391,寰宇皆臣-女帝
985392,,985392,明月剑心-莫邪
985401,,985401,星月交辉-一生一世
985402,,985402,断海沧澜-龙太子
985413,,985413,逐光深坠-克希拉
985427,,985427,寒夜破晓之刃-使者
985458,,985458,圣律智天使-姬露比
985464,,985464,万序之启-源
985467,,985467,灵骸烬染之潮-夜樱
985469,,985469,阴阳山大祭师-东皇极
985476,,985476,风摇清荷影-瑠璃
985483,,985483,日月映海晨曦微露-羲和
990010,,990010,朵朵兔
990103,,990103,赤月
990109,,990109,炎风
990214,,990214,青龙幼灵
990276,,990276,赤火鸟
990314,,990314,冰晶
990387,,990387,玄武幼灵
990575,,990575,飞飞
990610,,990610,卷卷羊
990740,,990740,朱雀幼灵
990774,,990774,帝龙宝宝
990803,,990803,金圈兜兜
990860,,990860,关羽
990953,,990953,小飞
991121,,991121,洛洛
991123,,991123,小夜
991223,,991223,小备
991355,,991355,飞飞龙
991359,,991359,猪苗苗
991402,,991402,小影兽
991435,,991435,斗豆
991472,,991472,圣灵小诺
991477,,991477,苍穹幼灵
991504,,991504,高小达
991540,,991540,魔戒幼灵
991614,,991614,小太白
991753,,991753,炎·阳
991776,,991776,卡皮特
991824,,991824,明王
991868,,991868,圣麒
991872,,991872,多多罗
991874,,991874,小C
991976,,991976,双源
992200,,992200,黯天凯撒皇
992201,,992201,黯天凯撒皇
992203,,992203,白皇星焰
992204,,992204,白皇星焰
992205,,992205,炽魂帝吉拉
992206,,992206,炽魂帝吉拉
992210,,992210,极·金刚龙神
992211,,992211,极·金刚龙神
992215,,992215,幻尊星瞬
992216,,992216,幻尊星瞬
992217,,992217,极武兔皇
992218,,992218,极武兔皇
992219,,992219,冰魄灵白虎
992220,,992220,冰魄灵白虎
992224,,992224,龙皇辉斗
992225,,992225,龙皇辉斗
992228,,992228,神谕阿波罗
992229,,992229,神谕阿波罗
992230,,992230,御渊露龙王
992231,,992231,御渊露龙王
992233,,992233,凌天霸青龙
992234,,992234,凌天霸青龙
992239,,992239,天天
992243,,992243,雷焰凤凰
992244,,992244,雷焰凤凰
992249,,992249,极·雪暴
992250,,992250,极·雪暴
992253,,992253,魄月武皇
992254,,992254,魄月武皇
992256,,992256,红莲羽朱雀
992257,,992257,红莲羽朱雀
992259,,992259,雀皇紫辰
992260,,992260,雀皇紫辰
992270,,992270,起源
992271,,992271,起源
992273,,992273,玄皇耀凌
992274,,992274,玄皇耀凌
992275,,992275,断海流玄武
992276,,992276,断海流玄武
992279,,992279,真炎战皇
992280,,992280,真炎战皇
992283,,992283,极·斗刃战龙
992284,,992284,极·斗刃战龙
992285,,992285,天尊圣龙
992286,,992286,天尊圣龙
992296,,992296,帝皇真龙
992297,,992297,帝皇真龙
992299,,992299,阿斯兰
992300,,992300,阿斯兰
992303,,992303,梵天
992304,,992304,梵天
992307,,992307,小太子
992308,,992308,乾坤三太子
992309,,992309,乾坤三太子
992310,,992310,小天狐
992311,,992311,极·九尾天狐
992312,,992312,极·九尾天狐
992318,,992318,六识夜王
992319,,992319,六识夜王
992323,,992323,武圣关羽
992324,,992324,武圣关羽
992325,,992325,太古炎王
992326,,992326,太古炎王
992336,,992336,昭烈刘备
992337,,992337,昭烈刘备
992338,,992338,小巨龙
992340,,992340,极·混沌巨龙
992341,,992341,极·混沌巨龙
992342,,992342,太古冰罗皇
992343,,992343,太古冰罗皇
992349,,992349,太古帝卡
992350,,992350,太古帝卡
992351,,992351,御圣·天麟
992352,,992352,御圣·天麟
992357,,992357,太古明王
992358,,992358,太古明王
992367,,992367,赤霄狼王
992368,,992368,赤霄狼王
992369,,992369,雪净女皇
992370,,992370,雪净女皇
992391,,992391,超龙星诺
992395,,992395,虎烈张飞
992396,,992396,虎烈张飞
992398,,992398,费曼
992400,,992400,沃特
992404,,992404,弗莱
992414,,992414,伍德
992429,,992429,超上古精灵
992464,,992464,大白
992468,,992468,鬼杀布莱克
992489,,992489,圣决风影
992505,,992505,阿泰尔
993941,,993941,宇之终始星之诞灭·银河
993954,,993954,春晖神女·可兰
993963,,993963,魔王·撒旦
993966,,993966,万王天谕·圣王麒麟
993968,,993968,星轨圣裁之回响·羲和
993974,,993974,日月轮回之龙息·帝俊
993975,,993975,万世龙尊·帝皇龙
993979,,993979,真炎神君·菲尔
993980,,993980,四灵之主·苍穹圣龙
993983,,993983,开天地创净土·盘古
993986,,993986,斗战胜佛·孙悟空
993987,,993987,浮光般若·炽寒天凤
993990,,993990,无烬噩梦·伊撒尔
993991,,993991,圣光守护·超时空王
993999,,993999,第一真祖·黑翼王
994002,,994002,第二真祖·露易丝
994004,,994004,万神之王·宙斯
994009,,994009,四界共主·乾坤
994010,,994010,醉红颜·洛洛离（神启者）
994020,,994020,大道独行·天命王
994024,,994024,龙诫诸天·阿修罗
994025,,994025,轮回溯梦·伊撒尔
994866,,994866,光启精灵王-伊撒尔
994867,,994867,木之精灵王-可兰
994868,,994868,净化之光-拉克丝
994869,,994869,梦幻之光-罗塔纱
994870,,994870,水之精灵王-梅卡
994871,,994871,光启时代-圣天伊
994872,,994872,火之精灵王-菲尔
994874,,994874,暗月千面-艾琳
994875,,994875,守护之光-米垭
994879,,994879,神羽曙光-奥天
994880,,994880,重枪风暴-合金猛将
994881,,994881,圣窗余晖-米迦勒
994882,,994882,繁星余迹-路西法
994883,,994883,绝代兵神-韩信
994884,,994884,神峰圣护-山脉之魂
994890,,994890,幽冥主宰-哈迪斯
994892,,994892,猩红序曲-露易丝
994893,,994893,绿叶咆哮-棕叶战熊
994898,,994898,永恒源晶裁决之龙-阿卜苏
994899,,994899,生命使徒-瓦利
994900,,994900,灵魂使徒-卡莉
994904,,994904,天使圣音-姬露比
994909,,994909,寰宇鎏金星河入怀-银河
994916,,994916,陨星-愚者
994917,,994917,福瑞降人间-圣王麒麟
994920,,994920,圣宇星轨时扉之光-羲和
994927,,994927,浮生浮灭万意恒常-阿赖耶识
994939,,994939,旃檀功德-唐三藏
994940,,994940,齐天大圣-孙悟空
994945,,994945,众里寻他千百度-梦
994946,,994946,众生乐土万灵随行-末那
994947,,994947,海枯之心-白京京
994955,,994955,凛冬之意-瓦格纳
994957,,994957,剑影抚落忆-孙尚香
994958,,994958,清辉映星河-望舒
994959,,994959,三位一体-至尊精灵王
994960,,994960,卷帘大将-沙悟净
994964,,994964,深渊安魂曲-奈亚
994965,,994965,天道暗御-阴
994967,,994967,踏阴阳定荒宇-东皇太一
994968,,994968,引尘造万物-星尘
994969,,994969,天道曜护-阳
994971,,994971,阴阳割昏晓-天道无极
994973,,994973,霜佑北境-帕里斯
994977,,994977,千山落樱之辉-夜樱
994978,,994978,荷风引水色-瑠璃
994979,,994979,大汉天子-汉武帝刘彻
994980,,994980,月魄孤影-神武月
994994,,994994,至圣神王裁决-奥丁大帝
994995,,994995,源星之归引-上古星龙
994996,,994996,深渊穿梭者-律
995001,,995001,守护众生之愿-瓦尔基里
995019,,995019,创灵众生-通灵王
995020,,995020,白灵之尊-狼王
995021,,995021,万世独霸龙族至尊-帝皇龙
995022,,995022,荒宇独霸-帝皇龙
995030,,995030,破虚空衍群龙-龙母
995038,,995038,斐灵之心-皮塔
995053,,995053,戮器仁心-帝刃
995055,,995055,天国守护者-白天使王
995064,,995064,沧海遗珠-沫夏
995074,,995074,睥睨众臣-女帝
995082,,995082,深渊之契-绮美拉
995084,,995084,幽冥千炼-鬼墨无忧
995093,,995093,棋临无间-无冕之王
995097,,995097,逐梦追光-布灵灵
995105,,995105,王者加冕-黄金圣天伊
995111,,995111,无垠-愚者
995112,,995112,陨灭-世界
995114,,995114,博物馆奇妙夜-梁龙
995122,,995122,万象始源之刻-赫耳墨斯
995124,,995124,鸣劫制裁-雷霆青龙
995143,,995143,时序之光-洛羲
995156,,995156,光武中兴-光武帝刘秀
995163,,995163,傲凡尘启仙灵-女娲
995164,,995164,妙笔创生绘世-女娲
995165,,995165,午夜大冒险-黑夜童心
995166,,995166,庇天之白翼-修罗
995171,,995171,伊甸园的余晖-亚当
995174,,995174,超越纪元的新生-海蒂拉玛
995175,,995175,无言的祈愿-海蒂拉玛
995176,,995176,拘演周易-周文王姬昌
995182,,995182,源水风暴-梅卡
995187,,995187,星宇之隙穹宙之辉-银河
995188,,995188,万神之王-宙斯
995189,,995189,极冰之拳-冰拳艾司
995193,,995193,黄泉归引-孟婆
995196,,995196,造自然耀万物-盖亚
995197,,995197,荒秽堕墟-阿波菲斯
995198,,995198,蜀汉霸业-汉昭烈帝刘备
995199,,995199,自然恩赐-薇薇安
995203,,995203,恶魔之主-撒旦
995206,,995206,始祖大天使-尼斯洛克
995207,,995207,地狱天使-纳菲利姆
995208,,995208,夜与月的蔷薇-夜兰
995211,,995211,乐园守护者-星光角斗士
995214,,995214,绝望噬影-尼德霍格
995217,,995217,神兽尊主-苍穹圣龙
995219,,995219,破天之黑刃-凯撒
995225,,995225,异界史诗-渡
995226,,995226,异界史诗-渡（不朽者）
995227,,995227,征战之旅-神都王
995229,,995229,求索之旅-终焉魔女
995230,,995230,狂肆之旅-邪神
995231,,995231,葬魂曲-死神弥尔
995235,,995235,瞰世之棘-亘古树灵
995236,,995236,余烬初王-洛兰
995240,,995240,霜寒冰域-上古龙女
995241,,995241,炽天炎境-上古龙女
995243,,995243,缘分一线牵-小狐仙
995247,,995247,天道秩序诸界主宰-乾坤
995248,,995248,花醉风清-洛洛离
995253,,995253,爱与美的赞歌-维纳斯
995254,,995254,大道无名-天命王
995257,,995257,天穹苍翼-圣修暗凯帝
995258,,995258,魔神再临-以撒
995262,,995262,冰与火之舞-炽寒天凤
995263,,995263,逆律之触-伊西斯
995264,,995264,龙年纪念-贝贝龙
995265,,995265,永恒炽阳-神阿波罗
995272,,995272,创世织梦之眷-赫耳墨斯
995275,,995275,如星永伴长夜-梦
995281,,995281,九霄帝姬-巫山神女
995282,,995282,霸世枭雄-魏武帝曹操
995283,,995283,炎刃燎原-赤霄
995284,,995284,御风神行-蓝羽灵者
995289,,995289,破晓圣光-白羽公主
995290,,995290,惊雷烁光-幻雷
995291,,995291,原初骑士-洛兰
995293,,995293,横扫三界-孙悟空
995294,,995294,恶魔的私语-路西法
995295,,995295,永夜之主-夜王
995299,,995299,幻世镜梦-谴
995300,,995300,翼龙之子-凌风
995301,,995301,长夜墟渊-烛龙
995302,,995302,剑逐山河-轩辕夏禹
995303,,995303,赤帝-祝融
995304,,995304,超界奇迹-龙星诺
995307,,995307,浮士德-归零者
995309,,995309,水神-共工
995310,,995310,幻海奇迹-水星诺
995314,,995314,青山沐日天地无疆-盘古
995315,,995315,后土玄黄-岁岁祈
995316,,995316,梵星音律-乾达婆
995317,,995317,日曜奇迹-太阳星诺
995318,,995318,月辉奇迹-月亮星诺
995324,,995324,星启万象-智慧王
995326,,995326,苍森奇迹-木星诺
995327,,995327,次元守护-伊撒尔
995328,,995328,沙都守护者-曼珠沙华
995329,,995329,烈焰奇迹-火星诺
995330,,995330,诺言之神-星诺玛
995331,,995331,炎龙之子-炎王
995332,,995332,金翅神羽-迦楼罗
995333,,995333,星光奇迹-圣灵星诺
995336,,995336,群星守护寰宇光辉-神银河
995337,,995337,暗宇之质万物之初-提亚玛特
995339,,995339,魂之缚-奇诺
995344,,995344,创世罪裁龙神-撒迦利亚
995345,,995345,晨光樱语-欧若拉
995346,,995346,凰权天下-帝女夙
995347,,995347,审判命运之战-奥丁大帝
995348,,995348,影龙之子-帝卡
995349,,995349,末裔之歌-海伦娜
995351,,995351,神国圣赐之羽-弗丽嘉
995352,,995352,万物之美繁荣之源-芙蕾雅
995353,,995353,诸天神通-帝释天
995358,,995358,王权断罪之章-吉尔伽美什
995359,,995359,极寒怒涛-噬星白虎
995360,,995360,混沌寂烬-厄瑞玻斯
995361,,995361,苍松剑意-干将
995362,,995362,破冰利刃-极冰海牙
995364,,995364,混沌始源万物终湮-卡奥斯
995365,,995365,生于哀骨之花-莉莉丝
995366,,995366,巨龙之子-明王
995370,,995370,尼伯龙根之主-法芙娜
995371,,995371,深渊缠绕者-利维坦
995376,,995376,晖光轮回女神-梅比乌斯
995377,,995377,冰霜亡域-巫妖王
995379,,995379,吾即深渊-拉莱耶
995380,,995380,吾即深渊-拉莱耶（支配者）
995381,,995381,吾即深渊-拉莱耶（真神）
995382,,995382,绝望轮回女神-梅比乌斯
995383,,995383,炎魂永燃-魔焰吉拉
995384,,995384,潮汐庇护-古渊露龙
995391,,995391,寰宇皆臣-女帝
995392,,995392,明月剑心-莫邪
995393,,995393,龙魂之矢-龙吟守
995394,,995394,苍翠守望-终结兔
995397,,995397,终末的残响-奈亚
995400,,995400,审神律理-无冕之王
995401,,995401,星月交辉-一生一世
995402,,995402,断海沧澜-龙太子
995413,,995413,逐光深坠-克希拉
995414,,995414,白魔法师-真言诺亚
995422,,995422,无始无明之境-阿赖耶识
995423,,995423,冰凝之魂-雪无寒灵
995427,,995427,寒夜破晓之刃-使者
995428,,995428,千里踏燕-鱼肠
995431,,995431,九柱神临缔世碑火-阿蒙王
995432,,995432,逐星遥旅-艾蕾
995433,,995433,神威地龙-摩罗迦
995438,,995438,墟尽神临之噬-赫耳墨斯
995439,,995439,噬界傀人-赫耳墨斯
995443,,995443,星芒圣佑-创世星灵
995444,,995444,孤影剑界-苏铁
995446,,995446,圣火炽天使-塞勒芙
995447,,995447,幽星荒主-天元夜神
995450,,995450,圣裁座天使-奥菲妮
995451,,995451,剑影迷踪-承影
995452,,995452,永恒圣穹焚罪终裁-阿卜苏
995453,,995453,孤胆英雄-赵云
995457,,995457,吾即永恒-阿卜苏
995458,,995458,圣律智天使-姬露比
995464,,995464,万序之启-源
995467,,995467,灵骸烬染之潮-夜樱
995468,,995468,月影映夜斓-夜樱
995469,,995469,阴阳山大祭师-东皇极
995471,,995471,乘清气御阴阳-东皇太一
1003923,,1003923,星辉时代·圣天伊
1003924,,1003924,星辉时代·黄金圣天伊
1003925,,1003925,星辉少女·小熊座
1003926,,1003926,辉煌城主·天龙座
1003928,,1003928,救世天幕·时空王
1003930,,1003930,绯红女王·大熊座
1003932,,1003932,天穹之君·仙王座
1003933,,1003933,星宇之姬·仙后座
1003936,,1003936,自由女王·拜伦
1003937,,1003937,末世樱剑舞·千夏
1003942,,1003942,光翼缔造者·创世星灵
1003943,,1003943,撒旦之子·魔域星君
1003946,,1003946,神之战鳞·枪魂应龙
1003947,,1003947,神之皇鳞·剑魂白泽
1003948,,1003948,神之帝鳞·扇魂毕方
1003949,,1003949,神之圣鳞·镜魂青鸾
1003950,,1003950,无双剑意·剑帝修纳
1003951,,1003951,芳绯初樱·欧若拉
1003952,,1003952,天灾统领·巫妖王
1003953,,1003953,末世红镰闪·希尔瓦娜斯
1003958,,1003958,神之审判·白天使王
1003959,,1003959,魔之禁锢·黑天使王
1003960,,1003960,花晨月夕·洛羲
1003966,,1003966,万王天谕·圣王麒麟
1003968,,1003968,星轨圣裁之回响·羲和
1003979,,1003979,真炎神君·菲尔
1003980,,1003980,四灵之主·苍穹圣龙
1003981,,1003981,东方灵兽·青龙
1003982,,1003982,南方灵兽·朱雀
1003983,,1003983,开天地创净土·盘古
1003984,,1003984,西方灵兽·白虎
1003985,,1003985,北方灵兽·玄武
1003986,,1003986,斗战胜佛·孙悟空
1003990,,1003990,无烬噩梦·伊撒尔
1003991,,1003991,圣光守护·超时空王
1003997,,1003997,森林之息·花冠公主
1003999,,1003999,第一真祖·黑翼王
1004004,,1004004,万神之王·宙斯
1004005,,1004005,万冥之主·哈迪斯
1004020,,1004020,大道独行·天命王
1004024,,1004024,龙诫诸天·阿修罗
1004025,,1004025,轮回溯梦·伊撒尔
1004026,,1004026,天启神君·梵天
1004029,,1004029,神国之主·奥丁大帝
1004030,,1004030,太极生两仪·东皇太一
1004031,,1004031,荒宇生无极·东皇太一
1004036,,1004036,未来计划·黯帝修罗
1004037,,1004037,未来计划·暴君凯撒
1004043,,1004043,未来计划·嗜血狼王
1004048,,1004048,未来计划·噬魂夜王
1004050,,1004050,破虚空衍群龙·龙母
1004053,,1004053,惊鸿逐月·李白
1004057,,1004057,未来计划·神秘战无炎
1004060,,1004060,星辰造世·奇灵王
1004061,,1004061,混元合一·奇灵王
1004064,,1004064,空间魂梦·伊撒尔
1004073,,1004073,花间序·薇薇安
1004075,,1004075,光明之神·阿波罗
1004078,,1004078,绝对时空法则·王者时空王
1004083,,1004083,天堂创世之光·王者天使王
1004084,,1004084,无限神力·力量王
1004088,,1004088,时间故梦·王者伊撒尔
1004089,,1004089,超感猎手·枪神王
1004092,,1004092,真理之门·无冕之王
1004109,,1004109,十年の热血·魔焰吉拉
1004115,,1004115,通天神威·王者孙悟空
1004121,,1004121,十年の希望·终结兔
1004127,,1004127,GOD·无冕之王
1004128,,1004128,深渊之主·拉莱耶
1004132,,1004132,深渊の凝视·奈亚
1004138,,1004138,星河御月之流辉·望舒
1004141,,1004141,驭灵度众生·SP通灵王
1004151,,1004151,诸神至高王座·王者奥丁大帝
1004165,,1004165,九黎兵主·蚩尤
1004176,,1004176,飘渺绝尘·七星龙渊
1004182,,1004182,神谕天佑·圣王麒麟
1004186,,1004186,游龙回雪·金步摇
1004191,,1004191,终极未来计划·王牌战队
1004193,,1004193,彼岸永望·孟婆
1004196,,1004196,菩提本无树·SP瑠璃
1004197,,1004197,踏阙飞影·鱼肠
1004201,,1004201,烈焰天辉·菲尔
1004203,,1004203,不语奈何·知世
1004204,,1004204,帝刹穹天·至高龙尊
1004206,,1004206,吾即太阳·阿波罗
1004207,,1004207,月冕之曜·阿尔忒弥斯
1004212,,1004212,幽径拾光·达芙妮
1004216,,1004216,照世之澜·梅卡
1004217,,1004217,虚数重构·黛依
1004219,,1004219,黑暗未来计划·念
1004228,,1004228,天启新篇·梵天
1004245,,1004245,裂穹之斩·龙刃
1004248,,1004248,星轨圣裁之回响·传说羲和
1004249,,1004249,花晨月夕·传说洛羲
1004256,,1004256,崩坏·天使王
1004264,,1004264,灰烬熔芯·胜遇
1004266,,1004266,地隐微澜·小锦鲤
1004282,,1004282,凰诏天赦·烈焰凤凰
1004305,,1004305,华夏始祖·轩辕
1004310,,1004310,云墨苍生·玄霄
1004322,,1004322,轮回溯梦·传说伊撒尔
1004323,,1004323,神裁·奥天
1004327,,1004327,大道独行·SP天命王
1004329,,1004329,全知·律
1004352,,1004352,妖相百斩·SP洪荒无极
1004353,,1004353,应天·源
1004356,,1004356,群星之怒·上古星龙
1004366,,1004366,末世幽火悯·赫菲斯托斯
1004369,,1004369,断罪恕业·白夜叉
1004374,,1004374,绝对水域·王者梅卡
1004396,,1004396,武绝凌天·传说貘
1004411,,1004411,解构·王者世界
1004419,,1004419,血色神灾·暗黑雷帝神
1004424,,1004424,清辉朗月·王者望舒
1004427,,1004427,破晓棋局·无冕之王
1004457,,1004457,深渊意志·拉莱耶
1004867,,1004867,木之精灵王-可兰
1004872,,1004872,火之精灵王-菲尔
1004881,,1004881,圣窗余晖-米迦勒
1004882,,1004882,繁星余迹-路西法
1004909,,1004909,寰宇鎏金星河入怀-银河
1004910,,1004910,千古一帝-秦始皇嬴政
1004927,,1004927,浮生浮灭万意恒常-阿赖耶识
1004940,,1004940,齐天大圣-孙悟空
1004957,,1004957,剑影抚落忆-孙尚香
1004971,,1004971,阴阳割昏晓-天道无极
1005042,,1005042,圣树临辉光暗双耀-奇灵王
1013990,,1013990,无烬噩梦·伊撒尔
1014036,,1014036,未来计划·黯帝修罗
1014057,,1014057,未来计划·神秘战无炎
1014066,,1014066,未来计划·大妖神武月
1014206,,1014206,吾即太阳·阿波罗
1014207,,1014207,月冕之曜·阿尔忒弥斯
1014212,,1014212,幽径拾光·达芙妮
1014294,,1014294,三皇圣祖·伏羲
1014296,,1014296,斗战胜佛·传说孙悟空
1014337,,1014337,恶业轮回·魔君夜渊
1014342,,1014342,梵音净心·乾达婆
1014344,,1014344,黑蔷薇·莉莉丝
1014356,,1014356,群星之怒·上古星龙
1014457,,1014457,深渊意志·拉莱耶
1014541,,1014541,咏春意千秋魂·奇灵王
1014543,,1014543,千秋武魂·咏春
1014552,,1014552,万古龙魂·龍
1053923,,1053923,星辉时代·圣天伊
1053925,,1053925,星辉少女·小熊座
1053926,,1053926,辉煌城主·天龙座
1053928,,1053928,救世天幕·时空王
1053930,,1053930,绯红女王·大熊座
1053932,,1053932,天穹之君·仙王座
1053933,,1053933,星宇之姬·仙后座
1053936,,1053936,自由女王·拜伦
1053937,,1053937,末世樱剑舞·千夏
1053942,,1053942,光翼缔造者·创世星灵
1053943,,1053943,撒旦之子·魔域星君
1053946,,1053946,神之战鳞·枪魂应龙
1053947,,1053947,神之皇鳞·剑魂白泽
1053950,,1053950,无双剑意·剑帝修纳
1053951,,1053951,芳绯初樱·欧若拉
1053952,,1053952,天灾统领·巫妖王
1053953,,1053953,末世红镰闪·希尔瓦娜斯
1053954,,1053954,春晖神女·可兰
1053958,,1053958,神之审判·白天使王
1053959,,1053959,魔之禁锢·黑天使王
1053960,,1053960,花晨月夕·洛羲
1053963,,1053963,魔王·撒旦
1053966,,1053966,万王天谕·圣王麒麟
1053967,,1053967,万事如意·锦毛鼠
1053968,,1053968,星轨圣裁之回响·羲和
1053974,,1053974,日月轮回之龙息·帝俊
1053975,,1053975,万世龙尊·帝皇龙
1053976,,1053976,仁者无敌·湛卢
1053979,,1053979,真炎神君·菲尔
1053980,,1053980,四灵之主·苍穹圣龙
1053981,,1053981,东方灵兽·青龙
1053982,,1053982,南方灵兽·朱雀
1053983,,1053983,开天地创净土·盘古
1053984,,1053984,西方灵兽·白虎
1053985,,1053985,北方灵兽·玄武
1053986,,1053986,斗战胜佛·孙悟空
1053987,,1053987,浮光般若·炽寒天凤
1053988,,1053988,皆归四象·万灵王
1053990,,1053990,无烬噩梦·伊撒尔
1053991,,1053991,圣光守护·超时空王
1053992,,1053992,威震天下·太阿
1053998,,1053998,万物长·惊蛰
1053999,,1053999,第一真祖·黑翼王
1054000,,1054000,覆天之影·黑翼王
1054002,,1054002,第二真祖·露易丝
1054003,,1054003,百花绽·春分
1054004,,1054004,万神之王·宙斯
1054005,,1054005,万冥之主·哈迪斯
1054006,,1054006,雨纷纷·清明
1054008,,1054008,主天道御天下·乾坤
1054009,,1054009,四界共主·乾坤
1054011,,1054011,醉红颜·洛洛离
1054017,,1054017,知时节·雨水
1054020,,1054020,大道独行·天命王
1054021,,1054021,春光晓·谷雨
1054024,,1054024,龙诫诸天·阿修罗
1054025,,1054025,轮回溯梦·伊撒尔
1054026,,1054026,天启神君·梵天
1054027,,1054027,春晖暖·立春
1054029,,1054029,神国之主·奥丁大帝
1054033,,1054033,菩提本无树·瑠璃
1054034,,1054034,圣道御天·轩辕夏禹
1054037,,1054037,未来计划·暴君凯撒
1054038,,1054038,花未央·立夏
1054041,,1054041,源水风暴·梅卡
1054042,,1054042,星尊裁决·上古星龙
1054043,,1054043,未来计划·嗜血狼王
1054044,,1054044,正当时·小满
1054046,,1054046,龙魂永曜·龍
1054048,,1054048,未来计划·噬魂夜王
1054050,,1054050,破虚空衍群龙·龙母
1054052,,1054052,尊贵无双·纯钧
1054053,,1054053,惊鸿逐月·李白
1054056,,1054056,命运交响·亚当
1054057,,1054057,未来计划·神秘战无炎
1054058,,1054058,谷满尖·芒种
1054060,,1054060,星辰造世·奇灵王
1054064,,1054064,空间魂梦·伊撒尔
1054066,,1054066,未来计划·大妖神武月
1054067,,1054067,荷满塘·夏至
1054071,,1054071,万灵永恒·盖亚
1054075,,1054075,光明之神·阿波罗
1054078,,1054078,绝对时空法则·王者时空王
1054079,,1054079,无限星空·智慧王
1054083,,1054083,天堂创世之光·王者天使王
1054088,,1054088,时间故梦·王者伊撒尔
1054089,,1054089,超感猎手·枪神王
1054092,,1054092,真理之门·无冕之王
1054093,,1054093,武绝凌天·貘
1054094,,1054094,雁飞暮雪·王昭君
1054095,,1054095,相伴十载·初心未来
1054102,,1054102,傲凡尘启仙灵·女娲
1054103,,1054103,不虚藕霸·哪吒
1054109,,1054109,十年の热血·魔焰吉拉
1054110,,1054110,凉风至·立秋
1054115,,1054115,通天神威·王者孙悟空
1054117,,1054117,十年の梦想·古渊露龙
1054120,,1054120,梦幻绮丽之夜·羲和
1054121,,1054121,十年の希望·终结兔
1054122,,1054122,榴满枝·处暑
1054127,,1054127,GOD·无冕之王
1054128,,1054128,深渊之主·拉莱耶
1054129,,1054129,英霸之气·诸葛亮
1054132,,1054132,深渊の凝视·奈亚
1054135,,1054135,曙色幽·白露的幻影
1054138,,1054138,星河御月之流辉·望舒
1054141,,1054141,驭灵度众生·通灵王
1054145,,1054145,鸿蒙初启·洪荒王
1054146,,1054146,翩鸿引梦·御星璃
1054147,,1054147,桂盈梢·秋分
1054151,,1054151,诸神至高王座·王者奥丁大帝
1054152,,1054152,审判之枪·奥丁大帝
1054156,,1054156,妖相百斩·洪荒无极
1054165,,1054165,九黎兵主·蚩尤
1054166,,1054166,伐天堕神·刑天
1054168,,1054168,晓霜重·寒露
1054173,,1054173,金蕊繁·霜降
1054174,,1054174,十殿阎罗·地藏王
1054176,,1054176,飘渺绝尘·七星龙渊
1054179,,1054179,众神の意志·王者宙斯
1054183,,1054183,君临沧海·圣王麒麟
1054186,,1054186,游龙回雪·金步摇
1054191,,1054191,终极未来计划·王牌战队
1054193,,1054193,彼岸永望·孟婆
1054194,,1054194,今宵寒·立冬
1054197,,1054197,踏阙飞影·鱼肠
1054198,,1054198,琴语轻·小雪
1054199,,1054199,乱世英豪·吕布
1054203,,1054203,不语奈何·知世
1054204,,1054204,帝刹穹天·至高龙尊
1054210,,1054210,辉耀万世之光·阿波罗
1054212,,1054212,幽径拾光·达芙妮
1054215,,1054215,神枪镇山河·韩信
1054217,,1054217,虚数重构·黛依
1054218,,1054218,盼佳节·冬至
1054219,,1054219,黑暗未来计划·念
1054229,,1054229,生命礼赞·可兰
1054233,,1054233,零阶·愚者
1054236,,1054236,逆理·世界
1054238,,1054238,无畏·战车
1054241,,1054241,寄芳思·小寒
1054246,,1054246,魔神·以撒
1054256,,1054256,崩坏·天使王
1054259,,1054259,群星璀璨穹宇之巅·银河
1054264,,1054264,灰烬熔芯·胜遇
1054266,,1054266,地隐微澜·小锦鲤
1054267,,1054267,牛气冲天·牛魔王
1054276,,1054276,天与海的誓言·梦
1054282,,1054282,凰诏天赦·烈焰凤凰
1054283,,1054283,无瑕·女祭司
1054292,,1054292,绝望·尼德霍格
1054293,,1054293,圣剑之佑·白羽公主的幻影
1054294,,1054294,三皇圣祖·伏羲
1054295,,1054295,逆天·孙悟空
1054296,,1054296,斗战胜佛·传说孙悟空
1054297,,1054297,罔相仪形·蜃龙
1054306,,1054306,救世天幕·传说时空王
1054308,,1054308,育灵天地间·王者女娲
1054312,,1054312,无上·主祭
1054313,,1054313,日月曜重光·盘古
1054315,,1054315,后土圣女·岁岁祈
1054317,,1054317,圣降·元初之天
1054323,,1054323,神裁·奥天
1054329,,1054329,全知·律
1054335,,1054335,权御万界·天帝昊天
1054337,,1054337,恶业轮回·魔君夜渊
1054342,,1054342,梵音净心·乾达婆
1054343,,1054343,掌混沌终因果·卡奥斯
1054344,,1054344,黑蔷薇·莉莉丝
1054353,,1054353,应天·源
1054355,,1054355,星神誓约·星魔
1054356,,1054356,群星之怒·上古星龙
1054357,,1054357,瀚空碧海之辰·上古星龙
1054359,,1054359,遨游星辰间·龙母
1054363,,1054363,希望龙神·厄尔庇斯
1054364,,1054364,苍雷怒涛·风暴龙
1054367,,1054367,神域初晓之刻·王者龙母
1054368,,1054368,无界·隐者
1054374,,1054374,绝对水域·王者梅卡
1054376,,1054376,传世经典·景泰蓝
1054383,,1054383,潜龙在渊·帝皇龙
1054384,,1054384,神龙佑世·帝皇龙
1054391,,1054391,冥夜瞬影·王者黑翼王
1054398,,1054398,巨神撼世·骸
1054405,,1054405,无尽·命运之轮
1054411,,1054411,解构·王者世界
1054412,,1054412,尔等为臣·女帝
1054418,,1054418,旧约断罪书·撒迦利亚
1054419,,1054419,血色神灾·暗黑雷帝神
1054428,,1054428,泰坦巨神王·普罗米修斯
1054431,,1054431,至高冠冕之谕·真理之后
1054442,,1054442,赤焰星芒·王者菲尔
1054443,,1054443,深潜者·克拉肯
1054446,,1054446,梦幻云端之忆·梦
1054447,,1054447,特别邀约·梦
1054453,,1054453,神诫·宙斯
1054454,,1054454,缠绕者·利维坦
1054456,,1054456,混沌之子·厄瑞玻斯
1054457,,1054457,深渊意志·拉莱耶
1054463,,1054463,轮回の终焉·奈亚
1054475,,1054475,神权规诫准则·吉尔伽美什
1054476,,1054476,浅樱铃音·欧若拉
1054480,,1054480,未来计划·传说圣修暗凯帝
1054481,,1054481,碧水柔波·西施
1054482,,1054482,繁星流转宇宙生灭·银河
1054484,,1054484,暗物质创世母神·提亚玛特
1054486,,1054486,星宇之噬·银河
1054495,,1054495,命运福音·亚当
1054497,,1054497,逆转未来·光明英雄
1054498,,1054498,星夜轻舞·小熊座
1054504,,1054504,未来计划·传说冥夜君狼王
1054507,,1054507,圣祷安魂曲·露易丝
1054509,,1054509,娑罗幻灭·念空
1054510,,1054510,无妄·恶魔
1054514,,1054514,夺命魔弹·枪神王
1054516,,1054516,苍月之剑·月下绯
1054519,,1054519,自然庇护·盖亚
1054525,,1054525,无垢幻境·白皇星焰
1054528,,1054528,红颜傲骨·穆桂英
1054530,,1054530,燃愿之念·温妮
1054531,,1054531,无解·塔
1054538,,1054538,龙啸奥义·龙皇辉斗
1054541,,1054541,咏春意千秋魂·奇灵王
1054542,,1054542,咏春传承·奇灵王
1054543,,1054543,千秋武魂·咏春
1054545,,1054545,至诚之心·卡亚
1054553,,1054553,朱染雀羽·雀皇紫辰
1054555,,1054555,直抵未来之辰星·梵天
1054567,,1054567,阴阳合一·天道无极
1054568,,1054568,多闻北尊·混元
1054570,,1054570,增长南尊·青云
1054571,,1054571,持国东尊·碧玉
1054575,,1054575,无量乐土·末那
1054577,,1054577,宿命之尘·尘纱
1054582,,1054582,横扫沧海·龙太子
1054584,,1054584,天道秩序之尊·乾坤
1054591,,1054591,我欲齐天·孙悟空
1054593,,1054593,醉心梅开·洛洛离
1054602,,1054602,虎虎生威·寅抚
1054611,,1054611,熵寂·愚者
1054624,,1054624,天与海的誓言·SP梦
1054627,,1054627,青锋飒沓·鱼肠
1054634,,1054634,噬神者·柏拉图
1054643,,1054643,虚空权能之神·格劳孔
1054644,,1054644,纯白之灾厄·海蒂拉玛
1054645,,1054645,剑舞轻别离·孙尚香
1054648,,1054648,灾厄救世主·海蒂拉玛
1054654,,1054654,天地开辟诸界降诞·盘古
1054655,,1054655,鏖战尘世·盘古
1054656,,1054656,山岳赋·岁岁祈
1054659,,1054659,轻云敝月众生随·女娲
1054667,,1054667,山海玄女·须须罗
1054674,,1054674,剑挽沧溟·梅卡
1054679,,1054679,太阳神的庇护·阿波罗
1054688,,1054688,曲终盼相逢·貂蝉
1054691,,1054691,天道帝威·帝释天
1054699,,1054699,幽夜蝶舞·夜兰
1054709,,1054709,纯白之羽·米迦勒
1054710,,1054710,漆黑之翼·路西法
1054715,,1054715,魈鬼破势·白夜叉
1054736,,1054736,不染尘·瑠璃
1054744,,1054744,太极之源·太初
1054752,,1054752,臣服于我·女帝
1054768,,1054768,轮回女神·梅比乌斯
1054770,,1054770,萌妹主播·车厘子
1054782,,1054782,漫天樱落·欧若拉
1054807,,1054807,贤者的悲歌·L
1054822,,1054822,罪域裁决龙神·撒迦利亚
1054827,,1054827,倾城之舞·杨玉环
1054831,,1054831,多元·愚者
1054833,,1054833,陨尘造物星神主·星尘
1054840,,1054840,重构·世界
1054845,,1054845,太古龙威·明王
1054853,,1054853,烽火赤壁·周瑜
1054854,,1054854,破灭龙音·龙族大法师
1054866,,1054866,光启精灵王-伊撒尔
1054867,,1054867,木之精灵王-可兰
1054868,,1054868,净化之光-拉克丝
1054869,,1054869,梦幻之光-罗塔纱
1054870,,1054870,水之精灵王-梅卡
1054871,,1054871,光启时代-圣天伊
1054872,,1054872,火之精灵王-菲尔
1054874,,1054874,暗月千面-艾琳
1054875,,1054875,守护之光-米垭
1054879,,1054879,神羽曙光-奥天
1054880,,1054880,重枪风暴-合金猛将
1054881,,1054881,圣窗余晖-米迦勒
1054882,,1054882,繁星余迹-路西法
1054883,,1054883,绝代兵神-韩信
1054884,,1054884,神峰圣护-山脉之魂
1054890,,1054890,幽冥主宰-哈迪斯
1054891,,1054891,怒海狂潮-金刚库巴
1054892,,1054892,猩红序曲-露易丝
1054893,,1054893,绿叶咆哮-棕叶战熊
1054899,,1054899,生命使徒-瓦利
1054909,,1054909,寰宇鎏金星河入怀-银河
1054910,,1054910,千古一帝-秦始皇嬴政
1054911,,1054911,无我之境-力量王
1054916,,1054916,陨星-愚者
1054917,,1054917,福瑞降人间-圣王麒麟
1054920,,1054920,圣宇星轨时扉之光-羲和
1054921,,1054921,GOD-无冕之王
1054922,,1054922,GOD-无冕之王
1054923,,1054923,解构万物之眼-赫耳墨斯
1054924,,1054924,解构万物之眼-赫耳墨斯
1054925,,1054925,执掌因果万世轮回-帝俊
1054926,,1054926,瑞兔赐福-卯小兔
1054927,,1054927,浮生浮灭万意恒常-阿赖耶识
1054939,,1054939,旃檀功德-唐三藏
1054940,,1054940,齐天大圣-孙悟空
1054941,,1054941,德安万世-唐太宗李世民
1054942,,1054942,天蓬元帅-猪八戒
1054945,,1054945,众里寻他千百度-梦
1054946,,1054946,众生乐土万灵随行-末那
1054947,,1054947,海枯之心-白京京
1054952,,1054952,谪仙剑无双-李白
1054953,,1054953,暗能涌动星海创生-提亚玛特
1063954,,1063954,春晖神女·可兰
1063979,,1063979,真炎神君·菲尔
1064041,,1064041,源水风暴·梅卡
1093435,,1093435,[白灵圣君]狼王
1314867,,1314867,木之精灵王-可兰
1314870,,1314870,水之精灵王-梅卡
1314872,,1314872,火之精灵王-菲尔
2014866,,2014866,光启精灵王-伊撒尔
2014867,,2014867,木之精灵王-可兰
2014868,,2014868,净化之光-拉克丝
2014869,,2014869,梦幻之光-罗塔纱
2014870,,2014870,水之精灵王-梅卡
2014871,,2014871,光启时代-圣天伊
2014872,,2014872,火之精灵王-菲尔
2014874,,2014874,暗月千面-艾琳
2014875,,2014875,守护之光-米垭
2014879,,2014879,神羽曙光-奥天
2014880,,2014880,重枪风暴-合金猛将
2014881,,2014881,圣窗余晖-米迦勒
2014890,,2014890,幽冥主宰-哈迪斯
2014891,,2014891,怒海狂潮-金刚库巴
2014892,,2014892,猩红序曲-露易丝
2014893,,2014893,绿叶咆哮-棕叶战熊
2014898,,2014898,永恒源晶裁决之龙-阿卜苏
2014899,,2014899,生命使徒-瓦利
2014909,,2014909,寰宇鎏金星河入怀-银河
2014910,,2014910,千古一帝-秦始皇嬴政
2014911,,2014911,无我之境-力量王
2014916,,2014916,陨星-愚者
2014920,,2014920,圣宇星轨时扉之光-羲和
2014921,,2014921,GOD-无冕之王
2014922,,2014922,GOD-无冕之王
2014925,,2014925,执掌因果万世轮回-帝俊
2014926,,2014926,瑞兔赐福-卯小兔
2014927,,2014927,浮生浮灭万意恒常-阿赖耶识
2014939,,2014939,旃檀功德-唐三藏
2014940,,2014940,齐天大圣-孙悟空
2014941,,2014941,德安万世-唐太宗李世民
2014945,,2014945,众里寻他千百度-梦
2014947,,2014947,海枯之心-白京京
2014955,,2014955,凛冬之意-瓦格纳
2014957,,2014957,剑影抚落忆-孙尚香
2014959,,2014959,三位一体-至尊精灵王
2014960,,2014960,卷帘大将-沙悟净
2014964,,2014964,深渊安魂曲-奈亚
2014965,,2014965,天道暗御-阴
2014967,,2014967,踏阴阳定荒宇-东皇太一
2014969,,2014969,天道曜护-阳
2014971,,2014971,阴阳割昏晓-天道无极
2014973,,2014973,霜佑北境-帕里斯
2014977,,2014977,千山落樱之辉-夜樱
2014978,,2014978,荷风引水色-瑠璃
2014980,,2014980,月魄孤影-神武月
2014987,,2014987,神炎日冕-战无炎
2014994,,2014994,至圣神王裁决-奥丁大帝
2014995,,2014995,源星之归引-上古星龙
2014996,,2014996,深渊穿梭者-律
2014999,,2014999,救世的执妄愚人-公爵
2015001,,2015001,守护众生之愿-瓦尔基里
2015007,,2015007,永劫破灭混沌至尊-卡奥斯
2015009,,2015009,枯骨之花-莉莉丝
2015019,,2015019,创灵众生-通灵王
2015020,,2015020,白灵之尊-狼王
2015021,,2015021,万世独霸龙族至尊-帝皇龙
2015023,,2015023,倾世之寒-始祖冰龙
2015026,,2015026,雅克守护者-神罗麦提
2015030,,2015030,破虚空衍群龙-龙母
2015031,,2015031,破碎虚实之境-虚空龙灵
2015033,,2015033,龙族新歌-玲玲珑
2015042,,2015042,圣树临辉光暗双耀-奇灵王
2015050,,2015050,春晖神女-可兰
2015054,,2015054,希望永存世间-潘多拉
2015055,,2015055,天国守护者-白天使王
2015056,,2015056,黑暗之翼-黑天使王
2015064,,2015064,沧海遗珠-沫夏
2015074,,2015074,睥睨众臣-女帝
2015082,,2015082,深渊之契-绮美拉
2015083,,2015083,绝影蚀月-黑翼王
2015084,,2015084,幽冥千炼-鬼墨无忧
2015087,,2015087,武绝凌天-貘
2015093,,2015093,棋临无间-无冕之王
2015096,,2015096,冥骸蚀暗-阿修罗
2015105,,2015105,王者加冕-黄金圣天伊
2015111,,2015111,无垠-愚者
2015112,,2015112,陨灭-世界
2015114,,2015114,博物馆奇妙夜-梁龙
2015118,,2015118,邃古凌苍-日月战武神
2015121,,2015121,混沌恩赐-厄瑞玻斯
2015124,,2015124,鸣劫制裁-雷霆青龙
2015130,,2015130,漆夜破空之刃-使者
2015131,,2015131,漆漆-使者
2015136,,2015136,万王天谕-圣王麒麟
2015137,,2015137,天地惊弦-六龙圣王
2015142,,2015142,圣魂觉醒-伊撒尔
2015143,,2015143,时序之光-洛羲
2015147,,2015147,绝天穿梭之界-时空王
2015153,,2015153,神威重壁-惊涛玄武
2015154,,2015154,圣铃妙音众识浮沉-阿赖耶识
2015162,,2015162,真炎神君-菲尔
2015163,,2015163,傲凡尘启仙灵-女娲
2015164,,2015164,妙笔创生绘世-女娲
2015171,,2015171,伊甸园的余晖-亚当
2015174,,2015174,超越纪元的新生-海蒂拉玛
2015178,,2015178,玄墨藏锋-龙宵
2015182,,2015182,源水风暴-梅卡
2015183,,2015183,在水一方-西施
2015187,,2015187,星宇之隙穹宙之辉-银河
2015188,,2015188,万神之王-宙斯
2015193,,2015193,黄泉归引-孟婆
2015196,,2015196,造自然耀万物-盖亚
2015198,,2015198,蜀汉霸业-汉昭烈帝刘备
2015199,,2015199,自然恩赐-薇薇安
2015203,,2015203,恶魔之主-撒旦
2015206,,2015206,始祖大天使-尼斯洛克
2015208,,2015208,夜与月的蔷薇-夜兰
2015214,,2015214,绝望噬影-尼德霍格
2015215,,2015215,童话小屋-可爱猫咪
2015217,,2015217,神兽尊主-苍穹圣龙
2015219,,2015219,破天之黑刃-凯撒
2015225,,2015225,异界史诗-渡
2015226,,2015226,异界史诗-渡（不朽者）
2015227,,2015227,征战之旅-神都王
2015228,,2015228,讨伐之旅-勇者
2015229,,2015229,求索之旅-终焉魔女
2015230,,2015230,狂肆之旅-邪神
2015231,,2015231,葬魂曲-死神弥尔
2015235,,2015235,瞰世之棘-亘古树灵
2015240,,2015240,霜寒冰域-上古龙女
2015241,,2015241,炽天炎境-上古龙女
2015247,,2015247,天道秩序诸界主宰-乾坤
2015253,,2015253,爱与美的赞歌-维纳斯
2015254,,2015254,大道无名-天命王
2015257,,2015257,天穹苍翼-圣修暗凯帝
2015258,,2015258,魔神再临-以撒
2015259,,2015259,赤月刀姬-曰
2015262,,2015262,冰与火之舞-炽寒天凤
2015265,,2015265,永恒炽阳-神阿波罗
2015272,,2015272,创世织梦之眷-赫耳墨斯
2015275,,2015275,如星永伴长夜-梦
2015281,,2015281,九霄帝姬-巫山神女
2015289,,2015289,破晓圣光-白羽公主
2015291,,2015291,原初骑士-洛兰
2015293,,2015293,横扫三界-孙悟空
2015295,,2015295,永夜之主-夜王
2015299,,2015299,幻世镜梦-谴
2015301,,2015301,长夜墟渊-烛龙
2015304,,2015304,超界奇迹-龙星诺
2015307,,2015307,浮士德-归零者
2015310,,2015310,幻海奇迹-水星诺
2015314,,2015314,青山沐日天地无疆-盘古
2015316,,2015316,梵星音律-乾达婆
2015317,,2015317,日曜奇迹-太阳星诺
2015318,,2015318,月辉奇迹-月亮星诺
2015324,,2015324,星启万象-智慧王
2015326,,2015326,苍森奇迹-木星诺
2015327,,2015327,次元守护-伊撒尔
2015330,,2015330,诺言之神-星诺玛
2015332,,2015332,金翅神羽-迦楼罗
2015333,,2015333,星光奇迹-圣灵星诺
2015336,,2015336,群星守护寰宇光辉-神银河
2015337,,2015337,暗宇之质万物之初-提亚玛特
2015339,,2015339,魂之缚-奇诺
2015344,,2015344,创世罪裁龙神-撒迦利亚
2015345,,2015345,晨光樱语-欧若拉
2015346,,2015346,凰权天下-帝女夙
2015347,,2015347,审判命运之战-奥丁大帝
2015351,,2015351,神国圣赐之羽-弗丽嘉
2015352,,2015352,万物之美繁荣之源-芙蕾雅
2015353,,2015353,诸天神通-帝释天
2015358,,2015358,王权断罪之章-吉尔伽美什
2015360,,2015360,混沌寂烬-厄瑞玻斯
2015361,,2015361,苍松剑意-干将
2015364,,2015364,混沌始源万物终湮-卡奥斯
2015365,,2015365,生于哀骨之花-莉莉丝
2015370,,2015370,尼伯龙根之主-法芙娜
2015371,,2015371,深渊缠绕者-利维坦
2015376,,2015376,晖光轮回女神-梅比乌斯
2015379,,2015379,吾即深渊-拉莱耶
2015380,,2015380,吾即深渊-拉莱耶（支配者）
2015381,,2015381,吾即深渊-拉莱耶（真神）
2015382,,2015382,绝望轮回女神-梅比乌斯
2015391,,2015391,寰宇皆臣-女帝
2015397,,2015397,终末的残响-奈亚
2015400,,2015400,审神律理-无冕之王
2015402,,2015402,断海沧澜-龙太子
2015413,,2015413,逐光深坠-克希拉
2015427,,2015427,寒夜破晓之刃-使者
2015428,,2015428,千里踏燕-鱼肠
2015431,,2015431,九柱神临缔世碑火-阿蒙王
2015433,,2015433,神威地龙-摩罗迦
2015438,,2015438,墟尽神临之噬-赫耳墨斯
2015439,,2015439,噬界傀人-赫耳墨斯
2015443,,2015443,星芒圣佑-创世星灵
2015444,,2015444,孤影剑界-苏铁
2015446,,2015446,圣火炽天使-塞勒芙
2015450,,2015450,圣裁座天使-奥菲妮
2015451,,2015451,剑影迷踪-承影
2015453,,2015453,孤胆英雄-赵云
2015457,,2015457,吾即永恒-阿卜苏
2015458,,2015458,圣律智天使-姬露比
2015464,,2015464,万序之启-源
2015467,,2015467,灵骸烬染之潮-夜樱
2015468,,2015468,月影映夜斓-夜樱
2015474,,2015474,浮游天地乘风去-逍遥
2015475,,2015475,瑶琴迷阵-诸葛亮
2015488,,2015488,黑翎之妄朽界之暗-梵天
2015493,,2015493,天启纪元缔世圣冕-梵天
2015494,,2015494,横戟破军-吕布
2015502,,2015502,神行至尊-玄皇耀凌
2015504,,2015504,原初灵械-SR原型机
2015505,,2015505,复生者-帕克
2015512,,2015512,全维衍化之钥-阿比斯
2015513,,2015513,血月之引-露易丝
2015526,,2015526,圣仪临世-烈焰凤凰
2015527,,2015527,一剑封魂-白夜叉
2015532,,2015532,穹星创迹苍宇生辉-银河
2015533,,2015533,幽冥奇迹-黑星诺
2015539,,2015539,空寂无尘万法唯心-阿赖耶识
2015540,,2015540,统界神权王者-帝皇龙
2015544,,2015544,绯龙之契源晶之辉-阿卜苏
2015545,,2015545,蛇影魔瞳-美杜莎
2015546,,2015546,蛇年纪念-小星诺
2015552,,2015552,星冕-愚者
2015556,,2015556,凝尘造界之星神-星尘
2015561,,2015561,龙吟瑞雪-圣王麒麟
2015562,,2015562,悟道成佛-孙悟空
2015564,,2015564,一桥一诺一相逢-梦
2015572,,2015572,忘川送魂-孟婆
2015574,,2015574,幽泉使者-孟婆
2015577,,2015577,飞剑游云-湛卢
2015578,,2015578,神霆点苍-奇灵王
2015579,,2015579,纵马引弓巾帼志-孙尚香
2015580,,2015580,全知与曦光-密涅瓦x潘多拉
2015581,,2015581,全知与曦光-密涅瓦x潘多拉
2015588,,2015588,曙天煌翼-修罗
2015590,,2015590,时序永前万境永在-时空王
2015597,,2015597,日辉月影之扉-羲和
2015598,,2015598,虚堕之君王-贝利亚尔
2015607,,2015607,荒原苍焰-狼王
2015614,,2015614,不朽龙主-巴哈姆特
2015616,,2015616,欲金之君王-撒共姆
2015622,,2015622,创界悯世之颂祷-龙母
2015623,,2015623,七罪圣裁-伊撒尔
2015627,,2015627,棋谕万象之冠-真理之后
2015632,,2015632,魅魇之惑-始祖影龙
2015640,,2015640,万理炽天使-K
2015644,,2015644,光穹永耀之辉-天使王
2015645,,2015645,预命之君王-瓦沙克
2015652,,2015652,星誓交响之律-星诺玛
2015654,,2015654,终极王者-王牌战队
2015656,,2015656,东方秘毒-夹竹桃
2015657,,2015657,纪元初光之回响-圣天伊
2015659,,2015659,雪域圣主-冰雪女皇
2015663,,2015663,诡匿之君王-巴拉姆
2015671,,2015671,东方秘毒-绝情丹
2015672,,2015672,宙域终律-上古星龙
2015673,,2015673,宙域终律-上古星龙（星神之躯）
2015680,,2015680,天地之始祖-盘古
2015685,,2015685,日月时境御主-羲和
2015686,,2015686,山河息壤-岁岁祈
2015689,,2015689,纪元弈主-无冕之王
2015691,,2015691,灾变之君王-拜恩
2015693,,2015693,世外录-天女
2015705,,2015705,解离森罗之瞳-赫耳墨斯
2015713,,2015713,无尽轮回此间永恒-梅比乌斯
2015717,,2015717,暗潮星漩创界之渊-提亚玛特
2015719,,2015719,白翼破晓-自由之神
2015723,,2015723,纪元至高之引-海蒂拉玛
2015724,,2015724,渊秘之君王-派蒙
2015725,,2015725,穹光之拥-姬露比
2015731,,2015731,绯鳞审判永恒龙辉-阿卜苏
2015732,,2015732,苍蓝之断-奥菲妮
2015736,,2015736,逆神意志-GOD无冕之王
2015737,,2015737,GOD
2015749,,2015749,诱火之君王-阿斯摩太
2015762,,2015762,虚环-愚者
2015769,,2015769,启界骑士-洛兰
2015772,,2015772,愿光守夜之华-阿格蕾亚
2015779,,2015779,深渊的回音-奈亚
2015798,,2015798,众神之尊-宙斯
2015805,,2015805,灼天​燎宇-上古龙女
2015831,,2015831,黑暗丰穰-莎布
2024892,,2024892,猩红序曲-露易丝
2024898,,2024898,永恒源晶裁决之龙-阿卜苏
2024925,,2024925,执掌因果万世轮回-帝俊
2025021,,2025021,万世独霸龙族至尊-帝皇龙
2025030,,2025030,破虚空衍群龙-龙母
2025055,,2025055,天国守护者-白天使王
2025087,,2025087,武绝凌天-貘
2025105,,2025105,王者加冕-黄金圣天伊
2025121,,2025121,混沌恩赐-厄瑞玻斯
2025152,,2025152,极乐欲界天魔主-波旬
2025154,,2025154,圣铃妙音众识浮沉-阿赖耶识
2025163,,2025163,傲凡尘启仙灵-女娲
2025171,,2025171,伊甸园的余晖-亚当
2025174,,2025174,超越纪元的新生-海蒂拉玛
2025188,,2025188,万神之王-宙斯
2025231,,2025231,葬魂曲-死神弥尔
2025241,,2025241,炽天炎境-上古龙女
2025265,,2025265,永恒炽阳-神阿波罗
2025330,,2025330,诺言之神-星诺玛
2025332,,2025332,金翅神羽-迦楼罗
2025336,,2025336,群星守护寰宇光辉-神银河
2025344,,2025344,创世罪裁龙神-撒迦利亚
2025347,,2025347,审判命运之战-奥丁大帝
2025353,,2025353,诸天神通-帝释天
2025488,,2025488,黑翎之妄朽界之暗-梵天
2025493,,2025493,天启纪元缔世圣冕-梵天
2025526,,2025526,圣仪临世-烈焰凤凰
2025532,,2025532,穹星创迹苍宇生辉-银河
2025552,,2025552,星冕-愚者
2025556,,2025556,凝尘造界之星神-星尘
2025576,,2025576,吞天黑潮-凯撒
2025578,,2025578,神霆点苍-奇灵王
2025594,,2025594,砂海栖心-洛羲
2025597,,2025597,日辉月影之扉-羲和
2025614,,2025614,不朽龙主-巴哈姆特
2025622,,2025622,创界悯世之颂祷-龙母
2025644,,2025644,光穹永耀之辉-天使王
2025645,,2025645,预命之君王-瓦沙克
2034898,,2034898,永恒源晶裁决之龙-阿卜苏
2035112,,2035112,陨灭-世界
2035235,,2035235,瞰世之棘-亘古树灵
2035247,,2035247,天道秩序诸界主宰-乾坤
2035265,,2035265,永恒炽阳-神阿波罗
2035314,,2035314,青山沐日天地无疆-盘古
2035316,,2035316,梵星音律-乾达婆
2035332,,2035332,金翅神羽-迦楼罗
2035336,,2035336,群星守护寰宇光辉-神银河
2035439,,2035439,噬界傀人-赫耳墨斯
2035457,,2035457,吾即永恒-阿卜苏
2035488,,2035488,黑翎之妄朽界之暗-梵天
2035502,,2035502,神行至尊-玄皇耀凌
2035588,,2035588,曙天煌翼-修罗
2035614,,2035614,不朽龙主-巴哈姆特
2035689,,2035689,纪元弈主-无冕之王
2035705,,2035705,解离森罗之瞳-赫耳墨斯
2035713,,2035713,无尽轮回此间永恒-梅比乌斯
2035724,,2035724,渊秘之君王-派蒙
2035736,,2035736,逆神意志-GOD无冕之王
2035755,,2035755,无竭命核-渡（不朽者）
2035762,,2035762,虚环-愚者
2035779,,2035779,深渊的回音-奈亚
2035791,,2035791,深渊星阶-律
2035805,,2035805,灼天​燎宇-上古龙女
2035806,,2035806,冥霆之君王-巴尔
2035831,,2035831,黑暗丰穰-莎布
2135806,,2135806,冥霆之君王-巴尔
6014882,,6014882,繁星余迹-路西法
10124043,,10124043,未来计划·嗜血狼王
10124048,,10124048,未来计划·噬魂夜王
10134057,,10134057,未来计划·神秘战无炎
10594119,,10594119,扉之光时之晖·王者羲和
